Timestamp,Mean_PSD_dB,SNR_dB,PU_Present
1762947040.711047,-12.086169242858887,11.58037281036377,1
1762947040.7124462,-12.260815620422363,12.311057090759277,1
1762947040.7134552,-14.307014465332031,13.342269897460938,1
1762947040.7194538,-12.233195304870605,12.579697608947754,1
1762947040.7209594,-14.1633882522583,13.452488899230957,1
1762947040.727964,-11.767887115478516,13.131444931030273,1
1762947040.7379637,-11.688359260559082,12.929526329040527,1
1762947040.7529645,-15.036602973937988,11.8532075881958,1
1762947040.784097,-15.021307945251465,11.849719047546387,1
1762947040.8164914,-14.713786125183105,11.805214881896973,1
1762947040.8490155,-14.7537841796875,12.500221252441406,1
1762947040.881125,-14.490118980407715,13.010342597961426,1
1762947040.913032,-14.635971069335938,13.704626083374023,1
1762947040.9445128,-14.274767875671387,11.579806327819824,1
1762947040.9771364,-14.3782320022583,13.026009559631348,1
1762947041.0090804,-14.50234603881836,14.162273406982422,1
1762947041.0410652,-14.972969055175781,14.349872589111328,1
1762947041.0726144,-14.328194618225098,12.293105125427246,1
1762947041.1044784,-14.22826099395752,13.086739540100098,1
1762947041.1365795,-15.18397045135498,12.639830589294434,1
1762947041.1691356,-15.197380065917969,12.790271759033203,1
1762947041.200423,-14.629910469055176,14.001656532287598,1
1762947041.2332468,-14.310896873474121,11.766961097717285,1
1762947041.259816,-15.219347953796387,12.293965339660645,1
1762947041.290711,-15.162808418273926,12.165396690368652,1
1762947041.3280914,-14.830307960510254,12.599555015563965,1
1762947041.353871,-14.861973762512207,12.774277687072754,1
1762947041.385151,-15.858769416809082,13.639525413513184,1
1762947041.422236,-15.964436531066895,13.99138355255127,1
1762947041.457384,-15.150574684143066,13.506308555603027,1
1762947041.4852889,-15.674830436706543,12.90767765045166,1
1762947041.5129316,-16.493261337280273,13.736774444580078,1
1762947041.5527616,-14.866789817810059,12.699822425842285,1
1762947041.5764444,-14.81915283203125,13.616891860961914,1
1762947041.6082535,-15.377341270446777,12.433192253112793,1
1762947041.6401618,-14.239517211914062,12.924919128417969,1
1762947041.671873,-14.131726264953613,12.389286994934082,1
1762947041.7033741,-14.663960456848145,13.656828880310059,1
1762947041.735052,-14.096209526062012,13.034111976623535,1
1762947041.7762065,-13.694965362548828,13.157354354858398,1
1762947041.8087828,-13.698982238769531,11.911495208740234,1
1762947041.8295941,-13.729487419128418,12.817599296569824,1
1762947041.872527,-13.221867561340332,13.711226463317871,1
1762947041.9046633,-13.355125427246094,12.645980834960938,1
1762947041.924362,-12.894706726074219,14.106870651245117,1
1762947041.9629848,-13.029623985290527,13.94690990447998,1
1762947041.9998674,-12.331298828125,14.788021087646484,1
1762947042.0237122,-12.124977111816406,13.413055419921875,1
1762947042.0513573,-11.972987174987793,13.70076847076416,1
1762947042.0970893,-11.944079399108887,14.083935737609863,1
1762947042.123894,-11.976409912109375,12.843229293823242,1
1762947042.1469467,-11.46117877960205,12.487229347229004,1
1762947042.1924593,-11.995574951171875,13.3497314453125,1
1762947042.2239003,-11.992091178894043,14.785479545593262,1
1762947042.2422276,-11.423857688903809,13.326889991760254,1
1762947042.2752879,-12.113102912902832,12.454621315002441,1
1762947042.3052933,-11.53840160369873,13.740410804748535,1
1762947042.352795,-11.909198760986328,14.393899917602539,1
1762947042.3838532,-11.703877449035645,14.400731086730957,1
1762947042.4160962,-11.517045021057129,13.33582592010498,1
1762947042.4478838,-11.571839332580566,12.607556343078613,1
1762947042.4800653,-11.760444641113281,13.865625381469727,1
1762947042.5117087,-10.79304027557373,14.009364128112793,1
1762947042.5435293,-11.00680923461914,14.243539810180664,1
1762947042.5754316,-10.844380378723145,13.894606590270996,1
1762947042.6074245,-10.641560554504395,14.131709098815918,1
1762947042.6406853,-11.143399238586426,13.325655937194824,1
1762947042.6701984,-11.227084159851074,13.672287940979004,1
1762947042.7017508,-11.240715980529785,13.129528999328613,1
1762947042.7370229,-11.400752067565918,13.800881385803223,1
1762947042.7673373,-11.225537300109863,13.2575044631958,1
1762947042.8004086,-10.93014144897461,12.845319747924805,1
1762947042.8312964,-11.256978034973145,14.03185749053955,1
1762947042.863307,-11.04175853729248,12.929972648620605,1
1762947042.8952465,-11.529072761535645,12.911992073059082,1
1762947042.9280975,-10.983531951904297,13.117652893066406,1
1762947042.957547,-11.587798118591309,14.037714958190918,1
1762947042.9865546,-11.64887523651123,13.761981010437012,1
1762947043.018637,-11.576939582824707,13.393288612365723,1
1762947043.0507607,-11.256988525390625,13.310932159423828,1
1762947043.0830848,-11.055403709411621,13.17995548248291,1
1762947043.119164,-11.162795066833496,13.073456764221191,1
1762947043.1468217,-10.87098217010498,12.847413063049316,1
1762947043.1816616,-11.077771186828613,13.919438362121582,1
1762947043.2165437,-11.15500545501709,13.738358497619629,1
1762947043.241627,-10.774651527404785,13.556952476501465,1
1762947043.2770686,-11.086348533630371,14.477385520935059,1
1762947043.3107762,-10.928840637207031,13.646709442138672,1
1762947043.3441112,-10.851075172424316,13.02392292022705,1
1762947043.3754864,-10.871162414550781,14.59908676147461,1
1762947043.4070132,-10.594672203063965,13.979426383972168,1
1762947043.4389384,-10.712496757507324,12.92693042755127,1
1762947043.472608,-10.485333442687988,13.065308570861816,1
1762947043.504946,-10.333205223083496,13.236527442932129,1
1762947043.5332634,-10.464920997619629,13.649094581604004,1
1762947043.5628905,-10.20044994354248,12.794909477233887,1
1762947043.5898845,-10.180341720581055,13.78875732421875,1
1762947043.632691,-10.025810241699219,13.105632781982422,1
1762947043.6536493,-9.751522064208984,13.52410888671875,1
1762947043.6855018,-9.816576957702637,14.243149757385254,1
1762947043.7260325,-9.85097599029541,12.888405799865723,1
1762947043.7536309,-9.909253120422363,13.708413124084473,1
1762947043.780764,-9.93410873413086,14.737298965454102,1
1762947043.8169243,-9.831233978271484,13.998403549194336,1
1762947043.8551607,-9.9158935546875,13.369987487792969,1
1762947043.8758414,-9.804038047790527,14.191361427307129,1
1762947043.9072814,-9.843436241149902,13.61274242401123,1
1762947043.9394007,-10.127924919128418,14.05024242401123,1
1762947043.982734,-9.998250961303711,13.993661880493164,1
1762947044.013972,-10.21866226196289,13.99201774597168,1
1762947044.0488098,-10.244593620300293,14.211256980895996,1
1762947044.074817,-10.029274940490723,13.640057563781738,1
1762947044.0996397,-9.896600723266602,14.013776779174805,1
1762947044.1314862,-9.989815711975098,13.406500816345215,1
1762947044.1749442,-9.723215103149414,13.256917953491211,1
1762947044.2080278,-9.700155258178711,14.456478118896484,1
1762947044.2293632,-9.713469505310059,14.6117525100708,1
1762947044.264431,-9.614314079284668,13.208590507507324,1
1762947044.3042724,-9.625229835510254,13.227189064025879,1
1762947044.3270032,-9.828184127807617,13.84329605102539,1
1762947044.3689897,-9.644142150878906,13.103487014770508,1
1762947044.4009893,-9.632742881774902,13.170296669006348,1
1762947044.4270093,-9.769970893859863,13.919865608215332,1
1762947044.464502,-10.009184837341309,13.215197563171387,1
1762947044.4965248,-10.247726440429688,14.588888168334961,1
1762947044.5274842,-10.26327133178711,13.97755241394043,1
1762947044.559225,-10.182255744934082,14.811739921569824,1
1762947044.5926642,-10.308547973632812,13.665267944335938,1
1762947044.6248944,-10.133277893066406,14.447378158569336,1
1762947044.6554422,-10.07854175567627,14.474637031555176,1
1762947044.6874375,-10.243995666503906,14.658035278320312,1
1762947044.7194793,-10.30277156829834,14.655060768127441,1
1762947044.7515154,-9.959221839904785,13.458788871765137,1
1762947044.7837803,-10.303577423095703,13.819595336914062,1
1762947044.8152912,-10.193652153015137,14.660609245300293,1
1762947044.8471985,-9.866254806518555,14.038707733154297,1
1762947044.8789132,-9.855238914489746,14.637215614318848,1
1762947044.9106033,-9.697663307189941,13.816044807434082,1
1762947044.9422657,-9.548870086669922,14.29597282409668,1
1762947044.9759746,-9.309009552001953,13.538673400878906,1
1762947045.0059776,-9.493509292602539,12.864349365234375,1
1762947045.0403337,-9.43191146850586,12.645526885986328,1
1762947045.0713284,-9.475250244140625,14.000814437866211,1
1762947045.1044986,-9.508692741394043,14.046648979187012,1
1762947045.1323917,-9.647109985351562,13.217754364013672,1
1762947045.1640673,-9.42912483215332,13.143505096435547,1
1762947045.1957238,-9.787945747375488,13.652567863464355,1
1762947045.2276266,-10.26015567779541,14.2300386428833,1
1762947045.264474,-9.61573314666748,13.940720558166504,1
1762947045.294644,-10.04233169555664,13.841947555541992,1
1762947045.3278613,-10.219118118286133,13.350448608398438,1
1762947045.3542752,-10.078937530517578,12.372982025146484,1
1762947045.3863049,-10.584263801574707,12.548445701599121,1
1762947045.418062,-10.093914985656738,13.97716999053955,1
1762947045.4519432,-10.342059135437012,13.664494514465332,1
1762947045.4816203,-10.199868202209473,11.826247215270996,1
1762947045.5178292,-10.363871574401855,11.581830024719238,1
1762947045.5451915,-10.085787773132324,11.600695610046387,1
1762947045.576948,-10.262625694274902,10.217217445373535,1
1762947045.6086614,-10.228426933288574,10.581381797790527,1
1762947045.6444883,-9.863539695739746,9.723477363586426,1
1762947045.6803231,-10.210338592529297,9.727615356445312,1
1762947045.712132,-10.049561500549316,9.450589179992676,1
1762947045.7446437,-10.023297309875488,9.376334190368652,1
1762947045.7759845,-10.160924911499023,9.652755737304688,1
1762947045.803653,-10.167976379394531,9.419088363647461,1
1762947045.8388803,-10.305903434753418,10.210265159606934,1
1762947045.8685343,-10.234330177307129,10.810853004455566,1
1762947045.9041293,-10.107316017150879,11.665610313415527,1
1762947045.9333541,-9.894537925720215,12.259825706481934,1
1762947045.9649243,-9.997424125671387,12.689608573913574,1
1762947045.9862218,-9.526716232299805,12.85377311706543,1
1762947046.0287619,-9.423317909240723,12.640105247497559,1
1762947046.062145,-9.061202049255371,12.603419303894043,1
1762947046.096772,-8.994342803955078,12.55324935913086,1
1762947046.1288188,-8.88359260559082,12.103057861328125,1
1762947046.1605096,-8.811813354492188,11.612348556518555,1
1762947046.1919286,-8.519091606140137,12.011445045471191,1
1762947046.2239714,-8.20483684539795,12.249361991882324,1
1762947046.2555048,-8.442138671875,11.732717514038086,1
1762947046.2870724,-8.230328559875488,12.1400785446167,1
1762947046.3193893,-8.045843124389648,12.130424499511719,1
1762947046.35173,-8.23849868774414,11.803390502929688,1
1762947046.3836284,-8.291625022888184,12.326239585876465,1
1762947046.416118,-8.151610374450684,11.989861488342285,1
1762947046.4479327,-7.840116500854492,11.622774124145508,1
1762947046.479801,-8.080426216125488,11.993435859680176,1
1762947046.5106688,-7.868093013763428,12.824392795562744,1
1762947046.5426095,-7.697702884674072,12.863358974456787,1
1762947046.5736604,-7.567983150482178,12.779301166534424,1
1762947046.608571,-7.622532367706299,12.728477001190186,1
1762947046.6393597,-8.002278327941895,13.95046329498291,1
1762947046.668774,-8.296748161315918,12.693930625915527,1
1762947046.70418,-8.562187194824219,14.068489074707031,1
1762947046.7349024,-8.393121719360352,14.28508186340332,1
1762947046.7670953,-8.930001258850098,12.922255516052246,1
1762947046.796837,-9.116971015930176,12.949128150939941,1
1762947046.8317394,-8.917981147766113,12.488570213317871,1
1762947046.8603966,-10.919449806213379,11.758719444274902,1
1762947046.892202,-8.905330657958984,11.990432739257812,1
1762947046.9238305,-9.444056510925293,11.949395179748535,1
1762947046.958113,-9.310877799987793,12.793549537658691,1
1762947046.991973,-9.247565269470215,10.742096900939941,1
1762947047.0232651,-9.479004859924316,11.291790962219238,1
1762947047.0551152,-9.511612892150879,11.857171058654785,1
1762947047.0824018,-9.831900596618652,11.486239433288574,1
1762947047.1140544,-10.20171070098877,11.08588695526123,1
1762947047.1514356,-10.511387825012207,11.855122566223145,1
1762947047.1782973,-10.643961906433105,11.970633506774902,1
1762947047.2167635,-10.979072570800781,12.684915542602539,1
1762947047.241022,-11.86526870727539,13.181587219238281,1
1762947047.2806556,-12.385890007019043,14.148560523986816,1
1762947047.312288,-13.173052787780762,15.656256675720215,1
1762947047.3443906,-13.204930305480957,15.484524726867676,1
1762947047.3749726,-12.701212882995605,15.430195808410645,1
1762947047.404331,-12.166278839111328,15.153419494628906,1
1762947047.4318976,-12.386218070983887,14.636286735534668,1
1762947047.4729037,-12.261067390441895,14.759137153625488,1
1762947047.497802,-11.457252502441406,13.523340225219727,1
1762947047.530388,-10.830279350280762,13.37526798248291,1
1762947047.56775,-10.886908531188965,13.138213157653809,1
1762947047.6005125,-10.326520919799805,13.114479064941406,1
1762947047.630367,-10.002087593078613,13.16823673248291,1
1762947047.6539016,-10.31455135345459,12.701628684997559,1
1762947047.685564,-9.999485969543457,11.865931510925293,1
1762947047.7279708,-9.906753540039062,11.753171920776367,1
1762947047.7591734,-10.1741361618042,13.033490180969238,1
1762947047.7816331,-9.659303665161133,12.329870223999023,1
1762947047.8247633,-10.3662748336792,12.985932350158691,1
1762947047.8561964,-10.38962459564209,11.667632102966309,1
1762947047.8773656,-10.091204643249512,11.679427146911621,1
1762947047.9090302,-10.016213417053223,11.463385581970215,1
1762947047.9406745,-10.349906921386719,12.422115325927734,1
1762947047.9722958,-10.04418659210205,11.70654010772705,1
1762947048.0155404,-10.09631633758545,12.307042121887207,1
1762947048.0473437,-9.682732582092285,11.740843772888184,1
1762947048.0785372,-9.256516456604004,11.220295906066895,1
1762947048.1126132,-10.275359153747559,11.172171592712402,1
1762947048.1363623,-9.268186569213867,11.511455535888672,1
1762947048.1621017,-9.835644721984863,11.211155891418457,1
1762947048.2109225,-10.321319580078125,11.59745979309082,1
1762947048.2399187,-9.392749786376953,11.428436279296875,1
1762947048.2399187,-8.896300315856934,11.551972389221191,1
1762947048.272931,-9.655158996582031,12.289237976074219,1
1762947048.3050058,-10.808914184570312,12.557531356811523,1
1762947048.336716,-10.064537048339844,11.822826385498047,1
1762947048.3685935,-10.285685539245605,12.860695838928223,1
1762947048.3685935,-10.295365333557129,11.818982124328613,1
1762947048.4006007,-10.685566902160645,11.670687675476074,1
1762947048.4320815,-10.580577850341797,12.76845932006836,1
1762947048.4657762,-10.356276512145996,12.315241813659668,1
1762947048.4953153,-10.715758323669434,12.706133842468262,1
1762947048.4953153,-11.987828254699707,11.01471996307373,1
1762947048.528715,-11.45533275604248,12.643807411193848,1
1762947048.5594184,-11.752098083496094,11.400289535522461,1
1762947048.5950704,-11.1951904296875,11.515304565429688,1
1762947048.6226547,-11.336341857910156,11.511356353759766,1
1762947048.6226547,-14.056540489196777,13.06506633758545,1
1762947048.6547074,-11.618611335754395,11.976136207580566,1
1762947048.6881652,-11.81570053100586,12.354480743408203,1
1762947048.7186854,-11.160236358642578,11.637533187866211,1
1762947048.7507284,-10.798413276672363,11.689187049865723,1
1762947048.7528045,-15.107551574707031,15.244272232055664,1
1762947048.7819812,-11.067418098449707,11.421326637268066,1
1762947048.8158088,-11.873494148254395,11.930176734924316,1
1762947048.8457184,-11.244338035583496,12.071791648864746,1
1762947048.8773208,-10.904670715332031,12.423995971679688,1
1762947048.8773208,-14.35717487335205,14.607945442199707,1
1762947048.9105754,-10.98208999633789,12.437786102294922,1
1762947048.9406872,-11.102347373962402,12.61194133758545,1
1762947048.9723186,-10.379559516906738,12.557147026062012,1
1762947049.0054567,-10.051655769348145,12.24483585357666,1
1762947049.0054567,-12.254109382629395,13.069262504577637,1
1762947049.0400753,-10.311768531799316,11.574919700622559,1
1762947049.0699282,-9.876492500305176,11.075364112854004,1
1762947049.1111007,-9.960526466369629,12.036099433898926,1
1762947049.1348906,-9.728631973266602,12.134515762329102,1
1762947049.1348906,-10.930023193359375,12.07303237915039,1
1762947049.1687553,-9.889458656311035,11.370720863342285,1
1762947049.1989596,-10.425066947937012,11.565537452697754,1
1762947049.2314093,-10.388301849365234,11.598302841186523,1
1762947049.2645288,-10.910923957824707,10.510466575622559,1
1762947049.2645288,-11.179871559143066,11.866326332092285,1
1762947049.2967849,-10.975111961364746,11.545317649841309,1
1762947049.3259304,-10.784305572509766,12.305545806884766,1
1762947049.3645697,-10.289470672607422,11.148866653442383,1
1762947049.3870096,-10.423321723937988,11.874295234680176,1
1762947049.3870096,-9.817381858825684,12.004528999328613,1
1762947049.4237673,-10.99365234375,12.844514846801758,1
1762947049.4509873,-11.091021537780762,12.163765907287598,1
1762947049.4944956,-10.594404220581055,12.745235443115234,1
1762947049.5139537,-10.2609224319458,12.864827156066895,1
1762947049.5139537,-8.962589263916016,11.871612548828125,1
1762947049.5457385,-9.8997220993042,13.146855354309082,1
1762947049.5762959,-9.778910636901855,13.44243335723877,1
1762947049.6123016,-9.054176330566406,12.607881546020508,1
1762947049.6486244,-9.685288429260254,13.043557167053223,1
1762947049.6486244,-8.738871574401855,12.120102882385254,1
1762947049.6808696,-9.913304328918457,12.394469261169434,1
1762947049.7032118,-9.02595043182373,12.78330135345459,1
1762947049.7501614,-8.86696720123291,12.393752098083496,1
1762947049.7714968,-9.070693969726562,12.367177963256836,1
1762947049.7714968,-8.43061351776123,12.814385414123535,1
1762947049.797916,-9.237015724182129,12.983834266662598,1
1762947049.8325737,-8.497593879699707,12.381587028503418,1
1762947049.8616633,-7.770680904388428,12.356829166412354,1
1762947049.8936799,-7.726174831390381,11.722164630889893,1
1762947049.8936799,-7.2881388664245605,12.893227100372314,1
1762947049.9328022,-8.064229965209961,12.324527740478516,1
1762947049.9573717,-8.448219299316406,12.101163864135742,1
1762947050.0050683,-8.402050971984863,11.871773719787598,1
1762947050.0326872,-8.315808296203613,11.90647029876709,1
1762947050.033387,-8.121742248535156,12.344440460205078,1
1762947050.0560176,-8.334771156311035,11.992955207824707,1
1762947050.0909138,-8.224668502807617,12.11557388305664,1
1762947050.146642,-8.630935668945312,11.922000885009766,1
1762947050.146642,-8.692822456359863,12.976996421813965,1
1762947050.146642,-8.456007957458496,11.810364723205566,1
1762947050.1788192,-8.245617866516113,12.258831977844238,1
1762947050.2105696,-8.093178749084473,12.878878593444824,1
1762947050.2664278,-8.086695671081543,13.679505348205566,1
1762947050.2882895,-7.911970615386963,12.441304683685303,1
1762947050.2888968,-8.207581520080566,12.460442543029785,1
1762947050.3057697,-8.192511558532715,11.17395305633545,1
1762947050.337543,-7.9416046142578125,12.435806274414062,1
1762947050.3852572,-8.215792655944824,12.104605674743652,1
1762947050.4150174,-8.409405708312988,12.186976432800293,1
1762947050.4150174,-8.806020736694336,11.499629974365234,1
1762947050.4334862,-8.390506744384766,11.878177642822266,1
1762947050.475733,-8.296472549438477,12.031124114990234,1
1762947050.5277832,-8.223746299743652,13.071625709533691,1
1762947050.5435104,-8.184762001037598,12.185547828674316,1
1762947050.545265,-8.58731460571289,12.357065200805664,1
1762947050.5763175,-8.422959327697754,12.8191499710083,1
1762947050.6085503,-8.493245124816895,12.852547645568848,1
1762947050.6529653,-8.756011009216309,12.723109245300293,1
1762947050.671186,-8.500239372253418,12.263033866882324,1
1762947050.671186,-8.943113327026367,11.592994689941406,1
1762947050.704843,-8.304154396057129,11.459368705749512,1
1762947050.7365098,-8.055508613586426,11.582018852233887,1
1762947050.7813358,-7.891132831573486,11.724545955657959,1
1762947050.800687,-8.305336952209473,12.085522651672363,1
1762947050.800687,-9.025967597961426,11.521246910095215,1
1762947050.8307087,-8.259647369384766,11.181219100952148,1
1762947050.8635511,-8.1596097946167,11.943099021911621,1
1762947050.9131734,-8.3258638381958,12.732222557067871,1
1762947050.9288626,-8.572270393371582,12.294072151184082,1
1762947050.9293451,-9.836934089660645,11.893637657165527,1
1762947050.959285,-8.339022636413574,12.142609596252441,1
1762947050.9913204,-8.300055503845215,12.567152976989746,1
1762947051.0421817,-8.137602806091309,12.983946800231934,1
1762947051.0567017,-8.210302352905273,12.974245071411133,1
1762947051.0573428,-9.242524147033691,11.61066722869873,1
1762947051.088208,-8.163975715637207,12.67151165008545,1
1762947051.1206982,-8.158473014831543,11.623417854309082,1
1762947051.1677074,-8.2298583984375,11.851175308227539,1
1762947051.184591,-8.34843921661377,11.887555122375488,1
1762947051.184591,-9.503731727600098,11.847716331481934,1
1762947051.215169,-8.306441307067871,11.852816581726074,1
1762947051.2402446,-8.000845909118652,11.778512001037598,1
1762947051.2878253,-8.11580753326416,12.44373607635498,1
1762947051.3035972,-7.979047775268555,11.821115493774414,1
1762947051.3035972,-9.119855880737305,12.908355712890625,1
1762947051.3355155,-7.728773593902588,12.786614894866943,1
1762947051.3668888,-7.476135730743408,11.688680171966553,1
1762947051.4146802,-7.246796131134033,10.98689603805542,1
1762947051.437675,-7.315962314605713,11.728318691253662,1
1762947051.437675,-8.635780334472656,12.949789047241211,1
1762947051.4626572,-6.990437984466553,12.051342487335205,1
1762947051.4947004,-6.883949279785156,11.782766342163086,1
1762947051.5452533,-6.953798770904541,11.94128942489624,1
1762947051.56385,-6.696475505828857,12.240763187408447,1
1762947051.568993,-8.020183563232422,11.94411849975586,1
1762947051.593769,-6.751300811767578,11.730173110961914,1
1762947051.6211033,-6.859733581542969,12.246553421020508,1
1762947051.6688793,-7.132474422454834,12.772881031036377,1
1762947051.6846263,-7.366357326507568,12.673794269561768,1
1762947051.6846263,-8.267870903015137,11.724505424499512,1
1762947051.7166824,-7.737373352050781,12.557552337646484,1
1762947051.7512996,-8.044730186462402,12.227387428283691,1
1762947051.7966602,-8.680127143859863,13.028372764587402,1
1762947051.8210833,-9.135359764099121,13.997422218322754,1
1762947051.8210833,-9.207584381103516,11.649253845214844,1
1762947051.857623,-9.186539649963379,12.347033500671387,1
1762947051.887569,-9.90351676940918,12.981857299804688,1
1762947051.9402184,-10.326241493225098,12.20621395111084,1
1762947051.944421,-10.784736633300781,11.794181823730469,1
1762947051.944421,-11.2089262008667,11.074955940246582,1
1762947051.979463,-11.442347526550293,11.19986629486084,1
1762947052.0161438,-11.873542785644531,11.860958099365234,1
1762947052.0657423,-12.163763999938965,12.691094398498535,1
1762947052.080317,-12.179348945617676,12.212952613830566,1
1762947052.080317,-12.472274780273438,11.175765991210938,1
1762947052.1054616,-12.2969331741333,12.804694175720215,1
1762947052.1435223,-12.179242134094238,11.327723503112793,1
1762947052.1962638,-12.262534141540527,11.955733299255371,1
1762947052.2089233,-12.188984870910645,12.190390586853027,1
1762947052.2089233,-12.519416809082031,11.234678268432617,1
1762947052.2405505,-11.866917610168457,12.320860862731934,1
1762947052.272394,-11.806849479675293,12.238760948181152,1
1762947052.3255873,-11.386204719543457,12.46166706085205,1
1762947052.3369174,-11.296466827392578,11.631757736206055,1
1762947052.3374305,-11.597965240478516,11.688600540161133,1
1762947052.3679178,-10.799484252929688,12.566390991210938,1
1762947052.4000351,-10.518132209777832,11.627154350280762,1
1762947052.4532826,-10.269820213317871,12.06708812713623,1
1762947052.4637692,-10.140689849853516,11.508056640625,1
1762947052.4647021,-10.53492259979248,11.074675559997559,1
1762947052.4963353,-9.852816581726074,11.40969181060791,1
1762947052.527556,-9.609329223632812,11.727384567260742,1
1762947052.5783184,-9.24555492401123,12.010485649108887,1
1762947052.5918548,-9.305413246154785,12.073954582214355,1
1762947052.5918548,-9.890763282775879,11.915865898132324,1
1762947052.6234949,-9.281184196472168,11.3397855758667,1
1762947052.655092,-9.267951965332031,11.858415603637695,1
1762947052.710366,-9.153522491455078,11.817922592163086,1
1762947052.7204306,-8.870503425598145,11.818524360656738,1
1762947052.7204306,-9.495408058166504,12.249812126159668,1
1762947052.7494597,-9.071016311645508,11.574251174926758,1
1762947052.7813845,-9.17870807647705,12.568081855773926,1
1762947052.8368802,-17.11222267150879,12.183195114135742,1
1762947052.8480518,-9.439241409301758,12.325942993164062,1
1762947052.8480518,-9.6144437789917,11.636824607849121,1
1762947052.8805587,-9.416546821594238,12.025668144226074,1
1762947052.910905,-9.445219039916992,13.037965774536133,1
1762947052.9667864,-9.2181978225708,11.96770191192627,1
1762947052.9705484,-8.943153381347656,12.590850830078125,1
1762947052.9705484,-9.149739265441895,12.120322227478027,1
1762947053.0022943,-9.343365669250488,12.923056602478027,1
1762947053.0366359,-9.630749702453613,11.771384239196777,1
1762947053.0821521,-9.707690238952637,12.522644996643066,1
1762947053.1029565,-10.170919418334961,13.123495101928711,1
1762947053.1029565,-10.520894050598145,12.000439643859863,1
1762947053.1367545,-10.261148452758789,11.468992233276367,1
1762947053.1687813,-10.475781440734863,11.811739921569824,1
1762947053.2233737,-10.98132038116455,12.076796531677246,1
1762947053.2320302,-11.268452644348145,12.437582969665527,1
1762947053.2320302,-12.192917823791504,12.958964347839355,1
1762947053.2622435,-11.406319618225098,13.131667137145996,1
1762947053.2966325,-11.186355590820312,12.418586730957031,1
1762947053.3535595,-11.463786125183105,11.716448783874512,1
1762947053.3603795,-11.723094940185547,12.986429214477539,1
1762947053.3603795,-12.745262145996094,13.616819381713867,1
1762947053.3919852,-11.71051025390625,12.306909561157227,1
1762947053.4190269,-11.591296195983887,11.601527214050293,1
1762947053.47862,-11.430342674255371,11.51714038848877,1
1762947053.47862,-11.4745512008667,11.557572364807129,1
1762947053.47862,-12.542403221130371,12.498045921325684,1
1762947053.520565,-11.243212699890137,12.1854887008667,1
1762947053.55256,-11.381487846374512,12.302699089050293,1
1762947053.6141653,-11.632453918457031,12.684715270996094,1
1762947053.6141653,-12.033805847167969,11.924043655395508,1
1762947053.6141653,-13.616839408874512,11.925673484802246,1
1762947053.6479807,-12.58779239654541,12.193490028381348,1
1762947053.6790395,-12.980339050292969,12.451818466186523,1
1762947053.739556,-13.1068115234375,12.148515701293945,1
1762947053.7402432,-12.504249572753906,11.853616714477539,1
1762947053.745234,-13.213188171386719,11.331182479858398,1
1762947053.7770395,-12.41852855682373,12.288098335266113,1
1762947053.8088164,-12.062575340270996,12.185256004333496,1
1762947053.8652358,-12.1298246383667,11.635113716125488,1
1762947053.8728747,-11.561018943786621,11.79943561553955,1
1762947053.8728747,-11.587542533874512,10.847512245178223,1
1762947053.9047086,-10.765434265136719,12.567045211791992,1
1762947053.9367528,-10.441582679748535,11.888871192932129,1
1762947053.99864,-10.391650199890137,12.973040580749512,1
1762947053.99864,-10.147209167480469,13.271991729736328,1
1762947054.0008256,-10.483857154846191,11.534302711486816,1
1762947054.0327203,-10.17164421081543,12.182916641235352,1
1762947054.0646756,-9.873322486877441,12.838824272155762,1
1762947054.1282427,-9.80880069732666,12.33777904510498,1
1762947054.1293826,-10.062154769897461,11.60882568359375,1
1762947054.1600215,-9.446429252624512,12.184884071350098,1
1762947054.1600215,-9.799166679382324,11.78566837310791,1
1762947054.1916623,-9.169585227966309,12.1402006149292,1
1762947054.2544627,-8.672751426696777,11.6439847946167,1
1762947054.2544627,-8.855376243591309,12.179465293884277,1
1762947054.2866282,-8.349947929382324,11.29309368133545,1
1762947054.2889686,-8.627033233642578,12.29151725769043,1
1762947054.3189843,-7.898551940917969,11.913309097290039,1
1762947054.3813138,-7.892157077789307,12.534827709197998,1
1762947054.3881705,-8.340896606445312,11.082456588745117,1
1762947054.4131415,-7.631288051605225,12.123919010162354,1
1762947054.4131415,-7.986839294433594,11.267398834228516,1
1762947054.4455483,-7.609933376312256,12.720945835113525,1
1762947054.517675,-7.2547993659973145,12.056743144989014,1
1762947054.517675,-8.081324577331543,11.900910377502441,1
1762947054.5442762,-7.642602920532227,13.099720001220703,1
1762947054.5442762,-8.276927947998047,11.596364974975586,1
1762947054.5708632,-7.766729831695557,12.577029705047607,1
1762947054.6463645,-8.124019622802734,11.424945831298828,1
1762947054.6471741,-8.639556884765625,12.186565399169922,1
1762947054.6670089,-8.14937686920166,13.198037147521973,1
1762947054.6731484,-8.612444877624512,12.243111610412598,1
1762947054.7001038,-8.165997505187988,12.2135648727417,1
1762947054.77062,-8.146270751953125,12.286893844604492,1
1762947054.77062,-8.674506187438965,11.600180625915527,1
1762947054.8004482,-8.409948348999023,12.777713775634766,1
1762947054.8004482,-8.865174293518066,12.147931098937988,1
1762947054.8313837,-8.705145835876465,12.404940605163574,1
1762947054.8998616,-8.54464054107666,12.722432136535645,1
1762947054.8998616,-8.928618431091309,12.728718757629395,1
1762947054.9270844,-8.833918571472168,12.659504890441895,1
1762947054.9291022,-8.965755462646484,12.30345344543457,1
1762947054.959508,-8.913872718811035,12.521845817565918,1
1762947055.0282612,-9.04007339477539,12.035364151000977,1
1762947055.0282612,-9.34312915802002,11.397974967956543,1
1762947055.052315,-9.531359672546387,11.59227466583252,1
1762947055.052315,-9.658892631530762,11.698332786560059,1
1762947055.0834281,-9.795331001281738,11.674529075622559,1
1762947055.1589518,-10.0894136428833,11.708136558532715,1
1762947055.1601746,-10.449003219604492,11.425874710083008,1
1762947055.1795948,-10.82474422454834,11.288895606994629,1
1762947055.1795948,-10.82741641998291,10.876503944396973,1
1762947055.215709,-11.3597993850708,10.55309009552002,1
1762947055.2824566,-11.720643043518066,12.803807258605957,1
1762947055.2824566,-12.07310962677002,11.535387992858887,1
1762947055.3124375,-12.123295783996582,12.553126335144043,1
1762947055.3124375,-11.874465942382812,11.27560043334961,1
1762947055.3441985,-12.570141792297363,13.023604393005371,1
1762947055.412846,-12.171095848083496,11.696728706359863,1
1762947055.4138696,-12.315738677978516,11.341548919677734,1
1762947055.4401605,-11.751365661621094,12.397563934326172,1
1762947055.4401605,-12.519775390625,12.357833862304688,1
1762947055.4710536,-12.260436058044434,11.338261604309082,1
1762947055.5401752,-12.1642484664917,12.604762077331543,1
1762947055.5401752,-13.108487129211426,11.631155967712402,1
1762947055.5686207,-12.223640441894531,12.14101791381836,1
1762947055.5686207,-13.326652526855469,12.779611587524414,1
1762947055.6003923,-12.550857543945312,11.850214004516602,1
1762947055.6764042,-12.465361595153809,11.6537504196167,1
1762947055.6764042,-14.031051635742188,11.485218048095703,1
1762947055.696671,-12.172096252441406,12.110916137695312,1
1762947055.6972923,-14.018775939941406,11.869169235229492,1
1762947055.7285936,-11.726468086242676,12.161225318908691,1
1762947055.8081415,-11.33603572845459,11.93822193145752,1
1762947055.8081415,-14.661026000976562,14.103029251098633,1
1762947055.8216143,-11.559033393859863,12.86452579498291,1
1762947055.8216143,-14.928596496582031,13.261932373046875,1
1762947055.8551056,-11.454976081848145,11.86940860748291,1
1762947055.926823,-11.558403015136719,12.600793838500977,1
1762947055.926823,-16.001371383666992,15.867733001708984,1
1762947055.9488442,-11.063370704650879,11.923739433288574,1
1762947055.9488442,-16.154937744140625,15.72259521484375,1
1762947055.9793222,-11.297882080078125,11.944229125976562,1
1762947056.057437,-11.042330741882324,12.255221366882324,1
1762947056.057437,-16.421812057495117,14.917570114135742,1
1762947056.07407,-11.15346622467041,11.737147331237793,1
1762947056.07407,-17.146821975708008,16.989221572875977,1
1762947056.1116083,-11.102282524108887,12.357081413269043,1
1762947056.1851466,-10.928717613220215,12.814217567443848,1
1762947056.1851466,-16.71289825439453,16.508617401123047,1
1762947056.2086658,-11.00106430053711,11.99372673034668,1
1762947056.2086658,-16.61835289001465,17.902624130249023,1
1762947056.240748,-10.88550090789795,12.753060340881348,1
1762947056.3162806,-10.71447467803955,12.053671836853027,1
1762947056.3170223,-15.220611572265625,14.69038200378418,1
1762947056.335393,-10.749557495117188,13.262350082397461,1
1762947056.3370779,-14.704188346862793,14.590123176574707,1
1762947056.3668103,-10.912482261657715,12.376540184020996,1
1762947056.4458177,-10.457900047302246,12.433989524841309,1
1762947056.4458177,-13.080852508544922,12.87727165222168,1
1762947056.4566574,-10.364792823791504,11.975333213806152,1
1762947056.4566574,-12.695040702819824,12.864302635192871,1
1762947056.4863224,-10.132332801818848,11.423880577087402,1
1762947056.57935,-9.71581745147705,11.593293190002441,1
1762947056.57935,-10.876289367675781,11.57138442993164,1
1762947056.5908256,-9.187809944152832,11.622950553894043,1
1762947056.5939054,-10.309618949890137,11.550015449523926,1
1762947056.6249175,-8.9630765914917,13.097699165344238,1
1762947056.6976895,-8.871926307678223,11.52503490447998,1
1762947056.7041817,-9.079623222351074,11.375031471252441,1
1762947056.719459,-8.681378364562988,11.617276191711426,1
1762947056.719459,-8.727910041809082,10.892451286315918,1
1762947056.7518492,-8.555481910705566,12.352532386779785,1
1762947056.8246539,-8.318242073059082,11.10218334197998,1
1762947056.828754,-8.0349760055542,10.962845802307129,1
1762947056.8443556,-8.412009239196777,11.34154224395752,1
1762947056.848893,-7.945320129394531,11.017200469970703,1
1762947056.87644,-8.607316970825195,12.123048782348633,1
1762947056.9855297,-8.58971881866455,11.662287712097168,1
1762947056.9855297,-7.80628776550293,11.461175918579102,1
1762947056.9933314,-8.532219886779785,13.072747230529785,1
1762947057.0094204,-8.280330657958984,11.990287780761719,1
1762947057.028114,-8.210427284240723,11.414473533630371,1
1762947057.140246,-8.022476196289062,11.868614196777344,1
1762947057.140246,-7.440040588378906,11.538843154907227,1
1762947057.1457772,-8.160798072814941,12.024672508239746,1
1762947057.1477842,-7.786518096923828,11.675924301147461,1
1762947057.1674502,-8.234919548034668,11.061448097229004,1
1762947057.2508507,-8.228251457214355,11.927577018737793,1
1762947057.2508507,-8.049017906188965,10.386565208435059,1
1762947057.2644722,-9.214710235595703,10.471303939819336,1
1762947057.2644722,-8.67188549041748,11.005240440368652,1
1762947057.2964885,-10.341639518737793,11.24486255645752,1
1762947057.379481,-11.216255187988281,12.15829086303711,1
1762947057.379481,-10.693252563476562,11.589832305908203,1
1762947057.391672,-11.384343147277832,12.010186195373535,1
1762947057.391672,-10.537843704223633,12.009883880615234,1
1762947057.423546,-11.043375968933105,11.615900993347168,1
1762947057.5092304,-10.694332122802734,10.828189849853516,1
1762947057.5119379,-9.519975662231445,12.778921127319336,1
1762947057.520549,-9.223526954650879,11.298317909240723,1
1762947057.520549,-8.883304595947266,12.397743225097656,1
1762947057.5511563,-8.808398246765137,11.26651668548584,1
1762947057.6419113,-8.025768280029297,10.75931167602539,1
1762947057.6424248,-7.918212890625,11.773874282836914,1
1762947057.6491,-8.436980247497559,12.242707252502441,1
1762947057.6491,-8.09737491607666,12.949864387512207,1
1762947057.6796567,-8.679250717163086,11.081872940063477,1
1762947057.7652166,-8.904114723205566,11.473401069641113,1
1762947057.7652166,-9.433158874511719,12.382768630981445,1
1762947057.7755241,-10.655036926269531,11.921092987060547,1
1762947057.7755241,-10.18998908996582,12.13113784790039,1
1762947057.8026226,-11.313430786132812,11.521793365478516,1
1762947057.9012315,-12.690882682800293,11.060708045959473,1
1762947057.9012315,-13.723518371582031,11.414665222167969,1
1762947057.9086435,-14.237045288085938,11.709030151367188,1
1762947057.9096518,-13.571934700012207,10.863646507263184,1
1762947057.9348633,-13.788533210754395,12.82871150970459,1
1762947058.0252457,-12.7407808303833,11.536717414855957,1
1762947058.0252457,-11.268814086914062,11.193239212036133,1
1762947058.0369918,-11.473828315734863,12.133450508117676,1
1762947058.0369918,-11.113417625427246,11.169102668762207,1
1762947058.0570128,-11.47376537322998,12.07924747467041,1
1762947058.1547554,-11.862963676452637,11.4534330368042,1
1762947058.1547554,-11.9614896774292,11.153555870056152,1
1762947058.1635528,-12.401260375976562,10.820032119750977,1
1762947058.1640887,-12.125494956970215,11.607222557067871,1
1762947058.189036,-11.99051284790039,11.708028793334961,1
1762947058.2973495,-11.38320541381836,10.836790084838867,1
1762947058.2973495,-11.131756782531738,11.902960777282715,1
1762947058.3095863,-11.048141479492188,11.19727897644043,1
1762947058.3095863,-11.090858459472656,11.490358352661133,1
1762947058.3095863,-11.070338249206543,12.20856761932373,1
1762947058.4149728,-11.130179405212402,10.775071144104004,1
1762947058.4149728,-11.955970764160156,11.833168029785156,1
1762947058.4206533,-11.489495277404785,11.251887321472168,1
1762947058.4206533,-12.065203666687012,11.405730247497559,1
1762947058.445247,-11.96313762664795,12.318867683410645,1
1762947058.545284,-12.237677574157715,11.710297584533691,1
1762947058.545284,-13.36670207977295,11.568209648132324,1
1762947058.5480855,-13.159510612487793,13.197394371032715,1
1762947058.5480855,-13.643806457519531,11.306098937988281,1
1762947058.563938,-13.843174934387207,12.276888847351074,1
1762947058.6687913,-14.141891479492188,12.533803939819336,1
1762947058.6687913,-15.053736686706543,11.839167594909668,1
1762947058.6764507,-14.159153938293457,12.895115852355957,1
1762947058.6764507,-15.652310371398926,13.240479469299316,1
1762947058.6918259,-13.886744499206543,12.447493553161621,1
1762947058.786346,-14.209588050842285,11.995152473449707,1
1762947058.7876375,-17.01386070251465,12.8270263671875,1
1762947058.7955337,-15.42055606842041,10.936686515808105,1
1762947058.8008776,-18.18140983581543,14.623498916625977,1
1762947058.832442,-14.784428596496582,10.342286109924316,1
1762947058.9100168,-14.891329765319824,10.524510383605957,1
1762947058.9100168,-17.93008041381836,16.367263793945312,1
1762947058.9282775,-14.139533996582031,11.30229377746582,1
1762947058.9293685,-18.181692123413086,14.833005905151367,1
1762947058.9608479,-14.954272270202637,11.247014045715332,1
1762947059.038227,-15.404126167297363,10.70995044708252,1
1762947059.0417624,-18.11862564086914,15.81121826171875,1
1762947059.0536406,-14.304072380065918,10.97074031829834,1
1762947059.0536406,-18.058549880981445,16.006147384643555,1
1762947059.087801,-13.879591941833496,10.803254127502441,1
1762947059.1687245,-14.073243141174316,10.657496452331543,1
1762947059.1700242,-18.887937545776367,17.07903480529785,1
1762947059.1777992,-14.276141166687012,11.419243812561035,1
1762947059.1777992,-17.2541446685791,14.808904647827148,1
1762947059.21564,-12.630965232849121,11.17861270904541,1
1762947059.295868,-12.433642387390137,11.512364387512207,1
1762947059.295868,-15.741874694824219,14.97806167602539,1
1762947059.3127656,-13.893181800842285,12.004639625549316,1
1762947059.3127656,-16.025402069091797,12.644269943237305,1
1762947059.3444078,-14.387009620666504,11.920321464538574,1
1762947059.418887,-14.176213264465332,12.177409172058105,1
1762947059.418887,-14.867329597473145,12.435978889465332,1
1762947059.4309406,-13.399937629699707,13.294495582580566,1
1762947059.4309406,-14.5525484085083,13.19235897064209,1
1762947059.4627416,-13.510513305664062,12.501365661621094,1
1762947059.5579286,-13.988303184509277,12.957179069519043,1
1762947059.5579286,-13.958148956298828,10.094484329223633,1
1762947059.5579286,-14.08054256439209,12.598702430725098,1
1762947059.5738428,-13.902542114257812,11.074935913085938,1
1762947059.5965753,-13.78597354888916,12.912035942077637,1
1762947059.6914957,-13.571232795715332,13.085206031799316,1
1762947059.6914957,-13.1819486618042,11.08055591583252,1
1762947059.6997473,-13.49367904663086,12.324789047241211,1
1762947059.6997473,-12.803135871887207,11.10787296295166,1
1762947059.723371,-13.384882926940918,12.863879203796387,1
1762947059.8118298,-12.909611701965332,14.283949851989746,1
1762947059.8138442,-12.307412147521973,11.432068824768066,1
1762947059.8152013,-12.609025001525879,14.531189918518066,1
1762947059.8152013,-12.32620620727539,11.556001663208008,1
1762947059.8452427,-12.070422172546387,12.301480293273926,1
1762947059.938771,-11.951278686523438,12.203765869140625,1
1762947059.9454615,-11.325115203857422,12.075277328491211,1
1762947059.9454615,-11.5220365524292,12.571898460388184,1
1762947059.9454615,-11.040507316589355,12.009690284729004,1
1762947059.9835224,-11.538432121276855,14.4989595413208,1
1762947060.0812302,-11.4071683883667,13.79710865020752,1
1762947060.0822372,-10.529848098754883,11.219707489013672,1
1762947060.087555,-11.426491737365723,13.24834156036377,1
1762947060.0895674,-10.757179260253906,11.309700012207031,1
1762947060.1015635,-11.419856071472168,13.318717002868652,1
1762947060.2041612,-11.55069637298584,13.238862037658691,1
1762947060.2041612,-10.71651554107666,11.003159523010254,1
1762947060.2112525,-11.591044425964355,13.009844779968262,1
1762947060.2112525,-10.684069633483887,11.481637001037598,1
1762947060.2385955,-11.676682472229004,12.628684043884277,1
1762947060.3334413,-11.615294456481934,12.232110023498535,1
1762947060.335203,-10.613851547241211,11.300392150878906,1
1762947060.3386617,-11.206095695495605,12.005526542663574,1
1762947060.3386617,-10.377946853637695,11.744522094726562,1
1762947060.3679833,-11.240328788757324,11.461775779724121,1
1762947060.459594,-11.34673023223877,10.447863578796387,1
1762947060.4635096,-10.966979026794434,11.712712287902832,1
1762947060.4687905,-11.681453704833984,11.255496978759766,1
1762947060.4687905,-11.63141918182373,12.369271278381348,1
1762947060.4960485,-12.112678527832031,10.582696914672852,1
1762947060.5909078,-12.54803466796875,10.2440185546875,1
1762947060.5909078,-12.352229118347168,11.777634620666504,1
1762947060.5909078,-11.98968505859375,10.494247436523438,1
1762947060.5909078,-12.048171997070312,12.483417510986328,1
1762947060.6223588,-11.469584465026855,10.492539405822754,1
1762947060.7057753,-11.304362297058105,10.921099662780762,1
1762947060.7057753,-10.551206588745117,11.958280563354492,1
1762947060.7195601,-10.813232421875,10.809303283691406,1
1762947060.7195601,-10.717196464538574,11.0975980758667,1
1762947060.7494905,-11.441279411315918,10.691527366638184,1
1762947060.8290522,-11.573516845703125,10.847675323486328,1
1762947060.8448076,-10.869099617004395,10.538243293762207,1
1762947060.8463602,-11.404397010803223,11.699971199035645,1
1762947060.8463602,-10.86402416229248,10.670552253723145,1
1762947060.876786,-11.485209465026855,11.412772178649902,1
1762947060.9725718,-12.126839637756348,11.80812931060791,1
1762947060.9725718,-12.115496635437012,10.794547080993652,1
1762947060.9892108,-12.5240478515625,11.806581497192383,1
1762947060.9892108,-12.429781913757324,11.153128623962402,1
1762947061.0042636,-12.61407470703125,11.312322616577148,1
1762947061.099258,-12.98176097869873,11.427412986755371,1
1762947061.099258,-13.694979667663574,12.212319374084473,1
1762947061.1121242,-13.06120777130127,11.096817970275879,1
1762947061.1141326,-13.182398796081543,12.270003318786621,1
1762947061.1359715,-12.303568840026855,11.888016700744629,1
1762947061.2282524,-11.123631477355957,11.216879844665527,1
1762947061.2282524,-12.144190788269043,12.951878547668457,1
1762947061.2384763,-11.416560173034668,11.983527183532715,1
1762947061.2384763,-12.591262817382812,11.797576904296875,1
1762947061.2648425,-12.071455955505371,11.671248435974121,1
1762947061.3533902,-12.646674156188965,12.640599250793457,1
1762947061.3533902,-13.382320404052734,12.000181198120117,1
1762947061.3533902,-11.934246063232422,11.072418212890625,1
1762947061.3533902,-12.49465274810791,12.456791877746582,1
1762947061.3883224,-11.166028022766113,11.53116512298584,1
1762947061.4880772,-11.224446296691895,12.027670860290527,1
1762947061.4880772,-13.791015625,11.392189025878906,1
1762947061.4907503,-14.218424797058105,11.57888126373291,1
1762947061.495899,-15.883232116699219,12.908390045166016,1
1762947061.521113,-16.14113426208496,11.232002258300781,1
1762947061.6086774,-16.004581451416016,12.04096794128418,1
1762947061.615104,-16.149734497070312,11.819725036621094,1
1762947061.6207438,-13.782868385314941,12.119000434875488,1
1762947061.6207438,-14.81676197052002,12.42590045928955,1
1762947061.6474524,-13.141032218933105,11.672093391418457,1
1762947061.7437813,-12.237353324890137,12.444165229797363,1
1762947061.7437813,-12.775153160095215,12.081297874450684,1
1762947061.7504246,-11.523659706115723,12.257376670837402,1
1762947061.7504246,-12.40140151977539,12.337989807128906,1
1762947061.7644966,-11.287189483642578,12.597627639770508,1
1762947061.873648,-11.107959747314453,12.026796340942383,1
1762947061.873648,-11.7307767868042,12.681015968322754,1
1762947061.8788877,-11.116131782531738,12.642413139343262,1
1762947061.8788877,-11.684229850769043,11.476305961608887,1
1762947061.9031868,-11.260334968566895,11.387564659118652,1
1762947062.0011475,-11.632468223571777,12.34165096282959,1
1762947062.0011475,-13.053727149963379,12.864184379577637,1
1762947062.0076869,-12.26923656463623,12.316058158874512,1
1762947062.0076869,-12.504745483398438,11.456291198730469,1
1762947062.0328624,-11.528559684753418,11.965332984924316,1
1762947062.1333857,-10.747462272644043,11.664704322814941,1
1762947062.1333857,-11.507599830627441,11.5188570022583,1
1762947062.1405163,-11.292996406555176,11.977601051330566,1
1762947062.1405163,-11.60878849029541,11.335951805114746,1
1762947062.1605668,-11.386872291564941,12.101040840148926,1
1762947062.2592037,-11.021288871765137,11.655808448791504,1
1762947062.2592037,-11.469243049621582,10.655966758728027,1
1762947062.2662263,-10.680607795715332,10.441887855529785,1
1762947062.2679822,-11.219856262207031,11.82577133178711,1
1762947062.2887661,-10.693120002746582,10.937357902526855,1
1762947062.3911965,-10.799908638000488,11.330679893493652,1
1762947062.3911965,-11.357512474060059,12.031447410583496,1
1762947062.3969138,-11.46285629272461,11.043909072875977,1
1762947062.3989239,-11.332314491271973,11.541363716125488,1
1762947062.4132023,-11.413352966308594,11.174163818359375,1
1762947062.5198538,-10.981465339660645,11.40112590789795,1
1762947062.521646,-10.477375984191895,10.860663414001465,1
1762947062.527874,-10.073761940002441,11.202445030212402,1
1762947062.5287154,-9.707337379455566,11.181309700012207,1
1762947062.5424707,-9.927976608276367,12.241722106933594,1
1762947062.6476464,-9.830384254455566,12.136931419372559,1
1762947062.6476464,-9.753416061401367,11.890117645263672,1
1762947062.653809,-10.049291610717773,12.588621139526367,1
1762947062.6550336,-9.780776023864746,11.13146686553955,1
1762947062.6720757,-10.225473403930664,11.468008041381836,1
1762947062.7815213,-10.823333740234375,12.300216674804688,1
1762947062.7815213,-11.637303352355957,11.180947303771973,1
1762947062.7879157,-12.633804321289062,12.110416412353516,1
1762947062.790347,-12.589432716369629,11.858250617980957,1
1762947062.800948,-12.759238243103027,11.220532417297363,1
1762947062.9122603,-12.37667179107666,10.62317180633545,1
1762947062.914079,-11.695693969726562,11.96293830871582,1
1762947062.9192698,-10.775047302246094,11.30000114440918,1
1762947062.9192698,-10.739147186279297,11.654043197631836,1
1762947062.9287953,-10.322148323059082,11.201849937438965,1
1762947063.0387983,-10.122088432312012,11.25119686126709,1
1762947063.0387983,-10.325045585632324,11.111721992492676,1
1762947063.0459158,-10.403703689575195,11.660150527954102,1
1762947063.0459158,-10.403576850891113,11.395001411437988,1
1762947063.0567524,-10.654664039611816,11.247963905334473,1
1762947063.1558373,-11.306370735168457,12.712449073791504,1
1762947063.16573,-12.133732795715332,11.276946067810059,1
1762947063.171544,-12.318591117858887,11.476180076599121,1
1762947063.171544,-12.685528755187988,12.325894355773926,1
1762947063.1821427,-12.889813423156738,11.067843437194824,1
1762947063.2958226,-12.388687133789062,12.758695602416992,1
1762947063.2976215,-12.021148681640625,11.510015487670898,1
1762947063.3031342,-12.114096641540527,11.972228050231934,1
1762947063.3044784,-11.904067039489746,11.672812461853027,1
1762947063.3126047,-12.161517143249512,11.543116569519043,1
1762947063.42963,-12.136719703674316,12.28075122833252,1
1762947063.42963,-11.873234748840332,11.60387134552002,1
1762947063.4361672,-11.793103218078613,13.351935386657715,1
1762947063.4361672,-11.399811744689941,11.041125297546387,1
1762947063.442272,-11.5816011428833,13.491585731506348,1
1762947063.5594172,-10.984809875488281,12.901460647583008,1
1762947063.560373,-10.739677429199219,11.701494216918945,1
1762947063.5664933,-10.511446952819824,12.784533500671387,1
1762947063.5664933,-10.725388526916504,10.788830757141113,1
1762947063.5737576,-10.566139221191406,13.269290924072266,1
1762947063.6784408,-10.072517395019531,12.163108825683594,1
1762947063.6784408,-10.532637596130371,11.23926830291748,1
1762947063.6838644,-10.027403831481934,12.032660484313965,1
1762947063.6838644,-10.689323425292969,11.442583084106445,1
1762947063.694186,-9.82497501373291,11.469788551330566,1
1762947063.8072662,-9.777886390686035,11.980183601379395,1
1762947063.8072662,-9.938887596130371,10.698525428771973,1
1762947063.8140864,-9.499588966369629,11.230074882507324,1
1762947063.8140864,-9.63677978515625,11.296285629272461,1
1762947063.8199627,-9.701400756835938,10.994085311889648,1
1762947063.9308016,-9.5883150100708,11.686591148376465,1
1762947063.9308016,-10.059418678283691,10.966917991638184,1
1762947063.9308016,-9.822831153869629,10.709900856018066,1
1762947063.9308016,-10.282722473144531,11.344932556152344,1
1762947063.9491198,-10.190046310424805,10.50063705444336,1
1762947064.0585232,-10.371628761291504,11.6126070022583,1
1762947064.0585232,-10.70464038848877,12.19384479522705,1
1762947064.0585232,-10.744621276855469,12.013080596923828,1
1762947064.0585232,-10.650753021240234,11.735130310058594,1
1762947064.0743058,-10.629426956176758,12.239067077636719,1
1762947064.1856863,-10.977558135986328,11.307737350463867,1
1762947064.1856863,-11.355792045593262,11.22472095489502,1
1762947064.2014678,-12.072891235351562,11.881168365478516,1
1762947064.2014678,-11.6651611328125,11.777057647705078,1
1762947064.2014678,-12.411965370178223,11.95374584197998,1
1762947064.3127708,-12.798340797424316,12.4719820022583,1
1762947064.3127708,-12.321090698242188,11.106412887573242,1
1762947064.3285308,-12.51275634765625,11.467126846313477,1
1762947064.3285308,-11.817334175109863,11.64547061920166,1
1762947064.3316362,-11.68701457977295,12.317151069641113,1
1762947064.439567,-10.771649360656738,11.720499992370605,1
1762947064.439567,-9.844649314880371,12.076756477355957,1
1762947064.449267,-9.50149154663086,12.28731918334961,1
1762947064.449267,-9.357647895812988,12.844840049743652,1
1762947064.4557998,-9.00131893157959,11.555323600769043,1
1762947064.5672755,-8.765652656555176,11.121506690979004,1
1762947064.5672755,-8.88912296295166,11.853592872619629,1
1762947064.5857537,-8.517013549804688,11.177742004394531,1
1762947064.5857537,-9.21905517578125,12.532865524291992,1
1762947064.5934803,-8.841710090637207,11.054797172546387,1
1762947064.7013173,-9.090723991394043,11.667769432067871,1
1762947064.7013173,-9.411177635192871,11.62926959991455,1
1762947064.7013173,-9.120810508728027,11.530308723449707,1
1762947064.7013173,-9.613216400146484,11.800968170166016,1
1762947064.7113428,-9.480803489685059,11.485774040222168,1
1762947064.8221595,-9.756926536560059,11.327506065368652,1
1762947064.8221595,-10.667710304260254,10.666396141052246,1
1762947064.8221595,-11.022183418273926,12.76619815826416,1
1762947064.8221595,-11.330818176269531,12.754327774047852,1
1762947064.8379633,-11.049088478088379,12.136946678161621,1
1762947064.965155,-10.996052742004395,11.560650825500488,1
1762947064.965155,-11.838128089904785,12.000771522521973,1
1762947064.965155,-11.694357872009277,11.861788749694824,1
1762947064.965155,-12.022107124328613,11.320904731750488,1
1762947064.9809668,-11.918647766113281,12.463146209716797,1
1762947065.09278,-12.178215026855469,11.758865356445312,1
1762947065.09278,-12.268771171569824,11.500149726867676,1
1762947065.1114402,-11.909144401550293,11.641058921813965,1
1762947065.1123874,-13.606196403503418,10.927462577819824,1
1762947065.117891,-11.570037841796875,11.421545028686523,1
1762947065.238853,-11.47640609741211,11.590991973876953,1
1762947065.241428,-11.367042541503906,12.108480453491211,1
1762947065.2474837,-11.724044799804688,12.528627395629883,1
1762947065.2474837,-11.835028648376465,11.73095417022705,1
1762947065.2532108,-12.117317199707031,11.863702774047852,1
1762947065.37675,-12.501904487609863,11.756211280822754,1
1762947065.3780704,-12.333788871765137,11.502289772033691,1
1762947065.3848588,-12.29118824005127,11.562836647033691,1
1762947065.385374,-12.084938049316406,11.876304626464844,1
1762947065.392046,-11.564188957214355,11.456509590148926,1
1762947065.5060306,-12.137882232666016,12.221996307373047,1
1762947065.5060306,-14.23173999786377,12.093321800231934,1
1762947065.5060306,-14.949684143066406,11.924467086791992,1
1762947065.5060306,-14.632888793945312,11.127716064453125,1
1762947065.52002,-13.987525939941406,12.208524703979492,1
1762947065.6471908,-12.7695951461792,11.848719596862793,1
1762947065.6471908,-12.582972526550293,11.022284507751465,1
1762947065.6509824,-12.414779663085938,12.152793884277344,1
1762947065.6509824,-12.812865257263184,10.996830940246582,1
1762947065.6509824,-11.739754676818848,12.326382637023926,1
1762947065.7795415,-11.903437614440918,12.078213691711426,1
1762947065.7795415,-11.177599906921387,10.469178199768066,1
1762947065.7795415,-11.686205863952637,13.136332511901855,1
1762947065.7795415,-10.94419002532959,11.34247875213623,1
1762947065.7932293,-10.933707237243652,13.91271686553955,1
1762947065.909979,-10.940532684326172,14.80166244506836,1
1762947065.9106357,-13.262932777404785,15.267788887023926,1
1762947065.9175098,-15.654850959777832,17.34757137298584,1
1762947065.9175098,-12.344677925109863,15.234488487243652,1
1762947065.9243345,-14.871071815490723,16.918889045715332,1
1762947066.0432656,-15.188815116882324,17.806675910949707,1
1762947066.0432656,-9.477368354797363,14.891728401184082,1
1762947066.0432656,-9.21951961517334,12.202961921691895,1
1762947066.0514495,-9.66513442993164,15.116521835327148,1
1762947066.0514495,-10.303668975830078,12.922285079956055,1
1762947066.1697228,-10.521708488464355,12.068039894104004,1
1762947066.1697228,-10.167376518249512,12.331358909606934,1
1762947066.1855316,-10.685711860656738,11.656146049499512,1
1762947066.1855316,-9.547242164611816,12.299796104431152,1
1762947066.1855316,-10.242584228515625,11.921697616577148,1
1762947066.3173075,-10.37375259399414,11.741357803344727,1
1762947066.3173075,-10.106900215148926,12.337956428527832,1
1762947066.3173075,-10.827771186828613,11.984780311584473,1
1762947066.3173075,-11.465934753417969,12.943870544433594,1
1762947066.3309765,-11.221694946289062,12.955713272094727,1
1762947066.4456513,-9.383477210998535,12.389683723449707,1
1762947066.4468527,-9.085402488708496,13.3888521194458,1
1762947066.4537897,-11.329812049865723,10.943511009216309,1
1762947066.4537897,-9.751595497131348,12.66431713104248,1
1762947066.4607787,-11.22911548614502,11.31905460357666,1
1762947066.5826302,-11.287070274353027,11.410622596740723,1
1762947066.5826302,-11.6074857711792,13.014037132263184,1
1762947066.5887425,-12.062049865722656,14.67001724243164,1
1762947066.5887425,-11.33487606048584,13.145445823669434,1
1762947066.5986655,-11.9768705368042,15.870129585266113,1
1762947066.7147188,-12.4183349609375,16.339143753051758,1
1762947066.7147188,-11.038726806640625,12.475065231323242,1
1762947066.728992,-9.42005443572998,13.053454399108887,1
1762947066.728992,-11.231184959411621,12.578112602233887,1
1762947066.7310586,-9.767576217651367,13.062379837036133,1
1762947066.85286,-8.721335411071777,12.97609806060791,1
1762947066.85286,-8.902920722961426,11.928168296813965,1
1762947066.85286,-11.36154556274414,12.734399795532227,1
1762947066.85286,-9.768440246582031,12.77204704284668,1
1762947066.8714461,-10.71013355255127,14.091412544250488,1
1762947066.979542,-10.230908393859863,14.249268531799316,1
1762947066.979542,-8.281399726867676,10.95190143585205,1
1762947066.9956539,-10.449666976928711,12.86810302734375,1
1762947066.9956539,-9.332801818847656,11.034528732299805,1
1762947066.9956539,-12.1731595993042,14.085328102111816,1
1762947067.1225564,-12.590958595275879,12.518460273742676,1
1762947067.1225564,-10.76257038116455,11.408404350280762,1
1762947067.1225564,-10.280695915222168,11.344742774963379,1
1762947067.1225564,-10.410858154296875,12.175439834594727,1
1762947067.1383266,-10.009879112243652,11.89403247833252,1
1762947067.2528358,-9.88657283782959,11.582087516784668,1
1762947067.2528358,-12.589198112487793,14.299790382385254,1
1762947067.263999,-11.559292793273926,13.924822807312012,1
1762947067.263999,-12.829337120056152,13.135685920715332,1
1762947067.263999,-11.70506763458252,14.53661823272705,1
1762947067.3974292,-12.052311897277832,13.350968360900879,1
1762947067.3974292,-9.598489761352539,11.70927619934082,1
1762947067.4052742,-11.292610168457031,12.56475830078125,1
1762947067.4052742,-9.559550285339355,10.202075004577637,1
1762947067.4110575,-11.288594245910645,12.619902610778809,1
1762947067.5347986,-10.97567081451416,12.483399391174316,1
1762947067.5347986,-12.593350410461426,11.787087440490723,1
1762947067.540218,-11.51545238494873,10.936518669128418,1
1762947067.5430477,-12.872258186340332,11.236056327819824,1
1762947067.5439382,-11.301154136657715,12.46346378326416,1
1762947067.6710474,-10.918810844421387,11.107758522033691,1
1762947067.6766858,-33.3524169921875,7.448486328125,0
1762947067.6773236,-34.249916076660156,7.471809387207031,0
1762947067.6773236,-35.937992095947266,8.772666931152344,1
1762947067.6877537,-34.13161849975586,7.598304748535156,0
1762947067.817462,-34.29591369628906,6.968898773193359,0
1762947067.8182714,-33.46445083618164,8.06747817993164,1
1762947067.8240733,-35.27811813354492,7.733882904052734,0
1762947067.8240733,-32.79087448120117,6.152652740478516,0
1762947067.8328807,-33.71085739135742,7.878288269042969,0
1762947067.982294,-32.491851806640625,7.546550750732422,0
1762947067.982294,-34.23173904418945,7.1477813720703125,0
1762947067.989253,-35.41444396972656,6.4468841552734375,0
1762947067.9903276,-33.55595016479492,6.986446380615234,0
1762947067.9967284,-34.03828430175781,6.99444580078125,0
1762947068.14901,-33.68315505981445,6.351356506347656,0
1762947068.151025,-34.1070442199707,7.1013336181640625,0
1762947068.155771,-33.628597259521484,7.895664215087891,0
1762947068.156821,-34.668216705322266,7.366809844970703,0
1762947068.163834,-34.074310302734375,7.138492584228516,0
1762947068.3156703,-33.55082702636719,8.5421142578125,1
1762947068.3156703,-33.4771842956543,6.110774993896484,0
1762947068.3240013,-33.124053955078125,6.57476806640625,0
1762947068.3250823,-33.92564392089844,7.174568176269531,0
1762947068.330063,-34.39787673950195,7.707561492919922,0
1762947068.4848683,-34.24668502807617,7.337921142578125,0
1762947068.4848683,-34.54607009887695,7.86578369140625,0
1762947068.492569,-34.37533950805664,7.060516357421875,0
1762947068.4935665,-33.5034294128418,8.640155792236328,1
1762947068.498564,-35.046207427978516,7.111164093017578,0
1762947068.6527214,-34.487850189208984,8.786224365234375,1
1762947068.6527214,-34.77950668334961,8.903327941894531,1
1762947068.660389,-34.20176315307617,8.567573547363281,1
1762947068.6624541,-34.118953704833984,6.9004058837890625,0
1762947068.667398,-34.14828872680664,7.450588226318359,0
1762947068.8293777,-33.06114196777344,6.868507385253906,0
1762947068.8303862,-33.07356262207031,6.015174865722656,0
1762947068.8373382,-34.0058708190918,6.9227294921875,0
1762947068.8383753,-33.69631576538086,7.048301696777344,0
1762947068.844464,-33.88203811645508,7.175651550292969,0
1762947068.9738436,-33.64019775390625,6.942008972167969,0
1762947068.9738436,-34.098358154296875,6.966304779052734,0
1762947068.9900165,-33.88102340698242,7.922832489013672,0
1762947068.9900165,-33.78982162475586,7.427898406982422,0
1762947068.9900165,-33.53416061401367,6.96441650390625,0
1762947069.134776,-34.16135787963867,7.201423645019531,0
1762947069.1353662,-34.466758728027344,8.60268783569336,1
1762947069.1419873,-33.16001510620117,6.477802276611328,0
1762947069.1426954,-35.20018005371094,7.777629852294922,0
1762947069.1491828,-34.84494400024414,5.490261077880859,0
1762947069.285748,-34.577632904052734,6.483585357666016,0
1762947069.2863593,-32.46723937988281,8.552345275878906,1
1762947069.2893825,-33.70559310913086,8.905563354492188,1
1762947069.2893825,-33.81521987915039,7.13348388671875,0
1762947069.2893825,-34.38064956665039,8.073402404785156,1
1762947069.4322588,-34.108707427978516,8.232608795166016,1
1762947069.4322588,-34.31209182739258,8.323314666748047,1
1762947069.4322588,-35.2454719543457,8.173309326171875,1
1762947069.4322588,-34.852840423583984,9.333545684814453,1
1762947069.448221,-35.46983337402344,6.883125305175781,0
1762947069.5749364,-34.32309341430664,7.673313140869141,0
1762947069.5749364,-33.95537185668945,7.581912994384766,0
1762947069.590763,-33.01869583129883,7.610618591308594,0
1762947069.590763,-33.46784591674805,7.400703430175781,0
1762947069.5991137,-33.914894104003906,7.037410736083984,0
1762947069.7232747,-34.57712173461914,6.826927185058594,0
1762947069.7341714,-33.3314323425293,7.600837707519531,0
1762947069.7380812,-34.00496292114258,6.655284881591797,0
1762947069.7380812,-33.95966720581055,6.3188323974609375,0
1762947069.7380812,-34.39250564575195,7.675468444824219,0
1762947069.8846898,-34.492305755615234,8.650871276855469,1
1762947069.8846898,-33.91413497924805,8.246772766113281,1
1762947069.888012,-34.88698959350586,7.304424285888672,0
1762947069.888012,-33.71995162963867,7.896129608154297,0
1762947069.893754,-34.007755279541016,7.95849609375,0
1762947070.0354774,-34.377201080322266,6.848369598388672,0
1762947070.0354774,-35.20670700073242,8.617034912109375,1
1762947070.0473409,-34.16899108886719,8.133392333984375,1
1762947070.0478644,-34.289215087890625,7.125514984130859,0
1762947070.0540767,-32.98906326293945,7.962104797363281,0
1762947070.2002203,-33.8585090637207,6.779853820800781,0
1762947070.2002203,-33.9005012512207,8.833988189697266,1
1762947070.203372,-33.23544692993164,8.04669189453125,1
1762947070.203372,-33.22646713256836,7.926368713378906,0
1762947070.213452,-34.28608703613281,7.155658721923828,0
1762947070.359238,-32.81037902832031,6.710990905761719,0
1762947070.3607135,-34.504859924316406,6.6935882568359375,0
1762947070.3676085,-34.36060333251953,9.142772674560547,1
1762947070.3683035,-35.430145263671875,8.803577423095703,1
1762947070.3733132,-34.46524429321289,5.608818054199219,0
1762947070.5323064,-34.8450813293457,7.031764984130859,0
1762947070.5332286,-32.98713302612305,8.243034362792969,1
1762947070.5402808,-33.9473762512207,7.059700012207031,0
1762947070.5402808,-33.655460357666016,8.052947998046875,1
1762947070.547405,-34.38955307006836,7.961093902587891,0
1762947070.7198582,-34.15324401855469,7.262519836425781,0
1762947070.7208622,-33.90640640258789,7.112499237060547,0
1762947070.7268224,-32.268375396728516,6.425510406494141,0
1762947070.7278755,-34.27052307128906,6.964153289794922,0
1762947070.734896,-31.88849639892578,6.404644012451172,0
1762947070.900237,-33.66032028198242,6.010204315185547,0
1762947070.900237,-33.774600982666016,7.16107177734375,0
1762947070.9083219,-32.3917350769043,7.430122375488281,0
1762947070.9092987,-35.132423400878906,7.095088958740234,0
1762947070.9143536,-33.13190841674805,6.967704772949219,0
1762947071.093486,-33.822269439697266,7.4879150390625,0
1762947071.093486,-32.99479675292969,7.2834014892578125,0
1762947071.1015599,-34.057777404785156,6.523155212402344,0
1762947071.1015599,-34.58964538574219,7.707729339599609,0
1762947071.1084504,-34.48234176635742,7.670124053955078,0
1762947071.2811267,-34.35786056518555,8.453628540039062,1
1762947071.282134,-33.958553314208984,6.461849212646484,0
1762947071.2882166,-32.577266693115234,8.158149719238281,1
1762947071.289226,-33.50221252441406,7.0789642333984375,0
1762947071.296218,-33.55051040649414,6.206550598144531,0
1762947071.4497356,-34.0449333190918,7.549465179443359,0
1762947071.4497356,-34.03396224975586,8.218433380126953,1
1762947071.459172,-33.83689498901367,6.367404937744141,0
1762947071.459172,-34.7856559753418,8.115398406982422,1
1762947071.4657924,-32.84634780883789,6.6671905517578125,0
1762947071.6157346,-34.141780853271484,6.814540863037109,0
1762947071.6157346,-34.77371597290039,5.782737731933594,0
1762947071.622452,-33.17814254760742,6.195716857910156,0
1762947071.6236734,-34.718509674072266,8.414741516113281,1
1762947071.629723,-33.693763732910156,7.790477752685547,0
1762947071.7810204,-32.888572692871094,7.189060211181641,0
1762947071.7810204,-33.43900680541992,5.956424713134766,0
1762947071.78741,-33.63688278198242,7.412799835205078,0
1762947071.78741,-34.41725158691406,6.224525451660156,0
1762947071.793744,-33.78718185424805,6.724140167236328,0
1762947071.941675,-33.85445785522461,8.458965301513672,1
1762947071.941675,-34.657936096191406,8.072246551513672,1
1762947071.9497857,-33.69437789916992,6.707603454589844,0
1762947071.9497857,-34.280609130859375,8.330455780029297,1
1762947071.9506292,-33.759342193603516,6.4871063232421875,0
1762947072.100578,-34.20442581176758,5.669795989990234,0
1762947072.100578,-33.1871223449707,6.838619232177734,0
1762947072.100578,-35.220523834228516,7.487590789794922,0
1762947072.100578,-33.823673248291016,6.827899932861328,0
1762947072.100578,-34.17483901977539,7.940620422363281,0
1762947072.2707195,-32.27607345581055,7.112113952636719,0
1762947072.2707195,-35.128116607666016,8.069446563720703,1
1762947072.2781682,-34.48137283325195,7.038120269775391,0
1762947072.278753,-33.84250259399414,8.178047180175781,1
1762947072.2837274,-34.22902297973633,7.148170471191406,0
1762947072.431807,-34.43446350097656,7.269618988037109,0
1762947072.4333215,-34.11088180541992,8.836349487304688,1
1762947072.4396718,-32.20610046386719,6.993011474609375,0
1762947072.440396,-35.07378005981445,8.560997009277344,1
1762947072.4460175,-32.96888732910156,6.385639190673828,0
1762947072.5977569,-34.26869201660156,6.7922210693359375,0
1762947072.5977569,-32.706302642822266,6.916023254394531,0
1762947072.6061938,-34.67548751831055,8.90481948852539,1
1762947072.6061938,-35.28178405761719,8.004573822021484,1
1762947072.6105983,-34.9438362121582,8.73086166381836,1
1762947072.7616696,-35.00936508178711,7.670631408691406,0
1762947072.7616696,-34.15777587890625,8.501747131347656,1
1762947072.7695298,-33.16655349731445,7.246654510498047,0
1762947072.7700906,-34.182167053222656,6.924365997314453,0
1762947072.7769809,-34.68404006958008,6.616809844970703,0
1762947072.9271276,-33.83200454711914,6.942188262939453,0
1762947072.9271276,-33.27720260620117,7.353046417236328,0
1762947072.9344707,-35.4553337097168,8.060310363769531,1
1762947072.9344707,-33.709415435791016,6.9449615478515625,0
1762947072.9395502,-34.980594635009766,7.915351867675781,0
1762947073.0983071,-33.33494567871094,5.268402099609375,0
1762947073.0983071,-26.07683563232422,7.360820770263672,0
1762947073.0983071,-33.73112487792969,6.827106475830078,0
1762947073.0983071,-34.85281753540039,8.909454345703125,1
1762947073.1141446,-34.86971664428711,8.209186553955078,1
1762947073.2842302,-34.81332778930664,6.555183410644531,0
1762947073.2842302,-34.35161209106445,9.134765625,1
1762947073.2924752,-34.7303466796875,6.993366241455078,0
1762947073.2924752,-34.37759017944336,7.609489440917969,0
1762947073.2996356,-33.6366081237793,6.496528625488281,0
1762947073.4658263,-34.69073486328125,7.563724517822266,0
1762947073.4666843,-33.86259841918945,7.311302185058594,0
1762947073.4728982,-35.10107421875,8.63503646850586,1
1762947073.4734733,-34.3132209777832,6.2142181396484375,0
1762947073.4785948,-33.175167083740234,6.638996124267578,0
1762947073.6339808,-35.58922576904297,6.9086456298828125,0
1762947073.6339808,-34.25607681274414,7.006504058837891,0
1762947073.6498802,-34.73334884643555,7.456787109375,0
1762947073.6498802,-34.50319290161133,7.033267974853516,0
1762947073.6498802,-35.63717269897461,7.9236602783203125,0
1762947073.8161516,-33.20379638671875,7.4008636474609375,0
1762947073.8161516,-33.87733459472656,6.079669952392578,0
1762947073.8237216,-33.73783493041992,7.979236602783203,0
1762947073.8237216,-34.77561950683594,7.842914581298828,0
1762947073.8237216,-33.710723876953125,6.7672576904296875,0
1762947073.9970503,-33.76163101196289,7.548320770263672,0
1762947073.9980588,-33.31296157836914,7.1960601806640625,0
1762947074.0042324,-35.39933395385742,8.04677963256836,1
1762947074.0049884,-34.371341705322266,7.286685943603516,0
1762947074.0114048,-34.14433670043945,6.410209655761719,0
1762947074.166581,-34.13380813598633,9.200550079345703,1
1762947074.166581,-33.50553512573242,7.730220794677734,0
1762947074.170259,-34.61447525024414,6.982181549072266,0
1762947074.170259,-34.626495361328125,7.7439727783203125,0
1762947074.1751344,-34.17719650268555,6.932628631591797,0
1762947074.3338788,-35.19150161743164,8.682079315185547,1
1762947074.3338788,-34.48398208618164,7.726161956787109,0
1762947074.3338788,-33.61265563964844,6.794399261474609,0
1762947074.3338788,-34.0349235534668,7.191925048828125,0
1762947074.3506784,-34.58027267456055,7.7195281982421875,0
1762947074.5149417,-34.445701599121094,6.545207977294922,0
1762947074.5149417,-33.7640380859375,6.8262939453125,0
1762947074.521421,-34.712825775146484,6.1772003173828125,0
1762947074.5224257,-35.26882553100586,8.797950744628906,1
1762947074.5258954,-35.002357482910156,7.893329620361328,0
1762947074.6819906,-34.13734817504883,6.358192443847656,0
1762947074.6819906,-35.387657165527344,7.838249206542969,0
1762947074.6819906,-34.8417854309082,6.506923675537109,0
1762947074.6819906,-35.00544357299805,7.522533416748047,0
1762947074.697826,-33.98226547241211,8.710681915283203,1
1762947074.8725169,-34.28591537475586,6.679100036621094,0
1762947074.8725169,-33.96210861206055,7.367462158203125,0
1762947074.8767333,-33.83152770996094,7.6356201171875,0
1762947074.8767333,-34.85594177246094,7.9273834228515625,0
1762947074.8882792,-34.15153503417969,6.941173553466797,0
1762947075.046808,-34.1325569152832,6.772533416748047,0
1762947075.046808,-34.772491455078125,6.877506256103516,0
1762947075.0546184,-35.26427459716797,8.07546615600586,1
1762947075.0546184,-33.25429916381836,8.085140228271484,1
1762947075.0614371,-33.25023651123047,6.938289642333984,0
1762947075.2347414,-34.35543441772461,7.330066680908203,0
1762947075.2347414,-34.00437545776367,6.661746978759766,0
1762947075.2347414,-33.64046096801758,7.581550598144531,0
1762947075.2347414,-33.6677131652832,8.05865478515625,1
1762947075.2347414,-33.645423889160156,8.515769958496094,1
1762947075.4231899,-33.453006744384766,7.321739196777344,0
1762947075.4231899,-34.57683563232422,7.951961517333984,0
1762947075.4231899,-33.522438049316406,6.721534729003906,0
1762947075.4231899,-34.09084701538086,7.4534759521484375,0
1762947075.4231899,-33.85886764526367,8.325702667236328,1
1762947075.5982916,-34.38425064086914,7.144535064697266,0
1762947075.5982916,-33.429847717285156,7.438819885253906,0
1762947075.5982916,-34.72880935668945,8.769126892089844,1
1762947075.5982916,-34.44209289550781,6.635780334472656,0
1762947075.614293,-35.38539505004883,8.26834487915039,1
1762947075.7799308,-35.51142501831055,7.8723602294921875,0
1762947075.7799308,-31.677770614624023,7.17088508605957,0
1762947075.788846,-33.581302642822266,7.387256622314453,0
1762947075.788846,-32.87162399291992,6.825046539306641,0
1762947075.7910032,-32.51361083984375,8.90328598022461,1
1762947075.9662204,-31.991125106811523,6.270883560180664,0
1762947075.9662204,-34.45680618286133,7.76727294921875,0
1762947075.9662204,-34.0752067565918,7.418628692626953,0
1762947075.9662204,-34.525753021240234,7.403766632080078,0
1762947075.9840589,-33.70223617553711,7.3958282470703125,0
1762947076.1381977,-33.28116989135742,7.068634033203125,0
1762947076.1381977,-34.332984924316406,7.523921966552734,0
1762947076.154009,-33.614925384521484,7.835231781005859,0
1762947076.154009,-35.04706954956055,10.643787384033203,1
1762947076.1637635,-33.86942672729492,6.878459930419922,0
1762947076.3435235,-34.22713088989258,8.360404968261719,1
1762947076.3435235,-34.04875564575195,6.937503814697266,0
1762947076.3435235,-35.068450927734375,7.475532531738281,0
1762947076.3435235,-32.99274826049805,6.790687561035156,0
1762947076.359626,-34.058433532714844,7.3485107421875,0
1762947076.5423622,-33.493141174316406,6.92901611328125,0
1762947076.5430393,-32.69172286987305,8.973758697509766,1
1762947076.5489826,-32.88522720336914,6.813709259033203,0
1762947076.5499954,-34.24777603149414,6.201026916503906,0
1762947076.5499954,-32.61899185180664,7.225521087646484,0
1762947076.7238872,-33.48542404174805,7.579795837402344,0
1762947076.7238872,-30.20458221435547,6.635524749755859,0
1762947076.7238872,-2.8993279933929443,14.155472040176392,1
1762947076.7238872,-3.3094003200531006,15.085281610488892,1
1762947076.7396953,-13.830116271972656,9.4827880859375,1
1762947076.9181912,-3.2422916889190674,13.91241717338562,1
1762947076.9293263,-31.754531860351562,7.643028259277344,0
1762947076.9293263,-6.874326229095459,14.116512775421143,1
1762947076.9293263,-33.58580017089844,8.386878967285156,1
1762947076.9293263,-23.327911376953125,11.627559661865234,1
1762947077.1197176,-34.86140060424805,7.017734527587891,0
1762947077.1197176,-7.546306610107422,14.796548843383789,1
1762947077.1355205,-33.662235260009766,6.164421081542969,0
1762947077.1355205,-34.23354721069336,8.245929718017578,1
1762947077.1355205,-32.22029495239258,6.5723876953125,0
1762947077.3106432,-33.59993362426758,6.5112152099609375,0
1762947077.3106432,-31.118288040161133,7.820520401000977,0
1762947077.3203123,-33.967037200927734,7.6183624267578125,0
1762947077.3266997,-34.28030776977539,5.968364715576172,0
1762947077.3266997,-33.92070770263672,6.945858001708984,0
1762947077.5128245,-11.76933765411377,13.114771842956543,1
1762947077.5138981,-18.194053649902344,4.718809127807617,0
1762947077.520473,-18.552446365356445,10.799158096313477,1
1762947077.5212526,-33.48906326293945,7.334800720214844,0
1762947077.5274422,-11.518021583557129,16.23082447052002,1
1762947077.6943989,-34.90153121948242,7.932743072509766,0
1762947077.708076,-6.75326681137085,14.412582874298096,1
1762947077.7145143,-16.568056106567383,10.729043960571289,1
1762947077.7145143,-32.48005294799805,7.134403228759766,0
1762947077.7163615,-6.765387058258057,15.126515865325928,1
1762947077.8980782,-33.702335357666016,6.449615478515625,0
1762947077.8980782,-2.932849884033203,8.045717239379883,1
1762947077.9027784,-33.718902587890625,7.616764068603516,0
1762947077.9027784,-34.15983963012695,7.601467132568359,0
1762947077.9027784,-35.980464935302734,7.810150146484375,0
1762947078.087168,-35.35805130004883,7.133537292480469,0
1762947078.0881753,-33.576141357421875,8.073123931884766,1
1762947078.094948,-33.78250503540039,10.66461181640625,1
1762947078.094948,-8.153510093688965,14.19690990447998,1
1762947078.094948,-35.15133285522461,8.594432830810547,1
1762947078.2784069,-34.80143356323242,6.353557586669922,0
1762947078.2784069,-11.054256439208984,12.590478897094727,1
1762947078.2784069,-11.297694206237793,10.888760566711426,1
1762947078.2784069,-10.88012409210205,13.407536506652832,1
1762947078.2943954,-12.321904182434082,11.867403984069824,1
1762947078.4714596,-11.575078010559082,11.142786979675293,1
1762947078.4714596,-12.872562408447266,12.21054458618164,1
1762947078.4714596,-14.303359985351562,12.102678298950195,1
1762947078.4714596,-12.602473258972168,13.299580574035645,1
1762947078.4855766,-13.643218994140625,11.379463195800781,1
1762947078.6603253,-14.963775634765625,11.511100769042969,1
1762947078.6603253,-12.912436485290527,12.357028007507324,1
1762947078.6705074,-11.2521333694458,11.412957191467285,1
1762947078.6705074,-12.264309883117676,13.48909854888916,1
1762947078.6764557,-11.69052505493164,11.42497444152832,1
1762947078.8498905,-11.670356750488281,11.160400390625,1
1762947078.8498905,-11.969429969787598,12.906205177307129,1
1762947078.867934,-11.675673484802246,11.379408836364746,1
1762947078.867934,-17.239301681518555,10.752880096435547,1
1762947078.8763824,-12.022496223449707,12.794629096984863,1
1762947079.0556433,-11.472320556640625,12.516611099243164,1
1762947079.0556433,-11.548888206481934,11.198735237121582,1
1762947079.0597415,-11.859883308410645,11.780264854431152,1
1762947079.0597415,-11.28929615020752,10.903548240661621,1
1762947079.0680678,-11.099513053894043,12.0227632522583,1
1762947079.2461169,-10.894657135009766,12.14013671875,1
1762947079.2461169,-11.417880058288574,11.013943672180176,1
1762947079.2618942,-10.335968971252441,12.230956077575684,1
1762947079.2618942,-10.708436012268066,10.296496391296387,1
1762947079.2684255,-10.790840148925781,12.153936386108398,1
1762947079.4535892,-9.986957550048828,12.462064743041992,1
1762947079.4535892,-11.224754333496094,11.327421188354492,1
1762947079.4535892,-11.282544136047363,12.269299507141113,1
1762947079.4535892,-11.263249397277832,10.882912635803223,1
1762947079.470243,-11.675890922546387,11.237996101379395,1
1762947079.642921,-12.354659080505371,11.569546699523926,1
1762947079.642921,-12.954200744628906,11.557405471801758,1
1762947079.642921,-12.205944061279297,12.302017211914062,1
1762947079.642921,-13.338208198547363,11.103249549865723,1
1762947079.6627557,-12.188557624816895,12.696736335754395,1
1762947079.8493295,-12.714327812194824,11.444092750549316,1
1762947079.8493295,-15.357407569885254,10.802216529846191,1
1762947079.8493295,-14.438380241394043,13.030730247497559,1
1762947079.8493295,-15.018160820007324,10.771689414978027,1
1762947079.8493295,-14.398482322692871,13.02661418914795,1
1762947080.0449634,-14.195847511291504,12.911478996276855,1
1762947080.0469832,-13.546063423156738,13.349644660949707,1
1762947080.0529687,-12.40152359008789,11.730302810668945,1
1762947080.0529687,-13.733674049377441,12.579327583312988,1
1762947080.0602708,-12.677688598632812,11.18071174621582,1
1762947080.2482753,-12.199810981750488,11.75333309173584,1
1762947080.249048,-13.839810371398926,14.1057767868042,1
1762947080.2550704,-12.641161918640137,12.03501033782959,1
1762947080.2550704,-13.558112144470215,13.53088665008545,1
1762947080.2628195,-12.568745613098145,10.715252876281738,1
1762947080.452897,-12.506587982177734,11.097770690917969,1
1762947080.452897,-10.4886474609375,12.424007415771484,1
1762947080.452897,-12.012118339538574,11.23241138458252,1
1762947080.452897,-10.56929874420166,12.843037605285645,1
1762947080.4688005,-11.877574920654297,10.946111679077148,1
1762947080.6586485,-12.047172546386719,11.627174377441406,1
1762947080.6586485,-9.011666297912598,13.135001182556152,1
1762947080.6709154,-8.22400951385498,11.976073265075684,1
1762947080.6709154,-8.732131004333496,12.54564380645752,1
1762947080.674513,-8.338958740234375,11.554790496826172,1
1762947081.1777568,-8.48477840423584,10.894793510437012,1
1762947081.1777568,-11.332130432128906,11.074588775634766,1
1762947081.1851254,-10.606289863586426,12.888886451721191,1
1762947081.1871362,-11.212142944335938,11.035369873046875,1
1762947081.1923785,-10.662765502929688,13.801626205444336,1
1762947081.3850489,-10.82420825958252,13.749007225036621,1
1762947081.3850489,-10.0054931640625,12.352386474609375,1
1762947081.388178,-9.73105239868164,12.014745712280273,1
1762947081.388178,-9.763312339782715,11.869492530822754,1
1762947081.396814,-9.571158409118652,12.619084358215332,1
1762947081.5782309,-9.4631929397583,11.734150886535645,1
1762947081.5782309,-10.598027229309082,14.44112491607666,1
1762947081.5782309,-9.297514915466309,12.10689640045166,1
1762947081.5782309,-11.0005464553833,15.661314964294434,1
1762947081.5942464,-9.6441068649292,12.093716621398926,1
1762947081.7859294,-9.898480415344238,11.4881010055542,1
1762947081.7859294,-11.430656433105469,11.432107925415039,1
1762947081.8021052,-10.251291275024414,12.176502227783203,1
1762947081.8021052,-9.822158813476562,11.596641540527344,1
1762947081.8021052,-9.860005378723145,12.065672874450684,1
1762947082.0077136,-11.041175842285156,13.109745025634766,1
1762947082.0077136,-10.182962417602539,11.336654663085938,1
1762947082.0237234,-10.630240440368652,14.349148750305176,1
1762947082.02432,-9.748608589172363,11.260100364685059,1
1762947082.0310726,-10.383231163024902,14.566668510437012,1
1762947082.2136762,-10.309807777404785,14.401711463928223,1
1762947082.2136762,-14.26961612701416,13.75890827178955,1
1762947082.2343347,-9.875267028808594,11.188545227050781,1
1762947082.2354949,-14.590850830078125,13.597938537597656,1
1762947082.241916,-10.012717247009277,11.257159233093262,1
1762947082.4243002,-10.38587474822998,11.809081077575684,1
1762947082.4243002,-14.453417778015137,12.124373435974121,1
1762947082.436326,-15.897162437438965,11.275879859924316,1
1762947082.436326,-15.222976684570312,12.853437423706055,1
1762947082.4445105,-16.505586624145508,11.231512069702148,1
1762947082.635375,-16.476804733276367,11.34292984008789,1
1762947082.635375,-14.973135948181152,15.605525016784668,1
1762947082.6421707,-11.755345344543457,10.97573184967041,1
1762947082.6421707,-14.902668952941895,16.764355659484863,1
1762947082.64918,-11.744505882263184,10.799071311950684,1
1762947082.8314173,-11.71875,10.689889907836914,1
1762947082.8314173,-11.175712585449219,10.985139846801758,1
1762947082.8466077,-11.576374053955078,12.29218864440918,1
1762947082.8466077,-11.195292472839355,11.793841361999512,1
1762947082.852903,-11.295109748840332,11.688366889953613,1
1762947083.0530746,-10.921998023986816,11.198641777038574,1
1762947083.0530746,-11.919352531433105,11.742968559265137,1
1762947083.0530746,-11.70356273651123,12.916693687438965,1
1762947083.0530746,-12.172454833984375,12.236417770385742,1
1762947083.0530746,-11.84829044342041,14.351176261901855,1
1762947083.2622375,-12.039226531982422,13.756460189819336,1
1762947083.2622375,-9.77226448059082,14.307138442993164,1
1762947083.2744646,-10.229796409606934,11.31324291229248,1
1762947083.2744646,-9.981620788574219,13.358905792236328,1
1762947083.2744646,-10.121210098266602,11.642505645751953,1
1762947083.48135,-10.406536102294922,11.920204162597656,1
1762947083.48135,-10.355803489685059,13.40994930267334,1
1762947083.4944565,-10.232832908630371,11.607518196105957,1
1762947083.4944565,-10.306018829345703,14.396074295043945,1
1762947083.5008638,-10.348395347595215,11.631253242492676,1
1762947083.700931,-10.512081146240234,12.09239387512207,1
1762947083.700931,-10.671195983886719,12.309286117553711,1
1762947083.7045243,-8.754585266113281,12.008003234863281,1
1762947083.7045243,-10.480498313903809,11.859009742736816,1
1762947083.7045243,-8.694473266601562,12.117700576782227,1
1762947083.8957624,-9.037915229797363,12.19680118560791,1
1762947083.8957624,-9.980082511901855,12.453642845153809,1
1762947083.9126117,-11.164085388183594,11.505577087402344,1
1762947083.9126117,-10.283778190612793,12.928755760192871,1
1762947083.921648,-11.150309562683105,11.4970121383667,1
1762947084.1184072,-11.098845481872559,11.282111167907715,1
1762947084.1246269,-10.657868385314941,13.3273344039917,1
1762947084.1256535,-11.08979320526123,11.446965217590332,1
1762947084.1256535,-10.745648384094238,12.790987968444824,1
1762947084.1361945,-10.92245864868164,11.613784790039062,1
1762947084.3399858,-10.967778205871582,10.899035453796387,1
1762947084.3399858,-11.209456443786621,16.947047233581543,1
1762947084.3399858,-10.891528129577637,11.630839347839355,1
1762947084.3399858,-10.974883079528809,15.418200492858887,1
1762947084.3549252,-10.978904724121094,12.032011032104492,1
1762947084.560751,-11.155316352844238,12.536120414733887,1
1762947084.560751,-11.376548767089844,13.7747802734375,1
1762947084.560751,-10.729554176330566,10.818325996398926,1
1762947084.560751,-11.50653076171875,14.931745529174805,1
1762947084.5802236,-10.622267723083496,10.346644401550293,1
1762947084.7838507,-10.721531867980957,10.478503227233887,1
1762947084.7838507,-10.818676948547363,10.809065818786621,1
1762947084.79101,-11.086516380310059,10.153082847595215,1
1762947084.7928333,-11.021209716796875,10.907962799072266,1
1762947084.7991095,-11.153306007385254,10.91315746307373,1
1762947085.010386,-11.348808288574219,10.431886672973633,1
1762947085.010386,-11.102917671203613,12.869872093200684,1
1762947085.0176888,-13.084675788879395,11.929381370544434,1
1762947085.0176888,-11.813939094543457,12.505730628967285,1
1762947085.0242069,-13.18726634979248,12.084803581237793,1
1762947085.2377546,-13.580913543701172,11.220029830932617,1
1762947085.2377546,-14.968017578125,13.755256652832031,1
1762947085.2413507,-14.40678882598877,12.963059425354004,1
1762947085.2413507,-14.996201515197754,15.218583106994629,1
1762947085.2498045,-14.21838092803955,13.063908576965332,1
1762947085.4628382,-14.488171577453613,12.697648048400879,1
1762947085.4628382,-17.395977020263672,12.778646469116211,1
1762947085.4726448,-17.372922897338867,12.750764846801758,1
1762947085.4726448,-17.919923782348633,12.39215087890625,1
1762947085.4822502,-17.63697624206543,12.345464706420898,1
1762947085.6962812,-18.21744728088379,12.789382934570312,1
1762947085.6962812,-17.43475341796875,11.850831985473633,1
1762947085.7061017,-17.106382369995117,11.138927459716797,1
1762947085.7061017,-17.624055862426758,12.607954025268555,1
1762947085.7061017,-17.165481567382812,11.650806427001953,1
1762947085.9235964,-16.800317764282227,11.299955368041992,1
1762947085.9235964,-14.365196228027344,12.621559143066406,1
1762947085.9235964,-15.331180572509766,12.894092559814453,1
1762947085.9235964,-13.845547676086426,12.809718132019043,1
1762947085.9448957,-14.48639965057373,12.730559349060059,1
1762947086.1678596,-14.339058876037598,13.644614219665527,1
1762947086.1689858,-15.60711669921875,12.985481262207031,1
1762947086.1689858,-13.984349250793457,14.718255043029785,1
1762947086.1689858,-15.998143196105957,15.137324333190918,1
1762947086.180704,-13.492549896240234,11.748004913330078,1
1762947086.4043856,-13.207064628601074,14.200186729431152,1
1762947086.4043856,-13.568111419677734,10.27853775024414,1
1762947086.4083316,-12.729243278503418,11.1325044631958,1
1762947086.4083316,-13.226107597351074,10.18593692779541,1
1762947086.4151754,-10.783050537109375,12.260149002075195,1
1762947086.6348317,-10.558804512023926,11.352259635925293,1
1762947086.6372366,-10.83395767211914,15.601762771606445,1
1762947086.641806,-10.604193687438965,11.254376411437988,1
1762947086.641806,-10.673630714416504,14.896456718444824,1
1762947086.6455617,-10.3663969039917,11.515822410583496,1
1762947086.8628237,-10.336934089660645,11.38179874420166,1
1762947086.8736768,-7.462539196014404,12.899668216705322,1
1762947086.879926,-7.893338680267334,14.96601915359497,1
1762947086.879926,-7.699423313140869,12.639899730682373,1
1762947086.8875666,-7.959869384765625,13.744779586791992,1
1762947087.1135561,-7.836784362792969,14.77513313293457,1
1762947087.1149154,-9.162948608398438,14.731367111206055,1
1762947087.1195135,-9.164661407470703,12.218236923217773,1
1762947087.1195135,-9.218536376953125,14.47342300415039,1
1762947087.1283193,-9.531523704528809,12.121903419494629,1
1762947087.3519268,-9.33243465423584,11.50058650970459,1
1762947087.3526206,-9.978605270385742,12.803983688354492,1
1762947087.3595135,-10.292742729187012,12.192727088928223,1
1762947087.3595135,-10.163803100585938,12.807731628417969,1
1762947087.365433,-10.539697647094727,12.356983184814453,1
1762947087.5962079,-10.374199867248535,11.709052085876465,1
1762947087.5962079,-11.788203239440918,12.782221794128418,1
1762947087.602585,-13.800951957702637,13.207779884338379,1
1762947087.6039135,-11.821146965026855,11.375548362731934,1
1762947087.6108003,-13.491768836975098,12.168925285339355,1
1762947087.8441453,-13.023409843444824,12.415745735168457,1
1762947087.8441453,-11.609408378601074,10.750733375549316,1
1762947087.851812,-11.876681327819824,10.664803504943848,1
1762947087.851812,-11.669708251953125,10.917272567749023,1
1762947087.8585331,-11.430607795715332,11.10231876373291,1
1762947088.080956,-10.718314170837402,11.54832935333252,1
1762947088.0911698,-9.79569149017334,10.961321830749512,1
1762947088.0969443,-9.023298263549805,11.80607795715332,1
1762947088.0969443,-9.783273696899414,12.01750373840332,1
1762947088.1032133,-9.16699504852295,10.782769203186035,1
1762947088.3292994,-9.181479454040527,11.061833381652832,1
1762947088.3292994,-11.657382011413574,11.890103340148926,1
1762947088.335591,-10.988398551940918,14.600075721740723,1
1762947088.335591,-10.021102905273438,12.217842102050781,1
1762947088.3426604,-10.681873321533203,15.286357879638672,1
1762947088.5858436,-10.116325378417969,14.323554992675781,1
1762947088.5858436,-9.216802597045898,15.128454208374023,1
1762947088.5858436,-7.540822982788086,12.612174987792969,1
1762947088.5936506,-9.284790992736816,14.111664772033691,1
1762947088.5995393,-7.242430210113525,12.345527172088623,1
1762947088.8420498,-7.3477020263671875,12.122880935668945,1
1762947088.8426876,-7.456746578216553,11.62820291519165,1
1762947088.8440711,-7.810221195220947,12.273032665252686,1
1762947088.8440711,-7.442222595214844,11.973840713500977,1
1762947088.854938,-7.6262054443359375,12.305671691894531,1
1762947089.0892518,-7.3987717628479,11.710221767425537,1
1762947089.0892518,-8.534464836120605,11.259764671325684,1
1762947089.1101568,-8.061930656433105,12.023173332214355,1
1762947089.1101568,-8.20476245880127,10.706299781799316,1
1762947089.1168015,-8.063767433166504,11.92238712310791,1
1762947089.366425,-8.495522499084473,12.840226173400879,1
1762947089.366425,-7.897496700286865,11.855818271636963,1
1762947089.366425,-8.651829719543457,11.607321739196777,1
1762947089.374102,-8.162947654724121,11.314835548400879,1
1762947089.3799708,-8.782036781311035,11.252741813659668,1
1762947089.623954,-8.871705055236816,11.066720008850098,1
1762947089.623954,-9.134181022644043,11.756274223327637,1
1762947089.6353462,-10.228415489196777,14.488638877868652,1
1762947089.6353462,-9.246723175048828,11.336557388305664,1
1762947089.6398573,-10.021124839782715,15.188899040222168,1
1762947089.891432,-10.0336332321167,16.21739101409912,1
1762947089.8919494,-10.239638328552246,12.692025184631348,1
1762947089.8970444,-11.247710227966309,12.543923377990723,1
1762947089.8970444,-10.917696952819824,12.297089576721191,1
1762947089.9059017,-11.878125190734863,13.358065605163574,1
1762947090.16058,-12.358458518981934,13.028862953186035,1
1762947090.16058,-11.443336486816406,12.645009994506836,1
1762947090.163516,-11.304577827453613,12.20320987701416,1
1762947090.1684914,-11.147639274597168,13.194008827209473,1
1762947090.1747153,-11.459259986877441,13.257367134094238,1
1762947090.4205592,-11.355025291442871,13.904221534729004,1
1762947090.4238942,-12.158459663391113,14.809773445129395,1
1762947090.427952,-12.24664306640625,10.517850875854492,1
1762947090.427952,-12.020352363586426,15.081177711486816,1
1762947090.4367297,-12.20972728729248,10.246882438659668,1
1762947090.679896,-12.073620796203613,10.831917762756348,1
1762947090.6847682,-10.871912956237793,13.422375679016113,1
1762947090.6896484,-9.453490257263184,12.340739250183105,1
1762947090.6896484,-11.393174171447754,14.324101448059082,1
1762947090.6987112,-9.729657173156738,12.276230812072754,1
1762947090.9561155,-9.529084205627441,11.967751502990723,1
1762947090.9581265,-12.169071197509766,16.509681701660156,1
1762947090.9638822,-12.64989185333252,15.633576393127441,1
1762947090.9649656,-12.197952270507812,17.325611114501953,1
1762947090.9706013,-12.355903625488281,15.060131072998047,1
1762947091.2168088,-12.441922187805176,15.615767478942871,1
1762947091.2168088,-9.426398277282715,14.140427589416504,1
1762947091.220448,-10.727249145507812,13.344625473022461,1
1762947091.220448,-9.618453979492188,14.393402099609375,1
1762947091.225857,-10.422736167907715,12.978026390075684,1
1762947091.4782147,-10.61336898803711,14.519775390625,1
1762947091.4782147,-10.235587120056152,11.759894371032715,1
1762947091.4860926,-11.692421913146973,13.352063179016113,1
1762947091.4860926,-10.699329376220703,11.939094543457031,1
1762947091.4920278,-11.721542358398438,13.002029418945312,1
1762947091.7375689,-11.99680233001709,12.519640922546387,1
1762947091.7375689,-10.022851943969727,10.818828582763672,1
1762947091.743769,-10.66712474822998,11.142951011657715,1
1762947091.743769,-10.549492835998535,11.537558555603027,1
1762947091.74964,-11.103436470031738,10.489794731140137,1
1762947092.003696,-11.407071113586426,10.483763694763184,1
1762947092.003696,-14.84287166595459,10.976399421691895,1
1762947092.0074625,-14.258553504943848,15.102211952209473,1
1762947092.010914,-14.828666687011719,10.21888542175293,1
1762947092.0173047,-14.2968111038208,14.789721488952637,1
1762947092.2772868,-14.373639106750488,13.519576072692871,1
1762947092.2785895,-9.963468551635742,11.787179946899414,1
1762947092.2785895,-14.035523414611816,16.265448570251465,1
1762947092.2785895,-9.134173393249512,11.960837364196777,1
1762947092.2915943,-12.908268928527832,15.575135231018066,1
1762947092.5541623,-12.530197143554688,16.420238494873047,1
1762947092.5584471,-8.19950008392334,10.375700950622559,1
1762947092.5653336,-8.070457458496094,10.884445190429688,1
1762947092.5660336,-8.152999877929688,10.820419311523438,1
1762947092.5669506,-8.220272064208984,10.916526794433594,1
1762947092.8230186,-8.060888290405273,10.913713455200195,1
1762947092.8230186,-7.429872035980225,12.754847049713135,1
1762947092.8307664,-7.480699062347412,11.779959201812744,1
1762947092.8307664,-7.559983730316162,12.920082569122314,1
1762947092.8388667,-7.356438159942627,11.863196849822998,1
1762947093.0844674,-7.336399555206299,11.743615627288818,1
1762947093.0844674,-6.445963382720947,13.906604290008545,1
1762947093.0905156,-8.055599212646484,11.29071044921875,1
1762947093.0925293,-6.658675670623779,15.754568576812744,1
1762947093.099336,-7.99310827255249,11.483568668365479,1
1762947093.3408647,-8.096184730529785,10.915492057800293,1
1762947093.3408647,-7.228384494781494,14.126990795135498,1
1762947093.3468997,-6.560171604156494,13.418982982635498,1
1762947093.3489153,-7.0803303718566895,13.978244304656982,1
1762947093.3551586,-6.553031921386719,13.107446670532227,1
1762947093.5961006,-6.466243267059326,12.806774616241455,1
1762947093.5961006,-8.258774757385254,11.378043174743652,1
1762947093.6096733,-9.345829010009766,10.828121185302734,1
1762947093.6096733,-8.76578426361084,11.408080101013184,1
1762947093.6158464,-9.755422592163086,11.090103149414062,1
1762947093.8607254,-10.032543182373047,11.136781692504883,1
1762947093.8607254,-12.221519470214844,15.989599227905273,1
1762947093.8607254,-9.408284187316895,11.594088554382324,1
1762947093.8607254,-12.320819854736328,15.316801071166992,1
1762947093.8787413,-9.295660972595215,11.255724906921387,1
1762947094.1240997,-9.210000038146973,11.3662748336792,1
1762947094.1240997,-11.68834400177002,14.457470893859863,1
1762947094.130201,-8.504474639892578,12.42727279663086,1
1762947094.130201,-11.347195625305176,14.641711235046387,1
1762947094.1384506,-8.169046401977539,12.34396743774414,1
1762947094.3827307,-8.169865608215332,12.528141975402832,1
1762947094.3827307,-12.36531925201416,13.811541557312012,1
1762947094.3904414,-10.671310424804688,13.464872360229492,1
1762947094.3917518,-11.64255428314209,14.060107231140137,1
1762947094.3983412,-10.094156265258789,13.075613021850586,1
1762947094.6376472,-10.577067375183105,13.7267484664917,1
1762947094.6376472,-9.786787986755371,10.895743370056152,1
1762947094.6437902,-10.627725601196289,13.712041854858398,1
1762947094.6437902,-9.411255836486816,11.061383247375488,1
1762947094.653974,-9.778836250305176,14.132613182067871,1
1762947094.9021761,-9.427069664001465,14.154662132263184,1
1762947094.9027128,-8.584936141967773,11.453598022460938,1
1762947094.9089203,-8.771106719970703,11.37051773071289,1
1762947094.9099565,-8.802406311035156,12.171083450317383,1
1762947094.916614,-8.9039888381958,10.813794136047363,1
1762947095.1611032,-8.959091186523438,12.141559600830078,1
1762947095.1611032,-8.7418212890625,12.487594604492188,1
1762947095.1700194,-8.478888511657715,13.548855781555176,1
1762947095.1700194,-8.828932762145996,12.6836576461792,1
1762947095.1744192,-8.507559776306152,14.083878517150879,1
1762947095.4172313,-8.529974937438965,13.259499549865723,1
1762947095.4172313,-15.30373764038086,15.618520736694336,1
1762947095.4270697,-11.890437126159668,11.78050708770752,1
1762947095.4270697,-15.35680866241455,14.806756019592285,1
1762947095.4270697,-11.867106437683105,11.203789710998535,1
1762947095.668885,-11.576336860656738,11.52995777130127,1
1762947095.668885,-13.195155143737793,15.4857759475708,1
1762947095.668885,-13.476195335388184,11.993151664733887,1
1762947095.668885,-12.97616195678711,14.66520881652832,1
1762947095.682181,-13.681172370910645,12.38591480255127,1
1762947095.9198427,-14.098137855529785,13.107098579406738,1
1762947095.927299,-11.378130912780762,14.646716117858887,1
1762947095.927299,-12.323018074035645,12.108168601989746,1
1762947095.927299,-11.71530818939209,14.306168556213379,1
1762947095.939981,-12.513522148132324,12.057585716247559,1
1762947096.173317,-12.747414588928223,11.48804759979248,1
1762947096.173317,-12.107552528381348,13.456154823303223,1
1762947096.1896613,-14.956515312194824,14.833748817443848,1
1762947096.1896613,-11.753914833068848,12.896674156188965,1
1762947096.19666,-13.649933815002441,15.592108726501465,1
1762947096.4420238,-13.410380363464355,15.72502613067627,1
1762947096.4426763,-11.429069519042969,12.478609085083008,1
1762947096.4442081,-11.244845390319824,11.198710441589355,1
1762947096.4442081,-10.906289100646973,11.841023445129395,1
1762947096.4442081,-10.646405220031738,11.991175651550293,1
1762947096.704894,-10.384549140930176,11.827593803405762,1
1762947096.704894,-11.082687377929688,11.46881103515625,1
1762947096.7119179,-13.194769859313965,14.985150337219238,1
1762947096.7124283,-10.876338958740234,11.743841171264648,1
1762947096.7124283,-13.436982154846191,15.183356285095215,1
1762947096.9818332,-13.57769775390625,13.94145393371582,1
1762947096.9864326,-10.253966331481934,11.955517768859863,1
1762947096.9901912,-12.177960395812988,16.180678367614746,1
1762947096.9924047,-9.889239311218262,11.635199546813965,1
1762947096.9978487,-10.872374534606934,16.32473087310791,1
1762947097.2514074,-10.832806587219238,13.954697608947754,1
1762947097.2514074,-9.526907920837402,12.845616340637207,1
1762947097.2514074,-9.924346923828125,12.128946304321289,1
1762947097.2514074,-9.792149543762207,12.549290657043457,1
1762947097.267049,-10.079326629638672,10.744989395141602,1
1762947097.5284863,-10.149659156799316,11.665966987609863,1
1762947097.529464,-11.20080280303955,13.505465507507324,1
1762947097.534487,-12.83252239227295,16.22786235809326,1
1762947097.535986,-11.414386749267578,14.120716094970703,1
1762947097.5391788,-12.53439998626709,14.776972770690918,1
1762947097.794537,-12.807291984558105,16.775649070739746,1
1762947097.7955313,-13.164321899414062,12.889019012451172,1
1762947097.7961361,-10.99163818359375,12.472833633422852,1
1762947097.8022792,-12.495570182800293,12.09026050567627,1
1762947097.8089266,-10.406266212463379,11.511174201965332,1
1762947098.0594327,-10.62641716003418,11.394659042358398,1
1762947098.0594327,-11.028779029846191,13.834603309631348,1
1762947098.0685408,-10.755938529968262,16.408669471740723,1
1762947098.0685408,-10.650651931762695,13.542781829833984,1
1762947098.075266,-10.50073528289795,15.236836433410645,1
1762947098.3389745,-11.025474548339844,16.7817440032959,1
1762947098.3405638,-10.987716674804688,14.174661636352539,1
1762947098.347541,-13.37568187713623,16.32340908050537,1
1762947098.347541,-10.960853576660156,14.574934005737305,1
1762947098.347541,-13.179842948913574,15.855422019958496,1
1762947098.6078346,-13.1338472366333,16.434683799743652,1
1762947098.6078346,-8.982040405273438,12.960248947143555,1
1762947098.6129634,-11.471796989440918,10.204291343688965,1
1762947098.6153574,-8.972784996032715,12.326727867126465,1
1762947098.618189,-11.339293479919434,10.398785591125488,1
1762947098.8830638,-11.345340728759766,9.780500411987305,1
1762947098.8830638,-10.491362571716309,12.16247272491455,1
1762947098.8917854,-10.143948554992676,10.021527290344238,1
1762947098.8917854,-10.396744728088379,12.933798789978027,1
1762947098.8983638,-9.990735054016113,9.552582740783691,1
1762947099.1644087,-10.244243621826172,10.494606018066406,1
1762947099.1683202,-34.45013427734375,7.033924102783203,0
1762947099.1683202,-33.749629974365234,7.2004852294921875,0
1762947099.1683202,-33.87807083129883,6.671154022216797,0
1762947099.1683202,-33.1967887878418,6.611644744873047,0
1762947099.4413679,-33.0140380859375,8.147018432617188,1
1762947099.4413679,-32.93996047973633,7.1377716064453125,0
1762947099.44941,-33.51039505004883,5.623649597167969,0
1762947099.44941,-35.45210647583008,8.307136535644531,1
1762947099.4577074,-32.55485916137695,6.556598663330078,0
1762947099.7367237,-34.69524002075195,7.854057312011719,0
1762947099.7381375,-31.938682556152344,6.692619323730469,0
1762947099.7444532,-35.296722412109375,8.135448455810547,1
1762947099.7444532,-33.53097915649414,8.571159362792969,1
1762947099.746932,-34.25809097290039,7.1782379150390625,0
1762947100.019233,-34.27818298339844,7.317176818847656,0
1762947100.0205252,-33.79140090942383,6.758739471435547,0
1762947100.0213263,-33.814693450927734,9.652873992919922,1
1762947100.0213263,-34.75137710571289,7.204063415527344,0
1762947100.03381,-34.453182220458984,6.9141845703125,0
1762947100.314352,-32.9157600402832,7.114830017089844,0
1762947100.3163667,-32.42652893066406,5.821529388427734,0
1762947100.3231018,-33.666038513183594,7.7907562255859375,0
1762947100.3239694,-34.04367446899414,7.445068359375,0
1762947100.3244963,-34.35661697387695,7.121150970458984,0
1762947100.5842333,-34.56752395629883,8.799842834472656,1
1762947100.5842333,-34.86282730102539,10.056560516357422,1
1762947100.5904164,-34.30904006958008,7.650398254394531,0
1762947100.5929284,-33.92362594604492,7.055545806884766,0
1762947100.5976684,-33.687744140625,7.706821441650391,0
1762947100.8933825,-34.630462646484375,7.216388702392578,0
1762947100.8933825,-33.34391784667969,5.978115081787109,0
1762947100.9000685,-33.52534866333008,7.67230224609375,0
1762947100.9020786,-33.78730392456055,6.384258270263672,0
1762947100.9081075,-33.85911178588867,6.656299591064453,0
1762947101.1762228,-34.8533935546875,8.514701843261719,1
1762947101.1762228,-32.717227935791016,7.339683532714844,0
1762947101.1827717,-33.77604293823242,7.87890625,0
1762947101.1827717,-33.34461975097656,6.0565185546875,0
1762947101.1862755,-34.464420318603516,8.639156341552734,1
1762947101.4827154,-33.842315673828125,7.294364929199219,0
1762947101.4838266,-34.60981750488281,8.006797790527344,1
1762947101.490052,-32.78011703491211,7.062110900878906,0
1762947101.490052,-35.74263000488281,6.3255462646484375,0
1762947101.497984,-34.0394401550293,6.7704315185546875,0
1762947101.7761889,-33.2886962890625,7.380191802978516,0
1762947101.7761889,-32.32356643676758,6.821125030517578,0
1762947101.782175,-33.488624572753906,7.037391662597656,0
1762947101.782175,-33.086997985839844,8.218013763427734,1
1762947101.7871451,-34.93110275268555,7.823284149169922,0
1762947102.0755515,-33.97442626953125,7.591529846191406,0
1762947102.0755515,-32.55294418334961,7.843456268310547,0
1762947102.0846865,-33.69873046875,8.024551391601562,1
1762947102.0846865,-34.36976623535156,8.66049575805664,1
1762947102.0920568,-35.42820739746094,8.791057586669922,1
1762947102.3767593,-35.08126449584961,7.013740539550781,0
1762947102.3767593,-33.64947509765625,7.203330993652344,0
1762947102.3835208,-35.19894027709961,8.239883422851562,1
1762947102.3835208,-34.08528518676758,7.649921417236328,0
1762947102.3907819,-33.67503356933594,7.516666412353516,0
1762947102.6665924,-34.203338623046875,7.220073699951172,0
1762947102.6665924,-33.59172439575195,7.528148651123047,0
1762947102.6743743,-33.978546142578125,8.29397201538086,1
1762947102.6743743,-34.06536865234375,8.345386505126953,1
1762947102.6815002,-35.39882278442383,7.517936706542969,0
1762947102.97799,-33.95064926147461,6.721515655517578,0
1762947102.97799,-33.67649459838867,7.418666839599609,0
1762947102.9839835,-35.16831588745117,7.608818054199219,0
1762947102.9839835,-35.35274887084961,8.3199462890625,1
1762947102.99291,-34.85634994506836,5.931365966796875,0
1762947103.2721298,-34.10390090942383,7.283111572265625,0
1762947103.2746782,-34.97435760498047,6.864971160888672,0
1762947103.2795458,-34.86236572265625,6.873844146728516,0
1762947103.2815611,-35.50613021850586,7.909736633300781,0
1762947103.2870188,-34.15159606933594,7.374301910400391,0
1762947103.5598948,-36.12250518798828,6.573875427246094,0
1762947103.5598948,-35.27000045776367,7.632045745849609,0
1762947103.5677123,-35.36018753051758,8.333499908447266,1
1762947103.5677123,-35.188045501708984,7.50665283203125,0
1762947103.5721042,-34.81669616699219,8.41727066040039,1
1762947103.8388045,-35.10634994506836,7.880687713623047,0
1762947103.8388045,-33.72737121582031,8.766422271728516,1
1762947103.8388045,-34.45048522949219,7.6635284423828125,0
1762947103.8388045,-34.6545524597168,6.534130096435547,0
1762947103.8547957,-33.99285888671875,7.9051666259765625,0
1762947104.1430805,-34.00132369995117,6.983268737792969,0
1762947104.1440039,-33.00238800048828,7.597438812255859,0
1762947104.147411,-34.5969352722168,8.271858215332031,1
1762947104.1509182,-34.55866622924805,6.837982177734375,0
1762947104.1570692,-34.69810104370117,7.453620910644531,0
1762947104.4286163,-33.57979965209961,7.3464813232421875,0
1762947104.4286163,-33.631893157958984,7.082042694091797,0
1762947104.4286163,-33.591758728027344,7.416126251220703,0
1762947104.443285,-33.774139404296875,6.0957794189453125,0
1762947104.4463122,-34.53009033203125,7.381496429443359,0
1762947104.7220824,-33.89089584350586,8.113285064697266,1
1762947104.7220824,-33.53700637817383,8.237545013427734,1
1762947104.7293503,-34.154273986816406,8.141487121582031,1
1762947104.7293503,-32.842079162597656,6.20953369140625,0
1762947104.734058,-33.720699310302734,5.797950744628906,0
1762947105.015275,-32.82661056518555,7.263038635253906,0
1762947105.015275,-32.8905029296875,7.123943328857422,0
1762947105.022778,-34.188819885253906,7.0252685546875,0
1762947105.022778,-32.8465690612793,7.110939025878906,0
1762947105.0296907,-34.92643356323242,8.643058776855469,1
1762947105.3134885,-34.82260513305664,7.629833221435547,0
1762947105.3134885,-33.730472564697266,7.534431457519531,0
1762947105.3204896,-32.791683197021484,6.046833038330078,0
1762947105.3204896,-33.30107116699219,6.300563812255859,0
1762947105.3246675,-33.05807876586914,7.305454254150391,0
1762947105.5981026,-32.98044204711914,7.4085693359375,0
1762947105.5992494,-34.12651062011719,7.2309112548828125,0
1762947105.603644,-33.38973617553711,6.6555023193359375,0
1762947105.603644,-33.43434524536133,6.525245666503906,0
1762947105.6101458,-34.140316009521484,5.613979339599609,0
1762947105.8952274,-31.785287857055664,6.00031852722168,0
1762947105.8957837,-33.20371627807617,6.520679473876953,0
1762947105.9002922,-33.350406646728516,7.576915740966797,0
1762947105.9002922,-34.06911087036133,7.190341949462891,0
1762947105.9083016,-30.25048828125,8.534854888916016,1
1762947106.1962469,-14.805171012878418,8.227307319641113,1
1762947106.1962469,-31.708951950073242,8.99504280090332,1
1762947106.204064,-6.103881359100342,16.492737293243408,1
1762947106.204972,-15.235809326171875,10.936416625976562,1
1762947106.2107377,-33.68033981323242,6.613269805908203,0
1762947106.494922,-34.003597259521484,7.30523681640625,0
1762947106.4961686,-34.076438903808594,7.217613220214844,0
1762947106.5021474,-33.53756332397461,7.024181365966797,0
1762947106.5021474,-34.14668273925781,7.3807525634765625,0
1762947106.509392,-33.75604248046875,7.802867889404297,0
1762947106.7991319,-34.00849533081055,8.034160614013672,1
1762947106.7999082,-6.337650299072266,16.186208724975586,1
1762947106.8034897,-21.078889846801758,9.680915832519531,1
1762947106.8034897,-27.483383178710938,6.588020324707031,0
1762947106.8127978,-31.90717887878418,8.850778579711914,1
1762947107.1025217,-32.23635482788086,10.062522888183594,1
1762947107.1025217,-34.975093841552734,6.9656829833984375,0
1762947107.1101253,-25.234621047973633,8.634489059448242,1
1762947107.1101253,-7.9591193199157715,16.018410205841064,1
1762947107.1182215,-5.061828136444092,8.115565776824951,1
1762947107.3997796,-34.232059478759766,7.149738311767578,0
1762947107.400651,-32.757781982421875,6.871910095214844,0
1762947107.406978,-33.054588317871094,9.757987976074219,1
1762947107.406978,-7.088066101074219,16.48495101928711,1
1762947107.406978,-33.865875244140625,8.763740539550781,1
1762947107.7072558,-11.154525756835938,9.834016799926758,1
1762947107.7072558,-7.375560760498047,11.55411148071289,1
1762947107.7138941,-10.725914001464844,16.06943130493164,1
1762947107.7159135,-7.304157733917236,11.839059352874756,1
1762947107.7217376,-19.37623405456543,11.158754348754883,1
1762947108.002244,-10.947504997253418,16.781210899353027,1
1762947108.002244,-10.176260948181152,15.434185981750488,1
1762947108.0089355,-8.647136688232422,14.237003326416016,1
1762947108.0089355,-10.268814086914062,14.887336730957031,1
1762947108.0167303,-8.694799423217773,13.546329498291016,1
1762947108.2993455,-8.414509773254395,14.673083305358887,1
1762947108.2993455,-7.390295505523682,11.573251247406006,1
1762947108.306176,-7.6913533210754395,14.00659704208374,1
1762947108.3069556,-7.396183013916016,12.319238662719727,1
1762947108.313213,-7.5624003410339355,12.409534931182861,1
1762947108.576159,-7.737954616546631,13.8455491065979,1
1762947108.576159,-7.966696262359619,10.87770414352417,1
1762947108.5967076,-7.675262451171875,10.848844528198242,1
1762947108.5967076,-7.993730068206787,11.233017444610596,1
1762947108.6052763,-8.121697425842285,10.874178886413574,1
1762947108.8772833,-8.682565689086914,11.150003433227539,1
1762947108.8772833,-12.184786796569824,16.916722297668457,1
1762947108.8772833,-9.765033721923828,12.58172607421875,1
1762947108.893135,-11.931967735290527,16.524827003479004,1
1762947108.893135,-9.928133964538574,11.845534324645996,1
1762947109.1975625,-10.07393741607666,12.579842567443848,1
1762947109.1980894,-9.750625610351562,11.985525131225586,1
1762947109.2049274,-11.171650886535645,13.987778663635254,1
1762947109.2049274,-10.122527122497559,11.929369926452637,1
1762947109.2117722,-10.929539680480957,13.30512523651123,1
1762947109.5397608,-10.897286415100098,12.757462501525879,1
1762947109.5397608,-9.198107719421387,11.874068260192871,1
1762947109.55846,-9.997021675109863,13.565823554992676,1
1762947109.55846,-9.175965309143066,12.002055168151855,1
1762947109.5677645,-10.04227066040039,11.886789321899414,1
1762947109.8451412,-15.234397888183594,11.483463287353516,1
1762947109.8451412,-9.726960182189941,15.760176658630371,1
1762947109.8623245,-9.682304382324219,10.97016716003418,1
1762947109.8628333,-9.598823547363281,16.407432556152344,1
1762947109.8628333,-9.607682228088379,10.67995548248291,1
1762947110.1581206,-9.752799987792969,10.490983963012695,1
1762947110.1581206,-12.514084815979004,14.528704643249512,1
1762947110.1581206,-9.616650581359863,13.02275562286377,1
1762947110.1581206,-13.214007377624512,14.8659029006958,1
1762947110.1739578,-9.677623748779297,13.78519058227539,1
1762947110.458311,-10.174408912658691,13.755253791809082,1
1762947110.458311,-12.540011405944824,13.002705574035645,1
1762947110.4744542,-11.932690620422363,11.469679832458496,1
1762947110.4744542,-12.533953666687012,11.307263374328613,1
1762947110.4744542,-12.339317321777344,11.107206344604492,1
1762947110.7891617,-11.968815803527832,11.215800285339355,1
1762947110.7891617,-8.306053161621094,11.36705207824707,1
1762947110.7891617,-10.090716361999512,15.34365177154541,1
1762947110.7891617,-7.861036777496338,11.061320781707764,1
1762947110.8063037,-9.890067100524902,16.85895824432373,1
1762947111.090163,-9.737552642822266,15.311651229858398,1
1762947111.0923707,-7.2227463722229,15.622186183929443,1
1762947111.0923707,-7.41360330581665,14.656789302825928,1
1762947111.0923707,-7.355440616607666,17.121915340423584,1
1762947111.1048021,-7.689888000488281,15.009590148925781,1
1762947111.3986619,-7.45741605758667,13.668524265289307,1
1762947111.399998,-9.821768760681152,17.673727989196777,1
1762947111.4058566,-7.7793288230896,11.076206684112549,1
1762947111.4073718,-10.31860065460205,20.121737480163574,1
1762947111.41341,-7.730717182159424,11.606868267059326,1
1762947111.7096558,-7.710453033447266,10.880910873413086,1
1762947111.710657,-8.942867279052734,11.779075622558594,1
1762947111.71724,-5.811946868896484,12.090463638305664,1
1762947111.71724,-8.9297456741333,11.644463539123535,1
1762947111.7207541,-5.4454522132873535,11.836976528167725,1
1762947112.0256124,-5.124961853027344,11.966196060180664,1
1762947112.0262318,-6.671043872833252,11.66246747970581,1
1762947112.032206,-8.457050323486328,10.980167388916016,1
1762947112.033014,-6.6366658210754395,11.119563579559326,1
1762947112.0392318,-8.525591850280762,10.001076698303223,1
1762947112.3452694,-8.625802993774414,9.312997817993164,1
1762947112.3452694,-6.337446689605713,12.198754787445068,1
1762947112.3520162,-8.698168754577637,9.656937599182129,1
1762947112.3527563,-6.24746561050415,12.288402080535889,1
1762947112.3596327,-8.707443237304688,9.76345443725586,1
1762947112.665278,-8.510458946228027,9.412652015686035,1
1762947112.6662889,-7.732333660125732,11.360105991363525,1
1762947112.6712375,-9.127167701721191,10.899882316589355,1
1762947112.673251,-7.893188953399658,11.419570446014404,1
1762947112.6797276,-9.044038772583008,11.447000503540039,1
1762947112.9869864,-8.621917724609375,11.013160705566406,1
1762947112.9869864,-5.156627178192139,12.154276371002197,1
1762947112.9869864,-5.6468353271484375,12.237184524536133,1
1762947112.9869864,-5.539464473724365,11.906755924224854,1
1762947112.999549,-6.457418918609619,11.969260692596436,1
1762947113.3004217,-7.701046466827393,13.209014415740967,1
1762947113.3004217,-8.979348182678223,10.722662925720215,1
1762947113.3084812,-9.263382911682129,14.81518840789795,1
1762947113.3084812,-8.950931549072266,10.448570251464844,1
1762947113.3154185,-9.164265632629395,14.871575355529785,1
1762947113.5896697,-8.564505577087402,14.398568153381348,1
1762947113.5896697,-7.949458599090576,15.95125436782837,1
1762947113.6090221,-6.472841262817383,11.375883102416992,1
1762947113.6090221,-7.86637544631958,15.301671504974365,1
1762947113.6090221,-6.427913665771484,10.960428237915039,1
1762947113.919835,-6.43903923034668,10.729087829589844,1
1762947113.919835,-8.28258991241455,16.00503635406494,1
1762947113.926933,-6.503320217132568,11.05143404006958,1
1762947113.926933,-8.552627563476562,15.605762481689453,1
1762947113.9342487,-6.8125996589660645,10.71210241317749,1
1762947114.2373476,-7.142364501953125,11.318696975708008,1
1762947114.2373476,-9.918936729431152,13.709650993347168,1
1762947114.2431002,-9.079428672790527,11.699057579040527,1
1762947114.2431002,-10.177242279052734,13.619634628295898,1
1762947114.2518153,-9.60608196258545,12.665013313293457,1
1762947114.5630474,-9.370760917663574,13.113324165344238,1
1762947114.5647185,-9.89401626586914,16.17535400390625,1
1762947114.570625,-9.495746612548828,10.385765075683594,1
1762947114.570625,-9.88132381439209,16.59644603729248,1
1762947114.5783336,-9.5448579788208,10.80684757232666,1
1762947114.8802521,-9.38143253326416,11.175883293151855,1
1762947114.8802521,-7.271648406982422,11.029899597167969,1
1762947114.8870754,-7.420172214508057,11.630513668060303,1
1762947114.8882792,-7.318109035491943,12.397203922271729,1
1762947114.8943887,-7.409506320953369,11.485682964324951,1
1762947115.208637,-7.354862213134766,11.897676467895508,1
1762947115.208637,-8.338072776794434,13.999783515930176,1
1762947115.2158518,-6.996562957763672,10.422914505004883,1
1762947115.2166588,-8.39625072479248,12.583483695983887,1
1762947115.2231443,-14.505020141601562,11.762199401855469,1
1762947115.5137234,-6.999063968658447,10.28712797164917,1
1762947115.5148938,-7.454076766967773,10.630060195922852,1
1762947115.5207436,-8.974640846252441,16.884102821350098,1
1762947115.5207436,-7.589015960693359,10.948663711547852,1
1762947115.5276175,-8.349575996398926,13.767573356628418,1
1762947115.8346002,-8.339673042297363,15.013382911682129,1
1762947115.8346002,-8.209521293640137,14.949450492858887,1
1762947115.8372874,-8.811816215515137,15.320147514343262,1
1762947115.8372874,-8.05193042755127,14.041678428649902,1
1762947115.8372874,-8.761679649353027,16.17532444000244,1
1762947116.1400185,-8.802522659301758,15.050264358520508,1
1762947116.1400185,-6.277347564697266,12.257375717163086,1
1762947116.1510172,-8.043793678283691,18.0308198928833,1
1762947116.1510172,-6.275028705596924,11.912164211273193,1
1762947116.158572,-7.94681978225708,17.088908672332764,1
1762947116.455086,-8.218213081359863,17.722691535949707,1
1762947116.455086,-6.702491760253906,11.976251602172852,1
1762947116.4614143,-6.516580104827881,11.877378940582275,1
1762947116.462758,-6.662292003631592,11.782074451446533,1
1762947116.4695392,-6.2685723304748535,12.139758586883545,1
1762947116.7769916,-6.02548360824585,11.31852388381958,1
1762947116.7769916,-7.322025299072266,10.622566223144531,1
1762947116.7816663,-6.924358367919922,10.901580810546875,1
1762947116.7816663,-7.323421001434326,10.48415231704712,1
1762947116.79172,-6.967383861541748,10.770267963409424,1
1762947117.1089413,-6.9487528800964355,10.930119037628174,1
1762947117.1089413,-8.237667083740234,9.440502166748047,1
1762947117.115623,-7.093206405639648,13.89128303527832,1
1762947117.1173797,-8.14588451385498,9.793936729431152,1
1762947117.124067,-6.779141902923584,12.428650379180908,1
1762947117.4324293,-6.627847671508789,11.642213821411133,1
1762947117.4324293,-7.261457443237305,12.22281265258789,1
1762947117.4396243,-8.515670776367188,15.312440872192383,1
1762947117.4412897,-7.158979415893555,11.588850021362305,1
1762947117.4494524,-8.308568000793457,14.765625953674316,1
1762947117.7863772,-8.316246032714844,16.666906356811523,1
1762947117.7863772,-6.620703220367432,11.86110258102417,1
1762947117.7933614,-5.09691858291626,11.860558986663818,1
1762947117.7940466,-6.5132155418396,11.081715106964111,1
1762947117.7976856,-4.8520188331604,11.3972487449646,1
1762947118.1169784,-5.002206325531006,13.039942264556885,1
1762947118.1169784,-5.717962741851807,11.140382289886475,1
1762947118.1233943,-5.930416584014893,11.127038478851318,1
1762947118.1233943,-5.672792434692383,11.010225296020508,1
1762947118.1311798,-5.983973026275635,10.933345317840576,1
1762947118.4355164,-5.97982931137085,10.514210224151611,1
1762947118.4355164,-7.518667221069336,14.370746612548828,1
1762947118.441833,-7.9804840087890625,14.681869506835938,1
1762947118.441833,-7.80882453918457,14.157278060913086,1
1762947118.4478776,-8.312542915344238,15.313132286071777,1
1762947118.7475655,-8.204169273376465,14.743512153625488,1
1762947118.7495778,-7.0202317237854,10.69608449935913,1
1762947118.7544737,-9.262829780578613,16.256680488586426,1
1762947118.7567139,-7.228643417358398,11.282503128051758,1
1762947118.763497,-8.806331634521484,14.201194763183594,1
1762947119.0583196,-8.914284706115723,15.828370094299316,1
1762947119.0583196,-9.662440299987793,10.054606437683105,1
1762947119.0648446,-7.374103546142578,12.011207580566406,1
1762947119.0679972,-9.661627769470215,9.633313179016113,1
1762947119.0737596,-7.4350457191467285,11.63506269454956,1
1762947119.4109263,-7.381815433502197,11.620551586151123,1
1762947119.411941,-7.229949951171875,10.679967880249023,1
1762947119.4183388,-8.531279563903809,13.474555015563965,1
1762947119.4183388,-7.258299350738525,10.665860652923584,1
1762947119.4249218,-8.6885347366333,14.489396095275879,1
1762947119.750028,-8.470175743103027,14.966572761535645,1
1762947119.750028,-7.353244781494141,12.385391235351562,1
1762947119.7577782,-8.605618476867676,10.873387336730957,1
1762947119.7577782,-7.493415832519531,11.468456268310547,1
1762947119.7638214,-9.014643669128418,11.415362358093262,1
1762947120.0996048,-8.790517807006836,10.788228988647461,1
1762947120.0996048,-10.321669578552246,11.146586418151855,1
1762947120.1045427,-11.768437385559082,12.970784187316895,1
1762947120.107267,-10.403861045837402,11.0079927444458,1
1762947120.1124604,-12.331794738769531,13.061447143554688,1
1762947120.4449534,-12.220443725585938,13.266523361206055,1
1762947120.4459677,-10.92916202545166,15.478278160095215,1
1762947120.4527876,-11.014483451843262,16.288569450378418,1
1762947120.4534788,-10.7616605758667,17.511998176574707,1
1762947120.4597151,-10.821712493896484,16.398435592651367,1
1762947120.7739277,-10.739554405212402,19.12174701690674,1
1762947120.7759373,-7.043292999267578,13.859123229980469,1
1762947120.7816784,-8.779471397399902,13.788981437683105,1
1762947120.7816784,-7.14996862411499,12.981834888458252,1
1762947120.7894306,-8.947031021118164,13.219915390014648,1
1762947121.1068447,-8.913955688476562,14.308631896972656,1
1762947121.108858,-10.384346008300781,17.736345291137695,1
1762947121.1153877,-12.270689964294434,16.43928623199463,1
1762947121.1153877,-10.733744621276855,19.658263206481934,1
1762947121.1211607,-12.326210021972656,15.23251724243164,1
1762947121.4511757,-12.765753746032715,16.497044563293457,1
1762947121.4518993,-8.535082817077637,15.284558296203613,1
1762947121.45861,-8.455232620239258,10.774641036987305,1
1762947121.45861,-8.161481857299805,14.730987548828125,1
1762947121.465957,-8.05062198638916,10.596760749816895,1
1762947121.8707976,-7.984455108642578,10.753446578979492,1
1762947121.8707976,-9.892035484313965,10.523890495300293,1
1762947121.8765664,-10.622570037841797,12.466426849365234,1
1762947121.8785734,-10.111337661743164,9.982894897460938,1
1762947121.8842773,-10.854975700378418,12.006722450256348,1
1762947122.2594228,-11.20952320098877,11.787095069885254,1
1762947122.2594228,-12.02639102935791,11.69527530670166,1
1762947122.2670982,-12.01996898651123,10.96686840057373,1
1762947122.2676642,-12.0875825881958,11.681845664978027,1
1762947122.2741022,-12.172371864318848,11.491297721862793,1
1762947122.6755366,-11.99697494506836,12.090154647827148,1
1762947122.6755366,-11.94897747039795,16.801228523254395,1
1762947122.6834407,-11.855462074279785,11.1268949508667,1
1762947122.6834407,-12.178768157958984,17.230234146118164,1
1762947122.6898346,-10.972794532775879,10.732800483703613,1
1762947123.0111425,-11.094368934631348,11.049269676208496,1
1762947123.0128996,-11.02160930633545,11.827885627746582,1
1762947123.01441,-12.6488037109375,11.177288055419922,1
1762947123.01441,-11.421792030334473,12.7398042678833,1
1762947123.026884,-12.679898262023926,11.125144004821777,1
1762947123.3386102,-12.778353691101074,11.766823768615723,1
1762947123.3406227,-12.389603614807129,13.832381248474121,1
1762947123.3469026,-12.597128868103027,14.576781272888184,1
1762947123.3469026,-11.865283966064453,13.273202896118164,1
1762947123.347599,-12.667704582214355,14.783387184143066,1
1762947123.6787934,-11.717979431152344,14.986278533935547,1
1762947123.6787934,-11.093722343444824,11.67261791229248,1
1762947123.685959,-9.566885948181152,12.015915870666504,1
1762947123.685959,-10.764960289001465,12.897303581237793,1
1762947123.6893687,-9.630202293395996,11.695050239562988,1
1762947124.0209627,-9.530430793762207,11.311797142028809,1
1762947124.0209627,-8.074092864990234,11.085865020751953,1
1762947124.0282958,-8.103473663330078,11.051023483276367,1
1762947124.0290961,-8.349963188171387,10.766406059265137,1
1762947124.0359406,-8.090027809143066,10.569262504577637,1
1762947124.3565326,-8.32158374786377,11.402573585510254,1
1762947124.3565326,-11.464924812316895,14.716071128845215,1
1762947124.363679,-11.664124488830566,12.33470630645752,1
1762947124.363679,-11.88546371459961,15.604963302612305,1
1762947124.3696456,-11.873553276062012,13.437897682189941,1
1762947124.6833239,-12.153095245361328,13.461660385131836,1
1762947124.6833239,-11.351727485656738,12.814414024353027,1
1762947124.6890473,-15.305557250976562,15.604612350463867,1
1762947124.6910617,-11.519161224365234,12.722177505493164,1
1762947124.6979342,-15.876228332519531,17.69622802734375,1
1762947125.0178444,-15.615927696228027,16.237479209899902,1
1762947125.021518,-10.024481773376465,11.72893238067627,1
1762947125.021518,-11.051990509033203,12.06184196472168,1
1762947125.021518,-9.659321784973145,11.726851463317871,1
1762947125.021518,-10.701899528503418,12.08181095123291,1
1762947125.3560667,-10.834312438964844,11.705747604370117,1
1762947125.3560667,-11.896040916442871,11.434229850769043,1
1762947125.3560667,-10.914227485656738,11.549344062805176,1
1762947125.3672702,-11.853632926940918,11.120499610900879,1
1762947125.3733108,-10.994731903076172,11.195247650146484,1
1762947125.724716,-11.113512992858887,12.136019706726074,1
1762947125.724716,-10.346759796142578,11.92253303527832,1
1762947125.7309833,-12.765999794006348,11.686129570007324,1
1762947125.7326808,-10.206202507019043,13.06312084197998,1
1762947125.7379434,-12.833922386169434,12.205412864685059,1
1762947126.0569909,-12.477618217468262,11.998927116394043,1
1762947126.0569909,-10.562286376953125,12.496646881103516,1
1762947126.0635197,-12.105064392089844,14.62452507019043,1
1762947126.0635197,-10.903491973876953,12.536394119262695,1
1762947126.071256,-12.860740661621094,16.668123245239258,1
1762947126.3972943,-12.76360034942627,16.471562385559082,1
1762947126.3972943,-13.527581214904785,13.365214347839355,1
1762947126.4018607,-11.821057319641113,10.602639198303223,1
1762947126.4018607,-13.408787727355957,15.702982902526855,1
1762947126.4018607,-11.703197479248047,10.887992858886719,1
1762947126.763624,-11.480506896972656,10.808815002441406,1
1762947126.763624,-8.804638862609863,10.74581241607666,1
1762947126.7729712,-9.469040870666504,15.855875968933105,1
1762947126.7729712,-8.630681037902832,11.202263832092285,1
1762947126.7793405,-9.328346252441406,15.444026947021484,1
1762947127.1134336,-10.3010892868042,11.326838493347168,1
1762947127.114363,-9.745631217956543,10.730549812316895,1
1762947127.1199923,-11.623934745788574,9.564148902893066,1
1762947127.1210053,-9.821940422058105,10.988320350646973,1
1762947127.1276295,-11.980391502380371,10.274779319763184,1
1762947127.4601943,-12.138145446777344,9.332422256469727,1
1762947127.461338,-7.495985507965088,11.79015302658081,1
1762947127.4674444,-10.460003852844238,11.425726890563965,1
1762947127.4674444,-7.815331935882568,11.381060123443604,1
1762947127.4734788,-10.896618843078613,11.51064395904541,1
1762947127.8344374,-11.445635795593262,11.729361534118652,1
1762947127.8352315,-9.051483154296875,12.935792922973633,1
1762947127.8421195,-11.038314819335938,10.080217361450195,1
1762947127.842859,-9.378933906555176,12.678915977478027,1
1762947127.8489046,-9.86031723022461,10.966268539428711,1
1762947128.1895657,-9.2896146774292,10.541373252868652,1
1762947128.1895657,-10.70401668548584,10.023056983947754,1
1762947128.1895657,-10.448168754577637,10.852513313293457,1
1762947128.1895657,-10.643839836120605,9.915057182312012,1
1762947128.2025094,-10.742409706115723,10.8330659866333,1
1762947128.5502703,-10.780980110168457,10.918828010559082,1
1762947128.5512183,-9.858527183532715,11.512009620666504,1
1762947128.5584364,-11.469639778137207,17.525940895080566,1
1762947128.5584364,-9.91277027130127,10.379183769226074,1
1762947128.5658576,-11.468307495117188,16.23736572265625,1
1762947128.9116032,-11.669955253601074,17.043076515197754,1
1762947128.9116032,-11.62406063079834,16.68156337738037,1
1762947128.9191365,-8.767071723937988,12.031004905700684,1
1762947128.9212615,-11.3722562789917,16.152865409851074,1
1762947128.9279199,-8.944289207458496,12.072611808776855,1
1762947129.2672634,-9.32647705078125,12.13339614868164,1
1762947129.2672634,-9.769733428955078,12.678552627563477,1
1762947129.2752976,-10.154948234558105,14.051764488220215,1
1762947129.2752976,-10.009848594665527,12.111088752746582,1
1762947129.2820003,-10.250998497009277,13.867201805114746,1
1762947129.6107492,-9.94788646697998,12.645110130310059,1
1762947129.6127672,-9.83889102935791,11.721053123474121,1
1762947129.6194205,-13.838516235351562,15.95323371887207,1
1762947129.6201406,-9.753292083740234,12.42793083190918,1
1762947129.6264825,-13.540949821472168,15.230713844299316,1
1762947129.9655924,-13.582003593444824,14.138577461242676,1
1762947129.966433,-9.636263847351074,12.063885688781738,1
1762947129.971059,-10.287182807922363,12.654267311096191,1
1762947129.9735844,-9.478375434875488,13.352404594421387,1
1762947129.9765992,-10.797293663024902,12.370430946350098,1
1762947130.3320227,-11.14391040802002,13.664019584655762,1
1762947130.3338954,-9.105177879333496,15.799561500549316,1
1762947130.3395357,-12.695843696594238,13.456732749938965,1
1762947130.340329,-9.269604682922363,14.8689603805542,1
1762947130.34667,-12.36347484588623,14.61036205291748,1
1762947130.6779287,-11.984161376953125,15.41977310180664,1
1762947130.6788526,-11.877037048339844,16.710693359375,1
1762947130.685408,-9.728415489196777,15.068705558776855,1
1762947130.685408,-11.305007934570312,16.344196319580078,1
1762947130.693069,-9.660272598266602,16.697528839111328,1
1762947131.0372443,-9.899331092834473,15.62536907196045,1
1762947131.0372443,-9.89444351196289,10.975177764892578,1
1762947131.0461152,-9.822312355041504,10.862473487854004,1
1762947131.0469635,-9.614060401916504,11.562832832336426,1
1762947131.0493565,-9.832860946655273,10.531471252441406,1
1762947131.379798,-9.942798614501953,10.60421371459961,1
1762947131.379798,-9.943812370300293,11.658068656921387,1
1762947131.3852642,-9.775585174560547,12.496826171875,1
1762947131.3852642,-10.201958656311035,11.741312980651855,1
1762947131.391003,-11.542247772216797,14.141122817993164,1
1762947131.730596,-10.53274154663086,12.816755294799805,1
1762947131.7360215,-10.386185646057129,11.517794609069824,1
1762947131.7421348,-10.996472358703613,14.2109956741333,1
1762947131.7421348,-10.3396635055542,11.457610130310059,1
1762947131.7441492,-10.875473022460938,14.079483032226562,1
1762947132.0956607,-10.46747875213623,15.528637886047363,1
1762947132.0956607,-8.53345012664795,11.616305351257324,1
1762947132.102003,-7.675448894500732,12.603573322296143,1
1762947132.1037421,-8.729445457458496,13.266858100891113,1
1762947132.1057339,-7.349092483520508,12.828853607177734,1
1762947132.4402463,-7.365022659301758,12.428821563720703,1
1762947132.4402463,-12.2444486618042,17.804177284240723,1
1762947132.4468622,-11.28357219696045,18.57133960723877,1
1762947132.4468622,-12.408185005187988,16.51826572418213,1
1762947132.4545536,-11.535672187805176,19.00508213043213,1
1762947132.8778105,-11.282520294189453,19.089937210083008,1
1762947132.8792858,-8.817679405212402,11.188206672668457,1
1762947132.8854046,-9.960469245910645,11.273411750793457,1
1762947132.8867311,-9.108444213867188,11.388620376586914,1
1762947132.8949697,-9.946544647216797,12.160100936889648,1
1762947133.2844205,-9.930832862854004,11.06312084197998,1
1762947133.2854233,-9.465184211730957,12.375849723815918,1
1762947133.2928557,-10.44503116607666,14.808638572692871,1
1762947133.2928557,-10.122295379638672,12.720451354980469,1
1762947133.3003852,-10.80810832977295,14.329981803894043,1
1762947133.693053,-10.688152313232422,14.113981246948242,1
1762947133.693053,-8.642470359802246,16.3524751663208,1
1762947133.7007189,-7.517356872558594,15.077617645263672,1
1762947133.7007189,-8.216204643249512,17.84364604949951,1
1762947133.7070587,-7.033611297607422,15.534345626831055,1
1762947134.0744014,-7.15438985824585,14.71350908279419,1
1762947134.0744014,-7.1476149559021,10.307152271270752,1
1762947134.0806854,-5.914780139923096,11.646909236907959,1
1762947134.0806854,-6.93834924697876,10.37877607345581,1
1762947134.0873525,-5.9407219886779785,11.93271780014038,1
1762947134.4365351,-5.52944803237915,11.644162654876709,1
1762947134.4376812,-34.5239143371582,8.52341079711914,1
1762947134.4435306,-33.41534423828125,8.802356719970703,1
1762947134.4455414,-34.92832565307617,7.815578460693359,0
1762947134.4506633,-34.703826904296875,8.40671157836914,1
1762947134.7839642,-33.11301040649414,7.382598876953125,0
1762947134.785127,-33.76397705078125,6.959690093994141,0
1762947134.7916434,-33.83474349975586,6.161491394042969,0
1762947134.792196,-33.491455078125,7.510936737060547,0
1762947134.7992527,-34.390987396240234,7.928195953369141,0
1762947135.140918,-34.93474578857422,7.070274353027344,0
1762947135.1447673,-34.65951919555664,6.7775421142578125,0
1762947135.1503553,-34.701236724853516,7.5089874267578125,0
1762947135.1503553,-33.94550704956055,7.711677551269531,0
1762947135.1567867,-34.63279724121094,6.957714080810547,0
1762947135.5541928,-34.75130844116211,6.979625701904297,0
1762947135.5541928,-33.518699645996094,7.577213287353516,0
1762947135.563212,-33.09760284423828,6.0286865234375,0
1762947135.5642116,-34.74057388305664,8.08443832397461,1
1762947135.569213,-33.72971725463867,6.812858581542969,0
1762947135.963707,-35.1395149230957,9.111221313476562,1
1762947135.9647074,-34.09144973754883,8.588531494140625,1
1762947135.973704,-34.13002395629883,6.506103515625,0
1762947135.973704,-33.76604080200195,6.968349456787109,0
1762947135.9792197,-34.632598876953125,7.2501983642578125,0
1762947136.3767066,-35.345970153808594,6.811920166015625,0
1762947136.379444,-34.60139083862305,7.021587371826172,0
1762947136.3852954,-34.6375732421875,8.451847076416016,1
1762947136.3858023,-34.75404357910156,8.409828186035156,1
1762947136.3922586,-34.71031188964844,7.0020599365234375,0
1762947136.766692,-34.784542083740234,6.469387054443359,0
1762947136.766692,-34.741764068603516,8.175403594970703,1
1762947136.773516,-34.35728454589844,6.938262939453125,0
1762947136.774383,-34.59542465209961,6.937110900878906,0
1762947136.7811599,-33.599910736083984,7.461334228515625,0
1762947137.1402853,-33.6682243347168,7.688194274902344,0
1762947137.1409748,-33.68557357788086,6.502468109130859,0
1762947137.1464908,-34.223358154296875,7.404808044433594,0
1762947137.1464908,-34.46782684326172,8.940807342529297,1
1762947137.1532176,-34.862247467041016,7.821846008300781,0
1762947137.5029638,-33.56435012817383,6.746509552001953,0
1762947137.5029638,-34.34492874145508,7.5654754638671875,0
1762947137.5093656,-28.230741500854492,8.439718246459961,1
1762947137.5112364,-33.01888656616211,7.650550842285156,0
1762947137.5171995,-33.41325759887695,8.076213836669922,1
1762947137.882105,-33.6917610168457,7.391014099121094,0
1762947137.8858585,-34.59196853637695,6.786762237548828,0
1762947137.8922188,-33.67393112182617,6.990779876708984,0
1762947137.8927453,-34.9102668762207,6.291790008544922,0
1762947137.8997412,-32.86542892456055,6.754905700683594,0
1762947138.2854397,-35.27913284301758,6.457798004150391,0
1762947138.2863557,-34.46928405761719,8.996688842773438,1
1762947138.2927194,-33.858150482177734,6.237567901611328,0
1762947138.2927194,-33.81509780883789,6.316562652587891,0
1762947138.298868,-34.68845748901367,8.106414794921875,1
1762947138.6775486,-34.59074401855469,6.952426910400391,0
1762947138.6785386,-34.2938346862793,7.330928802490234,0
1762947138.6852653,-35.08561325073242,7.920047760009766,0
1762947138.6852653,-24.1630916595459,6.8946685791015625,0
1762947138.6902175,-33.7401237487793,7.8578033447265625,0
1762947139.0746403,-34.303890228271484,7.439884185791016,0
1762947139.07576,-34.403717041015625,8.65401840209961,1
1762947139.0824282,-34.29426574707031,7.2154998779296875,0
1762947139.0829573,-34.88165283203125,7.408763885498047,0
1762947139.089414,-33.0676155090332,7.536308288574219,0
1762947139.470142,-34.748775482177734,7.0184173583984375,0
1762947139.472153,-34.14631652832031,7.255992889404297,0
1762947139.4772954,-33.74333572387695,6.382007598876953,0
1762947139.4772954,-33.59870910644531,8.09909439086914,1
1762947139.4859903,-34.22469711303711,6.787372589111328,0
1762947139.8878314,-34.10382080078125,6.954425811767578,0
1762947139.8878314,-32.47182083129883,7.450202941894531,0
1762947139.895249,-34.260379791259766,8.523513793945312,1
1762947139.8958693,-33.54502487182617,7.443714141845703,0
1762947139.9023206,-33.98714828491211,7.717735290527344,0
1762947140.25933,-33.14020919799805,7.1316680908203125,0
1762947140.2607555,-34.59193801879883,7.4686279296875,0
1762947140.2657459,-34.23148727416992,7.491802215576172,0
1762947140.2677596,-34.256229400634766,7.243949890136719,0
1762947140.2748868,-34.803619384765625,6.246807098388672,0
1762947140.6333282,-34.571311950683594,8.36343765258789,1
1762947140.6333282,-34.5304069519043,7.609317779541016,0
1762947140.6490712,-33.82072830200195,7.193668365478516,0
1762947140.6490712,-33.75114059448242,7.268257141113281,0
1762947140.6490712,-34.391883850097656,7.829265594482422,0
1762947141.0123763,-34.65337371826172,6.9653778076171875,0
1762947141.0123763,-34.87118148803711,7.534584045410156,0
1762947141.0123763,-34.992488861083984,6.786140441894531,0
1762947141.0123763,-34.369144439697266,9.097137451171875,1
1762947141.028126,-33.81581497192383,7.560157775878906,0
1762947141.4067092,-34.23454666137695,7.46240234375,0
1762947141.4067092,-33.40220260620117,8.645698547363281,1
1762947141.4224813,-32.97861099243164,6.381549835205078,0
1762947141.4224813,-34.164493560791016,8.798526763916016,1
1762947141.4224813,-33.67829895019531,6.138134002685547,0
1762947141.8166583,-34.50889205932617,11.527503967285156,1
1762947141.8166583,-34.76231384277344,8.08321762084961,1
1762947141.8323956,-35.66472244262695,8.05593490600586,1
1762947141.832933,-34.30728530883789,6.64312744140625,0
1762947141.832933,-34.06039810180664,6.333953857421875,0
1762947142.2113442,-33.828216552734375,7.488960266113281,0
1762947142.2113442,-35.11648178100586,8.515792846679688,1
1762947142.227093,-31.96889305114746,8.02116584777832,1
1762947142.227093,-33.196537017822266,7.5485687255859375,0
1762947142.2331896,-34.274539947509766,7.224266052246094,0
1762947142.6057773,-33.33241271972656,8.70294189453125,1
1762947142.6057773,-33.37088394165039,6.266231536865234,0
1762947142.6215062,-34.049591064453125,6.860332489013672,0
1762947142.6215062,-33.784095764160156,7.916648864746094,0
1762947142.6215062,-32.606990814208984,6.9473724365234375,0
1762947143.016602,-35.07244110107422,8.184852600097656,1
1762947143.016602,-34.318668365478516,6.542919158935547,0
1762947143.016602,-33.45854187011719,6.732421875,0
1762947143.016602,-34.67757034301758,8.598663330078125,1
1762947143.034233,-33.961544036865234,8.5313720703125,1
1762947143.4929295,-34.90923309326172,8.302330017089844,1
1762947143.4929295,-33.40493392944336,7.3472137451171875,0
1762947143.5086331,-34.14168167114258,9.192813873291016,1
1762947143.5086331,-34.33627700805664,7.5954742431640625,0
1762947143.5086331,-33.394657135009766,7.534259796142578,0
1762947143.9159143,-35.3529052734375,8.216297149658203,1
1762947143.9179404,-32.46244430541992,8.8443603515625,1
1762947143.9234633,-34.29532241821289,6.682838439941406,0
1762947143.923913,-35.87721633911133,6.369670867919922,0
1762947143.9311645,-32.91999053955078,5.751335144042969,0
1762947144.3306499,-33.78828811645508,8.3682861328125,1
1762947144.3306499,-15.351862907409668,16.60932445526123,1
1762947144.3357902,-15.42537784576416,16.422560691833496,1
1762947144.3357902,-34.1307258605957,7.227558135986328,0
1762947144.3357902,-33.40180969238281,6.268638610839844,0
1762947144.7572134,-33.5059928894043,7.162220001220703,0
1762947144.7572134,-34.39957046508789,6.496112823486328,0
1762947144.7572134,-34.30606460571289,7.7236480712890625,0
1762947144.7572134,-33.878700256347656,8.35305404663086,1
1762947144.7572134,-34.91725540161133,6.7049407958984375,0
1762947145.1527095,-34.770694732666016,7.185523986816406,0
1762947145.1527095,-5.884954929351807,10.548305034637451,1
1762947145.168424,-6.724496364593506,11.028223514556885,1
1762947145.168424,-6.124960422515869,11.561212062835693,1
1762947145.168424,-6.613714694976807,10.543281078338623,1
1762947145.5634701,-6.589195728302002,11.031823635101318,1
1762947145.5634701,-7.564487934112549,11.45802640914917,1
1762947145.579612,-7.1972527503967285,12.183486461639404,1
1762947145.579612,-7.517001628875732,11.352179050445557,1
1762947145.579612,-7.144984722137451,11.801924228668213,1
1762947145.9907377,-7.158925533294678,11.175650119781494,1
1762947145.9907377,-6.399150848388672,11.899831771850586,1
1762947146.0065255,-6.312375545501709,11.87830400466919,1
1762947146.0065255,-6.352558135986328,12.301156997680664,1
1762947146.0065255,-6.418025970458984,12.111137390136719,1
1762947146.4322731,-6.253591060638428,11.855865955352783,1
1762947146.4322731,-8.35983657836914,11.891532897949219,1
1762947146.4392037,-8.498188972473145,11.052607536315918,1
1762947146.4392037,-8.889744758605957,11.621407508850098,1
1762947146.4483016,-9.03358268737793,11.622961044311523,1
1762947146.8435316,-9.320799827575684,11.023755073547363,1
1762947146.8435316,-5.435486316680908,11.65531873703003,1
1762947146.8592215,-7.155067443847656,14.3233642578125,1
1762947146.8592215,-5.537540912628174,12.011390209197998,1
1762947146.8592215,-7.209218502044678,13.2873215675354,1
1762947147.2709408,-7.551630020141602,13.087432861328125,1
1762947147.2709408,-11.771934509277344,11.371183395385742,1
1762947147.286641,-11.305259704589844,9.951505661010742,1
1762947147.286641,-11.5155611038208,11.203503608703613,1
1762947147.286641,-11.197073936462402,10.119893074035645,1
1762947147.6814978,-10.573356628417969,11.032186508178711,1
1762947147.6814978,-6.577768802642822,12.304336071014404,1
1762947147.6972485,-10.488835334777832,18.94169521331787,1
1762947147.6972485,-6.36285400390625,11.677471160888672,1
1762947147.6972485,-10.244343757629395,17.84537410736084,1
1762947148.108992,-10.267682075500488,18.4013090133667,1
1762947148.108992,-6.083651065826416,12.358924388885498,1
1762947148.1260953,-7.127193927764893,13.205272197723389,1
1762947148.1260953,-6.130354404449463,12.242385387420654,1
1762947148.1334202,-7.714347839355469,13.014684677124023,1
1762947148.5517704,-7.783781051635742,16.153945922851562,1
1762947148.5517704,-7.571482181549072,14.695703029632568,1
1762947148.5557203,-8.515074729919434,15.215550422668457,1
1762947148.5557203,-7.376963138580322,13.73240041732788,1
1762947148.5678086,-8.872456550598145,15.941222190856934,1
1762947148.9948545,-8.68648910522461,15.97916030883789,1
1762947148.9948545,-8.69286823272705,12.636345863342285,1
1762947149.0106533,-9.981021881103516,16.888328552246094,1
1762947149.0106533,-9.119933128356934,12.389174461364746,1
1762947149.0106533,-9.998950958251953,16.319976806640625,1
1762947149.4413238,-10.433878898620605,15.667244911193848,1
1762947149.4413238,-10.33777904510498,11.466195106506348,1
1762947149.4413238,-11.190101623535156,10.800552368164062,1
1762947149.4413238,-10.561145782470703,12.424137115478516,1
1762947149.454448,-11.422833442687988,10.651373863220215,1
1762947149.8797028,-11.285359382629395,10.516568183898926,1
1762947149.8797028,-12.18957805633545,10.381560325622559,1
1762947149.8797028,-12.034561157226562,10.756744384765625,1
1762947149.8797028,-11.625225067138672,11.056072235107422,1
1762947149.8954182,-11.298619270324707,11.461827278137207,1
1762947150.3050456,-11.106781959533691,10.63582706451416,1
1762947150.3050456,-9.649153709411621,14.90881061553955,1
1762947150.3050456,-9.252196311950684,13.925177574157715,1
1762947150.3050456,-9.659764289855957,15.082737922668457,1
1762947150.3207493,-9.21341609954834,15.260470390319824,1
1762947150.714709,-9.174087524414062,13.949451446533203,1
1762947150.714709,-9.740853309631348,11.42314624786377,1
1762947150.7304747,-12.003803253173828,17.314403533935547,1
1762947150.7304747,-9.953761100769043,11.673226356506348,1
1762947150.7304747,-11.8908109664917,15.076504707336426,1
1762947151.143445,-11.442780494689941,16.060505867004395,1
1762947151.143445,-8.978853225708008,11.811895370483398,1
1762947151.1565368,-10.86474323272705,10.22307300567627,1
1762947151.1565368,-8.925871849060059,12.225348472595215,1
1762947151.1565368,-10.349631309509277,9.803772926330566,1
1762947151.5666583,-10.582600593566895,9.981736183166504,1
1762947151.5666583,-8.792268753051758,12.46157455444336,1
1762947151.5823908,-9.015266418457031,11.30998420715332,1
1762947151.5823908,-8.662161827087402,11.13687801361084,1
1762947151.5823908,-8.680956840515137,10.524081230163574,1
1762947152.0441399,-8.23115062713623,11.1505708694458,1
1762947152.0441399,-9.774313926696777,12.967122077941895,1
1762947152.0441399,-8.564130783081055,11.161273956298828,1
1762947152.0441399,-9.635323524475098,14.91547679901123,1
1762947152.0566804,-8.593741416931152,11.72203540802002,1
1762947152.4672308,-8.580256462097168,11.48499584197998,1
1762947152.4672308,-8.822016716003418,11.473809242248535,1
1762947152.4672308,-8.88773250579834,11.041665077209473,1
1762947152.4672308,-8.987013816833496,11.015563011169434,1
1762947152.4829412,-9.048530578613281,10.818807601928711,1
1762947152.894558,-8.731623649597168,11.052607536315918,1
1762947152.894558,-9.464154243469238,10.952523231506348,1
1762947152.894558,-11.299210548400879,16.80344295501709,1
1762947152.894558,-8.887771606445312,10.85847282409668,1
1762947152.9103074,-10.89244556427002,18.111321449279785,1
1762947153.3212948,-10.49612045288086,18.7287540435791,1
1762947153.3212948,-7.799100399017334,10.482479572296143,1
1762947153.3212948,-10.08945083618164,10.809928894042969,1
1762947153.3371136,-7.820669651031494,10.555295467376709,1
1762947153.3371136,-10.878571510314941,11.551093101501465,1
1762947153.7640364,-11.424117088317871,11.258381843566895,1
1762947153.7640364,-11.415389060974121,11.58481502532959,1
1762947153.7797942,-12.55475902557373,16.10778522491455,1
1762947153.7797942,-11.718791007995605,12.20926570892334,1
1762947153.7851353,-12.44167423248291,14.96414852142334,1
1762947154.190033,-12.95754337310791,17.179089546203613,1
1762947154.190033,-13.369427680969238,10.747941017150879,1
1762947154.2057729,-13.123870849609375,10.423137664794922,1
1762947154.2057729,-13.04658031463623,11.648028373718262,1
1762947154.2057729,-12.890511512756348,10.443312644958496,1
1762947154.6308405,-12.454071998596191,10.672396659851074,1
1762947154.6308405,-11.787150382995605,16.798110008239746,1
1762947154.6308405,-7.727353572845459,11.967682361602783,1
1762947154.6308405,-11.415244102478027,17.062006950378418,1
1762947154.6475487,-7.613002777099609,11.696094512939453,1
1762947155.089764,-7.621188640594482,12.018120288848877,1
1762947155.089764,-7.847391605377197,12.791289806365967,1
1762947155.089764,-8.305359840393066,11.250517845153809,1
1762947155.089764,-7.8317389488220215,12.515841007232666,1
1762947155.1055026,-8.072911262512207,11.03438663482666,1
1762947155.531817,-8.047595024108887,11.227120399475098,1
1762947155.531817,-7.715764999389648,12.297603607177734,1
1762947155.531817,-7.854039669036865,12.013256549835205,1
1762947155.531817,-7.768119812011719,12.671180725097656,1
1762947155.5481162,-7.843376636505127,11.78632116317749,1
1762947155.9762766,-7.912842273712158,12.009625911712646,1
1762947155.9762766,-7.90186071395874,10.78108263015747,1
1762947155.9762766,-11.4896879196167,13.78258228302002,1
1762947155.9762766,-8.093295097351074,10.616805076599121,1
1762947155.991966,-11.891755104064941,14.96260929107666,1
1762947156.435725,-12.24285888671875,15.03564453125,1
1762947156.435725,-11.375580787658691,15.352032661437988,1
1762947156.435725,-10.373597145080566,12.716410636901855,1
1762947156.435725,-11.087567329406738,15.666085243225098,1
1762947156.4513907,-10.104267120361328,13.69327163696289,1
1762947156.878568,-9.821259498596191,12.644556999206543,1
1762947156.878568,-13.076882362365723,12.365178108215332,1
1762947156.878568,-13.23144245147705,10.789105415344238,1
1762947156.878568,-13.416398048400879,12.572138786315918,1
1762947156.8943286,-13.77428150177002,11.023297309875488,1
1762947157.3361773,-14.202265739440918,10.502140998840332,1
1762947157.3361773,-15.161919593811035,10.217793464660645,1
1762947157.3361773,-14.243209838867188,12.909500122070312,1
1762947157.3361773,-15.4762544631958,10.280598640441895,1
1762947157.3518221,-14.553929328918457,12.222216606140137,1
1762947157.7776415,-14.721352577209473,12.583907127380371,1
1762947157.7776415,-13.42093563079834,10.553191184997559,1
1762947157.7776415,-13.433929443359375,10.466880798339844,1
1762947157.7776415,-12.961112976074219,10.791345596313477,1
1762947157.7933888,-13.185650825500488,11.22277545928955,1
1762947158.2348201,-12.671513557434082,11.328703880310059,1
1762947158.2348201,-9.03071117401123,11.246615409851074,1
1762947158.2348201,-8.83112621307373,11.86745548248291,1
1762947158.2348201,-8.922558784484863,11.397286415100098,1
1762947158.2509398,-8.734635353088379,11.338496208190918,1
1762947158.709151,-8.659711837768555,11.002323150634766,1
1762947158.709151,-7.3033061027526855,12.030041217803955,1
1762947158.709151,-7.968100070953369,11.726495265960693,1
1762947158.709151,-6.899899959564209,12.211876392364502,1
1762947158.7249925,-8.008418083190918,11.495686531066895,1
1762947159.1673243,-7.929951190948486,11.8811354637146,1
1762947159.1673243,-19.200075149536133,11.441282272338867,1
1762947159.1673243,-8.761574745178223,10.24095630645752,1
1762947159.1673243,-8.374849319458008,13.645872116088867,1
1762947159.1834044,-8.784111976623535,10.002497673034668,1
1762947159.6103294,-8.993176460266113,9.775229454040527,1
1762947159.6103294,-7.930431365966797,11.408767700195312,1
1762947159.6263905,-7.514373779296875,14.139076232910156,1
1762947159.6263905,-7.795284271240234,10.905963897705078,1
1762947159.6263905,-7.598364353179932,13.518397808074951,1
1762947160.1150835,-7.701107025146484,13.201705932617188,1
1762947160.1150835,-9.47177791595459,10.26032543182373,1
1762947160.1150835,-9.321810722351074,14.7937650680542,1
1762947160.1150835,-9.539528846740723,10.422327995300293,1
1762947160.1308951,-9.504960060119629,15.587204933166504,1
1762947160.5575557,-9.567317008972168,15.840191841125488,1
1762947160.5575557,-9.24228572845459,16.182971000671387,1
1762947160.5732358,-7.999311923980713,11.290164470672607,1
1762947160.5732358,-9.108576774597168,15.30648136138916,1
1762947160.5732358,-7.967417240142822,11.697207927703857,1
1762947161.0149636,-8.136113166809082,11.658141136169434,1
1762947161.0149636,-7.839122772216797,11.371404647827148,1
1762947161.0306544,-8.30585765838623,10.298235893249512,1
1762947161.0306544,-7.808835506439209,10.896534442901611,1
1762947161.0306544,-8.160521507263184,10.885151863098145,1
1762947161.4732738,-8.28608512878418,11.153776168823242,1
1762947161.4732738,-9.690948486328125,11.787086486816406,1
1762947161.4732738,-10.84467601776123,10.630202293395996,1
1762947161.4732738,-10.172101020812988,12.508437156677246,1
1762947161.4890332,-10.84437084197998,10.558239936828613,1
1762947161.915919,-10.445998191833496,10.478495597839355,1
1762947161.915919,-8.897704124450684,13.563925743103027,1
1762947161.9318752,-7.585559844970703,11.864131927490234,1
1762947161.9318752,-9.004040718078613,13.941651344299316,1
1762947161.9318752,-7.610023498535156,12.122007369995117,1
1762947162.3746405,-7.859312534332275,12.51356840133667,1
1762947162.3746405,-9.055929183959961,11.526060104370117,1
1762947162.3746405,-8.890678405761719,10.801279067993164,1
1762947162.3746405,-9.354084968566895,11.04369831085205,1
1762947162.3904245,-8.905670166015625,11.29246711730957,1
1762947162.817468,-9.000618934631348,11.830220222473145,1
1762947162.817468,-9.616050720214844,11.686445236206055,1
1762947162.833205,-10.038102149963379,14.803299903869629,1
1762947162.833205,-9.639140129089355,11.272841453552246,1
1762947162.833205,-9.577935218811035,13.203097343444824,1
1762947163.2794921,-9.45753002166748,11.710833549499512,1
1762947163.2794921,-35.2638053894043,7.800712585449219,0
1762947163.291233,-33.56300735473633,6.9777679443359375,0
1762947163.291233,-33.79135513305664,7.966518402099609,0
1762947163.291233,-34.38043975830078,7.976825714111328,0
1762947163.7325375,-32.945804595947266,7.3089141845703125,0
1762947163.7325375,-34.87632369995117,7.300422668457031,0
1762947163.7325375,-33.26142501831055,6.838226318359375,0
1762947163.7325375,-32.89634704589844,7.114933013916016,0
1762947163.7484138,-33.69286346435547,7.107585906982422,0
1762947164.1773267,-32.74546813964844,6.342201232910156,0
1762947164.1773267,-33.79299545288086,7.242195129394531,0
1762947164.1773267,-33.69713592529297,7.079158782958984,0
1762947164.1773267,-34.87739181518555,9.933277130126953,1
1762947164.1933775,-33.75181579589844,7.942569732666016,0
1762947164.6354537,-35.003143310546875,9.389732360839844,1
1762947164.6354537,-33.53708267211914,8.561004638671875,1
1762947164.6354537,-34.01167297363281,7.409934997558594,0
1762947164.6354537,-33.16192626953125,7.4098968505859375,0
1762947164.656358,-33.14397048950195,6.221473693847656,0
1762947165.0931883,-33.30295181274414,7.909275054931641,0
1762947165.0931883,-35.0064582824707,7.938465118408203,0
1762947165.0931883,-33.911197662353516,6.098026275634766,0
1762947165.0931883,-34.13882064819336,8.603340148925781,1
1762947165.1092913,-33.89352035522461,7.437297821044922,0
1762947165.5356946,-34.04021072387695,6.331203460693359,0
1762947165.5356946,-34.272308349609375,7.9585113525390625,0
1762947165.5356946,-32.1917839050293,5.787757873535156,0
1762947165.5356946,-34.3909797668457,8.503814697265625,1
1762947165.5571074,-32.86471176147461,8.582378387451172,1
1762947166.0343761,-34.112606048583984,8.851978302001953,1
1762947166.0363917,-33.870887756347656,6.660514831542969,0
1762947166.0426772,-33.89006805419922,7.991874694824219,0
1762947166.044678,-33.72431945800781,7.813465118408203,0
1762947166.0486772,-33.694583892822266,7.195518493652344,0
1762947166.5689702,-33.231624603271484,7.492591857910156,0
1762947166.5718958,-33.47065353393555,6.695461273193359,0
1762947166.576929,-34.89857864379883,5.781429290771484,0
1762947166.5788321,-34.957820892333984,6.5545806884765625,0
1762947166.5838754,-33.83063507080078,7.7406158447265625,0
1762947167.074781,-33.01451110839844,7.462776184082031,0
1762947167.074781,-33.240909576416016,6.846031188964844,0
1762947167.090482,-34.18308639526367,8.549652099609375,1
1762947167.090482,-35.30051040649414,6.786567687988281,0
1762947167.090482,-34.64021301269531,7.808189392089844,0
1762947167.547337,-33.7369270324707,9.354999542236328,1
1762947167.547337,-34.37252426147461,8.489631652832031,1
1762947167.547337,-34.971229553222656,6.9266357421875,0
1762947167.547337,-34.63886642456055,8.299304962158203,1
1762947167.5630286,-34.987037658691406,7.7503509521484375,0
1762947168.0492058,-34.11713790893555,6.717533111572266,0
1762947168.0492058,-34.175533294677734,8.40273666381836,1
