Timestamp,Mean_PSD_dB,SNR_dB,PU_Present
1762947684.873032,-14.537360191345215,12.784134864807129,1
1762947684.875032,-15.163604736328125,13.016794204711914,1
1762947684.875032,-16.04218292236328,12.764471054077148,1
1762947684.8820293,-15.748451232910156,12.937829971313477,1
1762947684.8830314,-16.472410202026367,12.72714614868164,1
1762947684.890032,-15.649928092956543,12.363383293151855,1
1762947684.8970304,-15.463218688964844,12.346982955932617,1
1762947684.9150305,-12.691131591796875,15.87083625793457,1
1762947684.947055,-11.718886375427246,14.14159107208252,1
1762947684.9786108,-10.994376182556152,15.062806129455566,1
1762947685.0106106,-10.72173023223877,15.573819160461426,1
1762947685.0431018,-10.262249946594238,13.795336723327637,1
1762947685.075621,-9.986407279968262,14.70963191986084,1
1762947685.1072123,-10.034140586853027,15.873948097229004,1
1762947685.1383731,-9.575310707092285,14.5929536819458,1
1762947685.170335,-9.72054672241211,15.345500946044922,1
1762947685.202296,-9.799986839294434,15.309304237365723,1
1762947685.2349005,-9.701363563537598,16.20519733428955,1
1762947685.2671516,-9.8474702835083,15.25151538848877,1
1762947685.2997746,-9.515877723693848,14.727801322937012,1
1762947685.3304749,-9.70213794708252,14.357966423034668,1
1762947685.3629386,-9.952235221862793,13.782244682312012,1
1762947685.3894098,-9.7829008102417,14.638997077941895,1
1762947685.4241865,-9.864176750183105,14.753752708435059,1
1762947685.4573786,-10.111676216125488,15.971077919006348,1
1762947685.4837527,-10.369332313537598,16.301825523376465,1
1762947685.51604,-10.216348648071289,15.293251037597656,1
1762947685.555451,-10.054885864257812,15.239229202270508,1
1762947685.5882783,-10.247050285339355,15.10851764678955,1
1762947685.619168,-10.310249328613281,14.305913925170898,1
1762947685.6493847,-10.602875709533691,13.992505073547363,1
1762947685.6794474,-10.180209159851074,15.24207592010498,1
1762947685.706021,-10.319303512573242,14.579578399658203,1
1762947685.7370205,-10.289362907409668,15.366698265075684,1
1762947685.7726455,-9.777839660644531,14.109466552734375,1
1762947685.8012357,-9.467829704284668,15.017848014831543,1
1762947685.832534,-9.263981819152832,14.246170997619629,1
1762947685.8638368,-9.124299049377441,14.902205467224121,1
1762947685.8951454,-9.014318466186523,14.922540664672852,1
1762947685.9390838,-9.415030479431152,14.360749244689941,1
1762947685.9582272,-9.72664737701416,14.063963890075684,1
1762947685.9899986,-9.6409330368042,14.425932884216309,1
1762947686.022068,-10.363615989685059,14.517956733703613,1
1762947686.053878,-10.397259712219238,13.947068214416504,1
1762947686.0859082,-10.874458312988281,13.758550643920898,1
1762947686.1179686,-11.73241901397705,15.502493858337402,1
1762947686.1499176,-12.191287994384766,14.190925598144531,1
1762947686.1817632,-12.179226875305176,13.791577339172363,1
1762947686.2131486,-12.309765815734863,13.362555503845215,1
1762947686.2499516,-12.514167785644531,14.050296783447266,1
1762947686.276253,-12.366405487060547,14.088399887084961,1
1762947686.3078501,-12.360007286071777,14.405549049377441,1
1762947686.3548508,-12.213223457336426,14.61142635345459,1
1762947686.386865,-12.141498565673828,13.275671005249023,1
1762947686.4185617,-12.05919361114502,13.97029972076416,1
1762947686.4498603,-11.891308784484863,13.346709251403809,1
1762947686.4811985,-12.3850736618042,15.15042781829834,1
1762947686.5126858,-13.087506294250488,16.037365913391113,1
1762947686.5448062,-13.646224021911621,13.952237129211426,1
1762947686.5761492,-14.263997077941895,15.471232414245605,1
1762947686.6074462,-15.586993217468262,14.624390602111816,1
1762947686.6388514,-16.093950271606445,12.745893478393555,1
1762947686.6704786,-16.777416229248047,13.238519668579102,1
1762947686.7017527,-17.710365295410156,11.030288696289062,1
1762947686.7332995,-17.679929733276367,13.94493293762207,1
1762947686.7650266,-17.159963607788086,13.377340316772461,1
1762947686.7965763,-17.54120635986328,12.936817169189453,1
1762947686.828371,-17.11549949645996,12.688518524169922,1
1762947686.860284,-17.151029586791992,13.026952743530273,1
1762947686.8918605,-16.595542907714844,12.421859741210938,1
1762947686.925413,-16.683609008789062,12.808202743530273,1
1762947686.9549706,-15.740161895751953,13.738872528076172,1
1762947686.9867635,-14.883461952209473,13.860079765319824,1
1762947687.0184877,-14.014676094055176,12.883458137512207,1
1762947687.050006,-13.178189277648926,13.599478721618652,1
1762947687.0813947,-12.499542236328125,13.50288200378418,1
1762947687.1128378,-11.908127784729004,14.831345558166504,1
1762947687.149869,-11.040279388427734,13.25826644897461,1
1762947687.176319,-10.436814308166504,14.64989185333252,1
1762947687.2083678,-9.901153564453125,13.499570846557617,1
1762947687.2499442,-9.624096870422363,14.142165184020996,1
1762947687.272424,-9.314469337463379,13.44509220123291,1
1762947687.3040216,-9.557937622070312,14.522146224975586,1
1762947687.336221,-9.259350776672363,13.65088176727295,1
1762947687.3678386,-9.266950607299805,15.056886672973633,1
1762947687.3993826,-9.399760246276855,14.539544105529785,1
1762947687.4309123,-9.509736061096191,14.8847074508667,1
1762947687.462955,-9.41838550567627,14.698294639587402,1
1762947687.4953725,-9.520009994506836,15.793201446533203,1
1762947687.5265021,-9.632091522216797,15.540246963500977,1
1762947687.5582073,-10.098788261413574,16.13994312286377,1
1762947687.5899172,-10.207989692687988,14.9588041305542,1
1762947687.622163,-10.671996116638184,14.886290550231934,1
1762947687.653931,-10.868197441101074,16.053494453430176,1
1762947687.6853082,-11.372347831726074,15.257428169250488,1
1762947687.716705,-11.633471488952637,14.182326316833496,1
1762947687.7510734,-11.994709014892578,13.782842636108398,1
1762947687.7802181,-12.007691383361816,14.534699440002441,1
1762947687.8118389,-12.931700706481934,15.073225975036621,1
1762947687.8512027,-12.838188171386719,14.731027603149414,1
1762947687.8758214,-13.365504264831543,14.413228034973145,1
1762947687.9078264,-13.850227355957031,15.799877166748047,1
1762947687.954863,-14.213866233825684,16.569390296936035,1
1762947687.9865537,-14.386343955993652,15.635357856750488,1
1762947688.018232,-14.305224418640137,15.42749309539795,1
1762947688.0509832,-13.797103881835938,15.321512222290039,1
1762947688.0824854,-13.259940147399902,16.25355052947998,1
1762947688.1114237,-12.294586181640625,13.472867965698242,1
1762947688.143996,-11.91247272491455,14.564698219299316,1
1762947688.1766856,-11.678943634033203,15.808870315551758,1
1762947688.2058642,-11.172126770019531,13.520570755004883,1
1762947688.2375903,-11.168139457702637,15.853291511535645,1
1762947688.272647,-11.637274742126465,15.210116386413574,1
1762947688.300943,-11.57201862335205,15.252623558044434,1
1762947688.3325338,-11.661471366882324,14.473864555358887,1
1762947688.3642569,-11.668574333190918,15.427849769592285,1
1762947688.396502,-11.582390785217285,15.581097602844238,1
1762947688.4281998,-11.501263618469238,14.809229850769043,1
1762947688.4601953,-11.427556037902832,14.840689659118652,1
1762947688.4957755,-11.011845588684082,14.557442665100098,1
1762947688.5237098,-10.76230525970459,14.191363334655762,1
1762947688.555558,-10.929717063903809,13.370532035827637,1
1762947688.5871494,-10.970686912536621,15.789763450622559,1
1762947688.626997,-10.6001558303833,14.043574333190918,1
1762947688.6519604,-10.622973442077637,15.4994478225708,1
1762947688.6822362,-10.27947998046875,12.781234741210938,1
1762947688.7135544,-10.247576713562012,14.643370628356934,1
1762947688.752016,-9.997244834899902,13.723074913024902,1
1762947688.7799556,-9.503361701965332,13.616633415222168,1
1762947688.8076298,-9.31606674194336,12.995105743408203,1
1762947688.8388994,-8.936705589294434,13.176138877868652,1
1762947688.870282,-8.88637638092041,14.277071952819824,1
1762947688.9015532,-8.811179161071777,13.369065284729004,1
1762947688.932836,-8.589707374572754,13.226935386657715,1
1762947688.9646747,-8.792561531066895,12.161742210388184,1
1762947688.9957232,-8.870753288269043,12.715714454650879,1
1762947689.0426924,-8.869598388671875,12.222278594970703,1
1762947689.0622633,-9.063079833984375,11.722328186035156,1
1762947689.0996351,-9.122052192687988,12.603455543518066,1
1762947689.132068,-9.025703430175781,12.333471298217773,1
1762947689.1632364,-9.08033561706543,11.816354751586914,1
1762947689.194542,-8.868012428283691,11.225716590881348,1
1762947689.2267034,-8.93257999420166,11.62501049041748,1
1762947689.2588668,-9.017210960388184,11.166979789733887,1
1762947689.2908227,-9.04296875,11.727609634399414,1
1762947689.3221123,-9.145541191101074,11.755074501037598,1
1762947689.353882,-9.294716835021973,11.261086463928223,1
1762947689.3851738,-9.245102882385254,11.3528413772583,1
1762947689.4266906,-9.318140983581543,10.94058895111084,1
1762947689.452651,-9.542119026184082,10.685296058654785,1
1762947689.4832664,-9.877391815185547,11.15521240234375,1
1762947689.514995,-9.967045783996582,10.557770729064941,1
1762947689.5546322,-10.110795974731445,10.788543701171875,1
1762947689.5732365,-9.906855583190918,10.893794059753418,1
1762947689.6048217,-10.071941375732422,10.820730209350586,1
1762947689.6365752,-10.075446128845215,10.850247383117676,1
1762947689.6678545,-10.061882972717285,10.843707084655762,1
1762947689.6996849,-10.445779800415039,10.59382438659668,1
1762947689.7317524,-10.887572288513184,10.819050788879395,1
1762947689.7788434,-10.910167694091797,10.783880233764648,1
1762947689.7959387,-11.11170482635498,10.807904243469238,1
1762947689.8281262,-11.336222648620605,11.05070972442627,1
1762947689.8623965,-10.999497413635254,10.77746868133545,1
1762947689.8941312,-10.666801452636719,11.031885147094727,1
1762947689.9259346,-10.051011085510254,10.166821479797363,1
1762947689.957404,-9.538369178771973,10.632357597351074,1
1762947689.9892216,-8.985039710998535,10.225617408752441,1
1762947690.0207222,-8.706255912780762,10.402363777160645,1
1762947690.054746,-8.422079086303711,10.644092559814453,1
1762947690.0841584,-8.154590606689453,10.290771484375,1
1762947690.115932,-8.208508491516113,10.266261100769043,1
1762947690.1526785,-8.032047271728516,10.211959838867188,1
1762947690.1791227,-8.028075218200684,10.85383129119873,1
1762947690.2270768,-7.865561008453369,10.779178142547607,1
1762947690.2587612,-7.5884690284729,11.529542446136475,1
1762947690.290106,-7.613874912261963,10.629361629486084,1
1762947690.3217769,-7.870602130889893,10.61568021774292,1
1762947690.3529382,-7.872919082641602,10.956155776977539,1
1762947690.384717,-8.027366638183594,11.504570007324219,1
1762947690.4164076,-8.087931632995605,11.111889839172363,1
1762947690.4477031,-8.351258277893066,11.453791618347168,1
1762947690.482944,-8.649928092956543,11.2766752243042,1
1762947690.514506,-8.752974510192871,10.556784629821777,1
1762947690.5407853,-8.509502410888672,12.240690231323242,1
1762947690.575963,-8.357650756835938,11.421802520751953,1
1762947690.6037261,-8.647069931030273,11.126981735229492,1
1762947690.6355798,-8.059020042419434,12.567547798156738,1
1762947690.6668751,-8.040477752685547,12.015604019165039,1
1762947690.6982124,-7.833750247955322,11.345574855804443,1
1762947690.7295156,-7.849422454833984,11.83529281616211,1
1762947690.7613509,-7.578797817230225,11.078739643096924,1
1762947690.7927537,-7.559032440185547,12.236639022827148,1
1762947690.8247292,-7.581459045410156,11.785648345947266,1
1762947690.8564868,-7.705323696136475,12.00563097000122,1
1762947690.8887062,-7.667983531951904,11.907253742218018,1
1762947690.92005,-7.68037223815918,11.601932525634766,1
1762947690.9621687,-7.829453945159912,12.20008897781372,1
1762947690.9839687,-8.145647048950195,11.578836441040039,1
1762947691.0152535,-8.74498462677002,11.351078987121582,1
1762947691.0536551,-9.25525188446045,11.487278938293457,1
1762947691.090843,-9.558104515075684,11.983769416809082,1
1762947691.1112323,-8.949902534484863,12.034707069396973,1
1762947691.1537466,-8.472472190856934,12.107470512390137,1
1762947691.1740844,-8.19683837890625,11.680601119995117,1
1762947691.205459,-8.116766929626465,11.519734382629395,1
1762947691.237083,-8.426307678222656,12.36627197265625,1
1762947691.2692924,-8.874167442321777,12.519644737243652,1
1762947691.3013794,-9.402722358703613,12.212590217590332,1
1762947691.3331707,-10.48820686340332,12.13104248046875,1
1762947691.3783154,-11.571667671203613,11.783698081970215,1
1762947691.4103703,-13.224818229675293,11.760663032531738,1
1762947691.4426165,-14.607994079589844,11.05755615234375,1
1762947691.474778,-16.307403564453125,12.312494277954102,1
1762947691.5066838,-17.685182571411133,11.37550163269043,1
1762947691.5389197,-18.312047958374023,11.284353256225586,1
1762947691.5706966,-17.91621971130371,13.166961669921875,1
1762947691.6024146,-16.372495651245117,10.175573348999023,1
1762947691.6346169,-15.2015380859375,11.959327697753906,1
1762947691.666758,-14.203938484191895,12.25574016571045,1
1762947691.6989958,-12.872248649597168,12.369044303894043,1
1762947691.7150874,-12.284126281738281,11.488456726074219,1
1762947691.7630298,-11.929696083068848,12.482596397399902,1
1762947691.7949452,-11.593876838684082,13.035408973693848,1
1762947691.8269837,-12.266282081604004,13.481633186340332,1
1762947691.85295,-12.416302680969238,13.268229484558105,1
1762947691.890949,-12.694863319396973,12.723458290100098,1
1762947691.9070652,-13.100937843322754,13.2599458694458,1
1762947691.9552467,-13.593025207519531,14.375368118286133,1
1762947691.9713523,-13.711483001708984,12.968347549438477,1
1762947692.012186,-14.718536376953125,13.287656784057617,1
1762947692.0355773,-15.302375793457031,13.440275192260742,1
1762947692.082777,-16.258024215698242,14.686607360839844,1
1762947692.114917,-16.471391677856445,12.165155410766602,1
1762947692.1468427,-16.72929573059082,12.607799530029297,1
1762947692.1787794,-16.60605812072754,15.329317092895508,1
1762947692.210974,-15.848769187927246,12.526654243469238,1
1762947692.2429924,-16.345117568969727,14.221607208251953,1
1762947692.2747638,-17.254653930664062,13.442453384399414,1
1762947692.3060627,-17.215368270874023,12.725889205932617,1
1762947692.337397,-17.702333450317383,12.911520004272461,1
1762947692.368558,-16.819143295288086,13.963783264160156,1
1762947692.4001899,-14.714515686035156,14.677967071533203,1
1762947692.431619,-13.552963256835938,13.585735321044922,1
1762947692.4628887,-13.055241584777832,15.387555122375488,1
1762947692.4976366,-11.21605396270752,15.06054401397705,1
1762947692.5263765,-10.414410591125488,15.238091468811035,1
1762947692.5622115,-9.607898712158203,15.463619232177734,1
1762947692.5894616,-8.994367599487305,14.711065292358398,1
1762947692.6210413,-9.070950508117676,15.454852104187012,1
1762947692.6528513,-10.24447250366211,15.420289993286133,1
1762947692.683637,-10.632407188415527,14.2504243850708,1
1762947692.715035,-11.237594604492188,15.500188827514648,1
1762947692.7529187,-11.817643165588379,15.434548377990723,1
1762947692.7804677,-11.72522258758545,15.043551445007324,1
1762947692.8089805,-11.845234870910645,15.680668830871582,1
1762947692.8404098,-10.98782730102539,14.156930923461914,1
1762947692.8717024,-10.419358253479004,14.447842597961426,1
1762947692.8717024,-10.971726417541504,13.617785453796387,1
1762947692.9150324,-10.02415657043457,15.760862350463867,1
1762947692.9475143,-9.59329891204834,16.15702724456787,1
1762947692.969444,-9.43165397644043,14.944374084472656,1
1762947693.0058827,-9.885577201843262,15.319636344909668,1
1762947693.0058827,-9.922804832458496,13.195338249206543,1
1762947693.0361917,-10.166335105895996,15.053133964538574,1
1762947693.0669215,-10.62203598022461,15.640047073364258,1
1762947693.1069307,-11.94511890411377,16.040169715881348,1
1762947693.1382272,-13.701830863952637,14.160588264465332,1
1762947693.1382272,-13.80676555633545,13.216876029968262,1
1762947693.1699138,-13.524787902832031,16.516572952270508,1
1762947693.2013335,-11.989611625671387,15.115290641784668,1
1762947693.2330508,-11.84561538696289,16.15025520324707,1
1762947693.2643318,-12.044325828552246,16.165701866149902,1
1762947693.2643318,-11.338961601257324,13.914944648742676,1
1762947693.29563,-11.36803913116455,15.53591251373291,1
1762947693.327081,-12.334994316101074,15.966996192932129,1
1762947693.3588386,-12.708609580993652,16.270230293273926,1
1762947693.3901162,-12.534178733825684,14.95375919342041,1
1762947693.3901162,-12.130966186523438,13.745279312133789,1
1762947693.4214156,-12.685847282409668,15.334540367126465,1
1762947693.45321,-12.19266128540039,15.150663375854492,1
1762947693.4841647,-12.421760559082031,16.9202938079834,1
1762947693.5156646,-13.102860450744629,15.185246467590332,1
1762947693.5156646,-11.756176948547363,12.23779010772705,1
1762947693.5531557,-12.837483406066895,15.225386619567871,1
1762947693.578703,-12.719764709472656,16.31846809387207,1
1762947693.6102815,-12.859683990478516,18.036962509155273,1
1762947693.642512,-12.722576141357422,15.59039306640625,1
1762947693.642512,-11.046345710754395,14.298773765563965,1
1762947693.6738048,-12.351909637451172,15.383161544799805,1
1762947693.7087138,-12.572400093078613,16.184517860412598,1
1762947693.7368689,-12.457682609558105,16.380351066589355,1
1762947693.768621,-12.643542289733887,17.36778736114502,1
1762947693.768621,-10.94811725616455,15.713540077209473,1
1762947693.7999022,-12.445881843566895,15.295489311218262,1
1762947693.8421679,-12.622177124023438,17.14678192138672,1
1762947693.8798335,-12.463706970214844,16.89509391784668,1
1762947693.8959615,-12.353401184082031,16.29651641845703,1
1762947693.8959615,-10.6395845413208,15.72436237335205,1
1762947693.9272912,-12.17536449432373,16.151577949523926,1
1762947693.9586806,-12.307799339294434,16.85269832611084,1
1762947694.0066519,-12.177032470703125,16.064115524291992,1
1762947694.022482,-11.98431396484375,16.36867332458496,1
1762947694.022482,-10.176922798156738,15.183894157409668,1
1762947694.053497,-11.949490547180176,16.06828022003174,1
1762947694.084798,-11.673866271972656,16.33494758605957,1
1762947694.1322517,-11.76824951171875,17.37019920349121,1
1762947694.1533635,-11.504814147949219,15.743343353271484,1
1762947694.1533635,-9.881081581115723,14.811942100524902,1
1762947694.1804051,-11.177783012390137,16.159846305847168,1
1762947694.2223527,-11.367524147033691,17.785683631896973,1
1762947694.2610588,-11.240924835205078,15.60618782043457,1
1762947694.28929,-20.45976448059082,11.708883285522461,1
1762947694.28929,-9.987324714660645,15.164498329162598,1
1762947694.3209734,-11.341129302978516,17.325035095214844,1
1762947694.3531284,-11.755699157714844,18.39672088623047,1
1762947694.3933527,-11.74783992767334,17.11726474761963,1
1762947694.4048247,-11.660670280456543,16.471760749816895,1
1762947694.4048247,-10.298540115356445,15.280349731445312,1
1762947694.443205,-11.616786003112793,16.41406536102295,1
1762947694.482452,-11.296000480651855,16.62597942352295,1
1762947694.516704,-10.653827667236328,15.513404846191406,1
1762947694.5324428,-10.758232116699219,16.077791213989258,1
1762947694.5324428,-9.719780921936035,16.397894859313965,1
1762947694.5639062,-10.720110893249512,16.737420082092285,1
1762947694.5955038,-10.733120918273926,17.619772911071777,1
1762947694.6537979,-10.216362953186035,15.484696388244629,1
1762947694.6591167,-10.422268867492676,17.424979209899902,1
1762947694.675125,-9.347911834716797,14.925056457519531,1
1762947694.706465,-10.343578338623047,18.073959350585938,1
1762947694.7380428,-10.45021915435791,18.363158226013184,1
1762947694.786907,-10.353602409362793,18.100459098815918,1
1762947694.8008704,-12.294089317321777,8.421147346496582,1
1762947694.8008704,-9.42602825164795,14.673226356506348,1
1762947694.8321822,-10.252364158630371,16.33352756500244,1
1762947694.8634896,-10.11950397491455,17.245306968688965,1
1762947694.9107623,-9.117047309875488,15.02624797821045,1
1762947694.9267302,-9.19360065460205,17.905726432800293,1
1762947694.9267302,-8.248764991760254,16.531991004943848,1
1762947694.958498,-9.323221206665039,19.26225471496582,1
1762947694.98981,-9.448555946350098,17.530491828918457,1
1762947695.0377276,-9.35779094696045,16.832200050354004,1
1762947695.0543973,-9.086280822753906,18.459882736206055,1
1762947695.0543973,-8.149802207946777,14.943818092346191,1
1762947695.0849705,-8.841291427612305,16.79914665222168,1
1762947695.1166146,-10.293085098266602,11.929325103759766,1
1762947695.1637716,-11.242632865905762,17.27929973602295,1
1762947695.1796253,-12.345085144042969,16.86505699157715,1
1762947695.1796253,-12.228083610534668,15.197871208190918,1
1762947695.2152545,-13.576454162597656,18.67092514038086,1
1762947695.2497702,-14.174781799316406,16.162620544433594,1
1762947695.3059702,-15.138679504394531,14.459775924682617,1
1762947695.3059702,-15.6349515914917,13.746336936950684,1
1762947695.3059702,-15.453736305236816,13.846199989318848,1
1762947695.3476405,-16.01728630065918,13.987081527709961,1
1762947695.371326,-16.698976516723633,15.71272087097168,1
1762947695.4190996,-16.07053565979004,14.824993133544922,1
1762947695.4324741,-16.435651779174805,15.226314544677734,1
1762947695.4324741,-16.253829956054688,13.62812614440918,1
1762947695.469719,-16.203413009643555,15.498048782348633,1
1762947695.498716,-15.330734252929688,14.159358978271484,1
1762947695.557247,-14.428375244140625,14.860078811645508,1
1762947695.557247,-14.47276782989502,15.611248970031738,1
1762947695.557247,-14.126594543457031,15.651773452758789,1
1762947695.5892534,-14.081764221191406,16.284809112548828,1
1762947695.6214197,-14.608898162841797,15.549064636230469,1
1762947695.6847882,-14.720528602600098,13.74814510345459,1
1762947695.6847882,-15.328356742858887,16.53026294708252,1
1762947695.6847882,-14.611153602600098,14.244572639465332,1
1762947695.7163563,-14.4785737991333,15.942368507385254,1
1762947695.7548513,-13.311579704284668,14.602826118469238,1
1762947695.8115091,-12.094616889953613,16.568325996398926,1
1762947695.8115091,-11.534122467041016,15.548810958862305,1
1762947695.8271694,-11.256210327148438,15.858009338378906,1
1762947695.8587844,-11.011548042297363,17.525647163391113,1
1762947695.8902032,-10.603947639465332,15.698697090148926,1
1762947695.9513454,-10.21106243133545,15.164111137390137,1
1762947695.9541552,-9.54460620880127,16.41586399078369,1
1762947695.955164,-9.607481956481934,11.623614311218262,1
1762947695.9851665,-9.1752347946167,16.815943717956543,1
1762947696.0165207,-9.126365661621094,16.33753204345703,1
1762947696.0839484,-9.02902603149414,17.307371139526367,1
1762947696.0839484,-8.93538761138916,16.136176109313965,1
1762947696.1103656,-8.886597633361816,15.974129676818848,1
1762947696.115089,-8.666683197021484,15.272642135620117,1
1762947696.14183,-8.635894775390625,16.0751895904541,1
1762947696.2048335,-8.60318660736084,16.760878562927246,1
1762947696.2101898,-8.76471996307373,16.23363971710205,1
1762947696.2101898,-8.61672306060791,15.760483741760254,1
1762947696.2431943,-8.851191520690918,16.892048835754395,1
1762947696.27184,-8.958849906921387,17.438376426696777,1
1762947696.3365157,-9.131682395935059,17.794344902038574,1
1762947696.3365157,-9.751687049865723,17.406250953674316,1
1762947696.3365157,-9.587624549865723,16.403929710388184,1
1762947696.3627932,-9.91072940826416,16.527352333068848,1
1762947696.3944936,-10.147688865661621,16.065896034240723,1
1762947696.4575214,-10.927632331848145,18.79672908782959,1
1762947696.4575214,-11.189738273620605,16.975098609924316,1
1762947696.4575214,-11.133021354675293,16.11233425140381,1
1762947696.4990544,-11.677096366882324,16.788010597229004,1
1762947696.5201054,-11.842582702636719,15.903814315795898,1
1762947696.5828311,-12.31314754486084,16.485037803649902,1
1762947696.5828311,-12.39547061920166,14.909321784973145,1
1762947696.5828311,-12.127467155456543,14.226452827453613,1
1762947696.622002,-12.736193656921387,16.182984352111816,1
1762947696.6584482,-12.847488403320312,15.408660888671875,1
1762947696.7092035,-12.849700927734375,15.375988006591797,1
1762947696.7092035,-12.86821460723877,16.946120262145996,1
1762947696.7092035,-13.137554168701172,16.327402114868164,1
1762947696.7413857,-12.850382804870605,15.828368186950684,1
1762947696.7733982,-12.681805610656738,16.08956813812256,1
1762947696.836882,-12.800349235534668,17.063895225524902,1
1762947696.836882,-12.469059944152832,16.929465293884277,1
1762947696.836882,-12.469802856445312,15.24656867980957,1
1762947696.868953,-12.691744804382324,16.91853618621826,1
1762947696.9006865,-12.609517097473145,16.20362377166748,1
1762947696.9643862,-12.504425048828125,15.644050598144531,1
1762947696.9643862,-12.707103729248047,15.748922348022461,1
1762947696.9643862,-12.29328441619873,14.297402381896973,1
1762947696.995886,-13.076399803161621,15.765305519104004,1
1762947697.0428967,-12.6320219039917,15.420958518981934,1
1762947697.0904572,-12.496585845947266,16.273780822753906,1
1762947697.10657,-11.33953857421875,11.58287239074707,1
1762947697.10657,-12.125872611999512,14.802262306213379,1
1762947697.1378314,-11.76701831817627,17.486872673034668,1
1762947697.169674,-11.632493019104004,16.825072288513184,1
1762947697.2218363,-11.11658763885498,16.96079158782959,1
1762947697.2328064,-11.064728736877441,18.43933391571045,1
1762947697.2328064,-10.94433307647705,14.974471092224121,1
1762947697.2640698,-11.123265266418457,16.48593044281006,1
1762947697.295349,-11.18674087524414,17.836345672607422,1
1762947697.3429637,-10.849221229553223,17.11238384246826,1
1762947697.3590088,-10.552996635437012,17.58461856842041,1
1762947697.3590088,-10.134119987487793,15.281949043273926,1
1762947697.3903573,-10.56221866607666,17.21122646331787,1
1762947697.4217083,-10.567461967468262,18.497279167175293,1
1762947697.469107,-10.93533992767334,16.256205558776855,1
1762947697.4847703,-11.0167818069458,17.59671115875244,1
1762947697.4847703,-10.856656074523926,16.443312644958496,1
1762947697.516154,-11.2887601852417,16.34413242340088,1
1762947697.5548618,-11.341509819030762,16.647040367126465,1
1762947697.5952475,-11.882161140441895,17.225687980651855,1
1762947697.6110752,-12.091057777404785,17.045599937438965,1
1762947697.6110752,-11.295376777648926,16.037850379943848,1
1762947697.642387,-12.022945404052734,16.948652267456055,1
1762947697.6739771,-12.09625244140625,16.878211975097656,1
1762947697.7378802,-11.63853931427002,15.6057767868042,1
1762947697.7461092,-11.25695514678955,16.434866905212402,1
1762947697.7471154,-10.402782440185547,14.862808227539062,1
1762947697.778872,-10.55598258972168,17.025676727294922,1
1762947697.808646,-10.11075496673584,16.46296977996826,1
1762947697.8637025,-9.852021217346191,16.650134086608887,1
1762947697.8637025,-9.771892547607422,17.05086326599121,1
1762947697.8637025,-9.085831642150879,13.962084770202637,1
1762947697.8982754,-9.70767593383789,18.058677673339844,1
1762947697.9331536,-9.6636323928833,17.350443840026855,1
1762947697.9907079,-9.325577735900879,15.694445610046387,1
1762947697.9907079,-9.617220878601074,16.494027137756348,1
1762947697.9907079,-9.338876724243164,15.59231948852539,1
1762947698.0224965,-9.4252290725708,16.31531047821045,1
1762947698.0651238,-9.472599029541016,16.67243194580078,1
1762947698.1172664,-10.0696382522583,16.591864585876465,1
1762947698.1172664,-9.667627334594727,14.809297561645508,1
1762947698.1172664,-9.517457962036133,13.849838256835938,1
1762947698.1594882,-9.848812103271484,14.745267868041992,1
1762947698.1812606,-10.162408828735352,17.173751831054688,1
1762947698.243983,-10.630523681640625,17.828353881835938,1
1762947698.2566476,-10.380898475646973,14.663548469543457,1
1762947698.2566476,-10.26354694366455,14.581923484802246,1
1762947698.2909532,-10.787190437316895,14.258376121520996,1
1762947698.322259,-10.553421974182129,14.130871772766113,1
1762947698.3793905,-10.88034725189209,13.958134651184082,1
1762947698.3861082,-10.829707145690918,13.450764656066895,1
1762947698.3861082,-10.635401725769043,12.884675025939941,1
1762947698.417409,-11.318180084228516,13.350460052490234,1
1762947698.4486856,-11.299542427062988,12.71635913848877,1
1762947698.4996533,-11.348873138427734,13.208446502685547,1
1762947698.512275,-11.5262451171875,13.803268432617188,1
1762947698.512275,-10.892027854919434,13.336838722229004,1
1762947698.5435584,-11.630608558654785,13.669716835021973,1
1762947698.574882,-11.310576438903809,12.877474784851074,1
1762947698.6378975,-11.353487968444824,12.790364265441895,1
1762947698.6378975,-11.401667594909668,12.847275733947754,1
1762947698.6378975,-10.964077949523926,13.580830574035645,1
1762947698.6692147,-11.30434513092041,13.494673728942871,1
1762947698.7005415,-11.642437934875488,12.79032039642334,1
1762947698.7635653,-11.415855407714844,13.051534652709961,1
1762947698.7635653,-11.706387519836426,13.242182731628418,1
1762947698.7635653,-10.754435539245605,13.658883094787598,1
1762947698.7948663,-11.53454875946045,12.438599586486816,1
1762947698.826237,-11.74634075164795,13.168841361999512,1
1762947698.8984547,-11.788108825683594,12.676340103149414,1
1762947698.8984547,-11.780684471130371,12.470122337341309,1
1762947698.9219556,-11.834861755371094,13.323343276977539,1
1762947698.9219556,-11.047237396240234,13.15850830078125,1
1762947698.9628952,-12.300651550292969,13.035093307495117,1
1762947699.0172992,-12.488215446472168,13.317002296447754,1
1762947699.0172992,-11.135834693908691,12.8774995803833,1
1762947699.0570679,-12.954497337341309,12.879475593566895,1
1762947699.0570679,-11.087940216064453,12.912166595458984,1
1762947699.0886052,-21.014280319213867,13.96314811706543,1
1762947699.1485403,-12.7052640914917,13.335238456726074,1
1762947699.1485403,-13.297046661376953,13.755298614501953,1
1762947699.1748252,-13.309425354003906,13.475790023803711,1
1762947699.1748252,-11.818649291992188,12.853073120117188,1
1762947699.2061217,-12.857135772705078,13.613828659057617,1
1762947699.2686892,-13.520263671875,13.599260330200195,1
1762947699.2686892,-11.969779014587402,12.83554744720459,1
1762947699.3003855,-13.242440223693848,13.564581871032715,1
1762947699.3003855,-12.18123722076416,12.8479585647583,1
1762947699.3321311,-13.813613891601562,13.908273696899414,1
1762947699.3952727,-13.93671703338623,15.043112754821777,1
1762947699.3952727,-13.234986305236816,12.93549633026123,1
1762947699.3952727,-12.425627708435059,14.301474571228027,1
1762947699.4427922,-13.793864250183105,13.715353965759277,1
1762947699.4587717,-13.593174934387207,14.637568473815918,1
1762947699.5388336,-13.25881290435791,13.17566204071045,1
1762947699.5388336,-12.379708290100098,13.184075355529785,1
1762947699.5704381,-13.5275297164917,14.12852954864502,1
1762947699.5704381,-12.569554328918457,13.355719566345215,1
1762947699.6023755,-13.36007022857666,13.73674488067627,1
1762947699.6656127,-13.150620460510254,13.760706901550293,1
1762947699.6656127,-12.846354484558105,15.04314136505127,1
1762947699.697438,-13.014183044433594,13.915111541748047,1
1762947699.697438,-11.85345458984375,13.123088836669922,1
1762947699.7294433,-12.657872200012207,13.82426929473877,1
1762947699.7929401,-12.1770601272583,13.492033958435059,1
1762947699.7929401,-11.068741798400879,13.077803611755371,1
1762947699.8249059,-11.871350288391113,14.333247184753418,1
1762947699.8249059,-11.1714448928833,13.035008430480957,1
1762947699.8574538,-11.60833740234375,13.31605339050293,1
1762947699.9201367,-11.150347709655762,14.259308815002441,1
1762947699.9201367,-10.151915550231934,12.961918830871582,1
1762947699.951915,-10.94409465789795,13.828370094299316,1
1762947699.951915,-10.217504501342773,12.676254272460938,1
1762947699.983534,-10.84595775604248,14.461689949035645,1
1762947700.0470858,-10.751289367675781,13.506141662597656,1
1762947700.057622,-9.634873390197754,13.164824485778809,1
1762947700.0791698,-9.888551712036133,13.667678833007812,1
1762947700.0791698,-9.369807243347168,13.9304780960083,1
1762947700.1109247,-9.759075164794922,13.368648529052734,1
1762947700.174901,-9.510924339294434,13.105042457580566,1
1762947700.174901,-9.148682594299316,12.82872486114502,1
1762947700.2105896,-9.66267204284668,13.813236236572266,1
1762947700.2112465,-8.814838409423828,12.911369323730469,1
1762947700.2425308,-9.540908813476562,11.979143142700195,1
1762947700.303226,-9.33050537109375,12.750667572021484,1
1762947700.303226,-8.746514320373535,11.99185848236084,1
1762947700.3323884,-9.422064781188965,12.232707023620605,1
1762947700.3323884,-8.829963684082031,12.298772811889648,1
1762947700.3644783,-9.519379615783691,11.9672269821167,1
1762947700.4280612,-9.747660636901855,13.38508129119873,1
1762947700.4280612,-9.351456642150879,12.787962913513184,1
1762947700.459663,-9.92919635772705,12.396031379699707,1
1762947700.459663,-9.521180152893066,11.824767112731934,1
1762947700.4914353,-10.263697624206543,12.289948463439941,1
1762947700.570765,-10.57187557220459,11.895419120788574,1
1762947700.570765,-10.070819854736328,12.654685974121094,1
1762947700.5864727,-10.312538146972656,11.248147964477539,1
1762947700.5864727,-10.120743751525879,11.935280799865723,1
1762947700.6181102,-10.353732109069824,10.784649848937988,1
1762947700.6974876,-9.869729995727539,10.662115097045898,1
1762947700.6974876,-9.64488410949707,11.757379531860352,1
1762947700.713455,-9.624130249023438,11.517301559448242,1
1762947700.713455,-9.388333320617676,11.684039115905762,1
1762947700.7454493,-9.543746948242188,11.817327499389648,1
1762947700.8245947,-9.127964973449707,11.025032997131348,1
1762947700.8245947,-8.32398796081543,11.234420776367188,1
1762947700.8405209,-8.320393562316895,11.038178443908691,1
1762947700.8405209,-7.812197208404541,11.517600536346436,1
1762947700.8725748,-7.849435806274414,11.024686813354492,1
1762947700.9518213,-7.515516757965088,10.82153844833374,1
1762947700.9518213,-6.97051477432251,11.148635387420654,1
1762947700.9676695,-6.991275787353516,10.727943420410156,1
1762947700.9676695,-6.72409200668335,11.205006122589111,1
1762947700.9992297,-6.676171779632568,11.176928043365479,1
1762947701.0778203,-6.299173831939697,10.717919826507568,1
1762947701.0778203,-6.375300884246826,12.948221683502197,1
1762947701.0935626,-6.120570659637451,10.615162372589111,1
1762947701.0935626,-6.084465026855469,12.916864395141602,1
1762947701.125297,-6.195597171783447,10.895623683929443,1
1762947701.203928,-6.070059299468994,10.951371669769287,1
1762947701.203928,-6.114070892333984,13.588212966918945,1
1762947701.2199996,-6.071736812591553,10.77472734451294,1
1762947701.2199996,-6.178342819213867,13.473922729492188,1
1762947701.2583017,-6.383729457855225,11.250002384185791,1
1762947701.3363647,-6.54145622253418,10.862396240234375,1
1762947701.3363647,-6.992950439453125,13.114606857299805,1
1762947701.3622668,-7.083156108856201,10.809010028839111,1
1762947701.3622668,-7.286954402923584,13.903185367584229,1
1762947701.3936234,-7.6019158363342285,10.872464656829834,1
1762947701.4587097,-8.249152183532715,10.816861152648926,1
1762947701.4587097,-9.270172119140625,13.779764175415039,1
1762947701.4894338,-9.81174087524414,11.461872100830078,1
1762947701.4894338,-9.937370300292969,14.39073371887207,1
1762947701.5209746,-10.381186485290527,11.237643241882324,1
1762947701.5845325,-10.5823974609375,10.256387710571289,1
1762947701.5845325,-10.857672691345215,12.972760200500488,1
1762947701.616365,-10.849974632263184,10.38674259185791,1
1762947701.616365,-10.692704200744629,13.134928703308105,1
1762947701.6510196,-10.882640838623047,10.962322235107422,1
1762947701.7262628,-10.93560791015625,11.048713684082031,1
1762947701.7262628,-10.71175765991211,14.061540603637695,1
1762947701.7440827,-10.718859672546387,11.445895195007324,1
1762947701.7440827,-10.835375785827637,13.761832237243652,1
1762947701.775924,-11.13061809539795,12.09451961517334,1
1762947701.858125,-10.53643798828125,11.310182571411133,1
1762947701.858125,-10.533429145812988,13.944788932800293,1
1762947701.87111,-10.495987892150879,10.85651683807373,1
1762947701.87111,-10.228988647460938,13.492118835449219,1
1762947701.9029768,-10.085326194763184,12.061429023742676,1
1762947701.9826849,-9.48694896697998,11.963173866271973,1
1762947701.9826849,-8.65554428100586,13.550138473510742,1
1762947701.9983318,-7.890411376953125,12.021793365478516,1
1762947701.9983318,-8.041686058044434,15.956398963928223,1
1762947702.0296884,-7.378971576690674,11.60692548751831,1
1762947702.108472,-6.8584113121032715,12.363184452056885,1
1762947702.108472,-6.378118991851807,15.273692607879639,1
1762947702.1244352,-6.466723918914795,11.424808979034424,1
1762947702.1244352,-6.104103088378906,14.74150276184082,1
1762947702.1582456,-6.280569553375244,12.079928874969482,1
1762947702.234875,-6.09805154800415,11.187623500823975,1
1762947702.234875,-6.268632411956787,14.993776798248291,1
1762947702.2582614,-6.3617987632751465,11.435360431671143,1
1762947702.2582614,-6.327824115753174,15.507035732269287,1
1762947702.2824595,-6.368274211883545,11.487396717071533,1
1762947702.3626006,-6.733272552490234,11.693061828613281,1
1762947702.3626006,-6.899808406829834,15.445847034454346,1
1762947702.378407,-7.165894985198975,11.778614521026611,1
1762947702.378407,-7.180386066436768,15.55195951461792,1
1762947702.410415,-7.612056255340576,11.035976886749268,1
1762947702.4890869,-7.8424506187438965,11.524387836456299,1
1762947702.4890869,-8.567047119140625,14.498180389404297,1
1762947702.5047407,-9.435306549072266,12.266645431518555,1
1762947702.5047407,-9.486546516418457,15.33347225189209,1
1762947702.5363667,-10.109366416931152,11.862950325012207,1
1762947702.6177166,-10.645730018615723,11.292284965515137,1
1762947702.6177166,-11.209976196289062,14.31732177734375,1
1762947702.6309545,-11.53922176361084,11.114533424377441,1
1762947702.6309545,-11.369736671447754,13.828116416931152,1
1762947702.6629734,-11.207667350769043,12.000824928283691,1
1762947702.7542381,-10.712458610534668,11.484436988830566,1
1762947702.7551036,-9.439038276672363,14.593411445617676,1
1762947702.7704957,-8.76288890838623,11.60496997833252,1
1762947702.7712655,-8.641483306884766,15.12759780883789,1
1762947702.7884898,-8.176186561584473,11.876091957092285,1
1762947702.8827062,-7.7948384284973145,10.54725980758667,1
1762947702.8827062,-7.387424468994141,14.172704696655273,1
1762947702.8827062,-7.36802864074707,11.315191268920898,1
1762947702.898821,-7.538814544677734,16.265708923339844,1
1762947702.9304607,-7.220032215118408,10.92411756515503,1
1762947703.008892,-7.507437229156494,10.939836025238037,1
1762947703.008892,-7.863018035888672,14.909011840820312,1
1762947703.0247672,-7.924423694610596,10.94028615951538,1
1762947703.0247672,-8.245272636413574,14.084572792053223,1
1762947703.0590494,-8.191662788391113,10.979580879211426,1
1762947703.1353538,-8.704164505004883,10.483247756958008,1
1762947703.1353538,-10.290993690490723,15.388978004455566,1
1762947703.1510873,-10.060667037963867,10.785051345825195,1
1762947703.1510873,-10.391300201416016,14.22897720336914,1
1762947703.1829865,-11.080853462219238,10.699231147766113,1
1762947703.2630248,-11.979911804199219,11.304460525512695,1
1762947703.2630248,-12.434613227844238,14.299796104431152,1
1762947703.278842,-11.858916282653809,10.804705619812012,1
1762947703.278842,-11.673824310302734,14.30259895324707,1
1762947703.3102787,-10.983935356140137,10.938799858093262,1
1762947703.3895862,-9.86780834197998,10.981072425842285,1
1762947703.3895862,-8.481158256530762,13.766850471496582,1
1762947703.4056225,-7.622894287109375,10.459848403930664,1
1762947703.4056225,-7.426959991455078,14.098653793334961,1
1762947703.4374921,-6.719112396240234,11.029928207397461,1
1762947703.5329287,-6.225645065307617,10.68110466003418,1
1762947703.5329287,-5.967014789581299,13.989476680755615,1
1762947703.5329287,-5.93030309677124,10.95713472366333,1
1762947703.5329287,-6.005566120147705,14.189944744110107,1
1762947703.567591,-5.801029682159424,10.98802900314331,1
1762947703.6607275,-6.101719379425049,10.62095022201538,1
1762947703.6607275,-6.176733493804932,13.734862804412842,1
1762947703.6607275,-6.231452941894531,11.494190216064453,1
1762947703.6607275,-6.083024501800537,13.937269687652588,1
1762947703.6925983,-6.270929336547852,11.261396408081055,1
1762947703.7897787,-6.271153926849365,11.152811527252197,1
1762947703.7897787,-5.983508586883545,13.966495990753174,1
1762947703.800073,-6.39286470413208,11.310800075531006,1
1762947703.800073,-6.2545294761657715,12.139160633087158,1
1762947703.8198519,-6.476001739501953,11.294427871704102,1
1762947703.8987865,-6.85167932510376,11.391601085662842,1
1762947703.8987865,-6.602078914642334,12.959476947784424,1
1762947703.914972,-7.227976322174072,11.303008556365967,1
1762947703.914972,-6.620429992675781,13.739524841308594,1
1762947703.947076,-7.209383487701416,11.423333644866943,1
1762947704.044151,-7.2585768699646,12.516333103179932,1
1762947704.044151,-6.426971912384033,12.13037633895874,1
1762947704.044151,-7.26801061630249,11.704576969146729,1
1762947704.044151,-6.834787845611572,12.408671855926514,1
1762947704.0759265,-7.4424147605896,12.189066410064697,1
1762947704.1714718,-7.910027980804443,11.585564136505127,1
1762947704.1714718,-7.488273620605469,12.843515396118164,1
1762947704.1714718,-8.040862083435059,12.199013710021973,1
1762947704.1714718,-7.520959377288818,12.486828327178955,1
1762947704.2036028,-8.259668350219727,12.235109329223633,1
1762947704.2982025,-8.615835189819336,12.105865478515625,1
1762947704.2982025,-8.687726020812988,12.41594409942627,1
1762947704.303841,-9.554137229919434,12.087206840515137,1
1762947704.303841,-9.115595817565918,12.920241355895996,1
1762947704.3298423,-10.286093711853027,12.723401069641113,1
1762947704.4254065,-10.800651550292969,10.599084854125977,1
1762947704.4254065,-11.058902740478516,12.15730094909668,1
1762947704.441163,-11.788630485534668,13.456305503845215,1
1762947704.441163,-11.189384460449219,11.765270233154297,1
1762947704.4600346,-11.850199699401855,12.186884880065918,1
1762947704.5600657,-12.254168510437012,11.964509010314941,1
1762947704.5600657,-11.301887512207031,12.055355072021484,1
1762947704.5600657,-11.819450378417969,13.254518508911133,1
1762947704.5600657,-11.272099494934082,12.312766075134277,1
1762947704.5844967,-11.69693374633789,12.580421447753906,1
1762947704.6799946,-11.588379859924316,12.933547019958496,1
1762947704.6799946,-10.89426040649414,11.722187042236328,1
1762947704.696176,-11.530410766601562,11.840370178222656,1
1762947704.696176,-11.15365219116211,12.788848876953125,1
1762947704.7122176,-11.522625923156738,13.488808631896973,1
1762947704.829571,-11.188453674316406,12.586034774780273,1
1762947704.829571,-10.744709014892578,11.669357299804688,1
1762947704.829571,-11.22747802734375,13.313085556030273,1
1762947704.829571,-10.715710639953613,12.115286827087402,1
1762947704.8401005,-11.197742462158203,13.398433685302734,1
1762947704.9352343,-10.955719947814941,12.838753700256348,1
1762947704.9352343,-10.27087688446045,11.970856666564941,1
1762947704.9511416,-10.268991470336914,13.917314529418945,1
1762947704.9511416,-10.031149864196777,12.036555290222168,1
1762947704.9668307,-10.263354301452637,14.110272407531738,1
1762947705.0775542,-10.165167808532715,13.46275806427002,1
1762947705.0775542,-9.981757164001465,13.814122200012207,1
1762947705.0851502,-9.862421989440918,13.817294120788574,1
1762947705.0851502,-10.109465599060059,12.137919425964355,1
1762947705.0933545,-9.796871185302734,13.155412673950195,1
1762947705.2042282,-10.057220458984375,14.331750869750977,1
1762947705.2042282,-10.262532234191895,13.101893424987793,1
1762947705.2248645,-9.848607063293457,13.296616554260254,1
1762947705.2254894,-10.681182861328125,12.885913848876953,1
1762947705.2348945,-9.908981323242188,13.401054382324219,1
1762947705.339026,-10.253417015075684,13.516728401184082,1
1762947705.339026,-11.20317554473877,15.22824764251709,1
1762947705.34644,-10.819872856140137,15.049208641052246,1
1762947705.34644,-11.616650581359863,13.800606727600098,1
1762947705.362512,-10.889808654785156,12.853628158569336,1
1762947705.460748,-11.132283210754395,13.169655799865723,1
1762947705.460748,-12.67966079711914,14.221275329589844,1
1762947705.460748,-11.853672981262207,12.415684700012207,1
1762947705.460748,-13.210472106933594,13.948038101196289,1
1762947705.4895868,-11.999828338623047,13.491849899291992,1
1762947705.5842605,-12.565333366394043,13.033806800842285,1
1762947705.5842605,-13.811505317687988,14.392359733581543,1
1762947705.5842605,-12.460597038269043,12.019993782043457,1
1762947705.5842605,-13.983772277832031,14.790519714355469,1
1762947705.6162097,-12.684333801269531,12.82801628112793,1
1762947705.7101653,-12.513096809387207,11.567646980285645,1
1762947705.7101653,-14.447261810302734,14.512901306152344,1
1762947705.7101653,-12.922805786132812,11.726760864257812,1
1762947705.7101653,-14.42151165008545,14.047329902648926,1
1762947705.7414632,-12.882233619689941,11.529810905456543,1
1762947705.8361974,-19.448467254638672,12.605224609375,1
1762947705.8361974,-15.01319408416748,14.474154472351074,1
1762947705.8520002,-12.77289867401123,12.093003273010254,1
1762947705.8520002,-14.621856689453125,13.88534927368164,1
1762947705.872308,-12.659375190734863,10.802369117736816,1
1762947705.9770901,-12.864569664001465,11.646136283874512,1
1762947705.9770901,-14.581315040588379,13.570076942443848,1
1762947705.9770901,-12.671826362609863,11.338791847229004,1
1762947705.9770901,-14.50317096710205,14.18742847442627,1
1762947705.9927588,-12.676377296447754,10.885870933532715,1
1762947706.1051395,-12.545295715332031,11.351369857788086,1
1762947706.1051395,-14.065836906433105,14.217024803161621,1
1762947706.1051395,-12.542628288269043,11.369284629821777,1
1762947706.1051395,-13.75365161895752,12.83513355255127,1
1762947706.1188288,-12.276885986328125,11.642057418823242,1
1762947706.2297993,-12.309847831726074,10.694083213806152,1
1762947706.2297993,-13.426009178161621,13.911959648132324,1
1762947706.2458234,-11.679656028747559,10.973052024841309,1
1762947706.2458234,-13.262288093566895,13.179133415222168,1
1762947706.2458234,-11.743739128112793,11.26546573638916,1
1762947706.3571956,-11.67212963104248,10.925724983215332,1
1762947706.3571956,-12.829554557800293,12.881619453430176,1
1762947706.3619459,-11.867329597473145,11.45627498626709,1
1762947706.3619459,-12.886839866638184,13.53049373626709,1
1762947706.3732333,-11.626673698425293,11.627951622009277,1
1762947706.4838371,-11.912460327148438,11.362878799438477,1
1762947706.4838371,-12.671467781066895,12.747614860534668,1
1762947706.499528,-11.804163932800293,11.39745807647705,1
1762947706.499528,-12.469561576843262,13.99898624420166,1
1762947706.5034232,-11.688132286071777,12.495570182800293,1
1762947706.6101704,-11.692761421203613,11.157774925231934,1
1762947706.6101704,-12.169146537780762,13.131524085998535,1
1762947706.6101704,-11.604874610900879,12.066315650939941,1
1762947706.6101704,-12.197039604187012,13.650038719177246,1
1762947706.6420963,-11.787434577941895,12.058392524719238,1
1762947706.7374594,-11.30005168914795,12.557164192199707,1
1762947706.7374594,-11.424384117126465,14.066115379333496,1
1762947706.7374594,-11.092452049255371,12.553763389587402,1
1762947706.7374594,-11.241999626159668,14.544432640075684,1
1762947706.7687519,-10.535818099975586,12.392965316772461,1
1762947706.8631396,-10.44340991973877,12.918070793151855,1
1762947706.8631396,-9.934497833251953,13.833717346191406,1
1762947706.8787868,-9.321368217468262,13.348275184631348,1
1762947706.8787868,-9.283066749572754,14.453120231628418,1
1762947706.894453,-8.889190673828125,14.415721893310547,1
1762947706.988848,-8.541913032531738,14.566720008850098,1
1762947706.988848,-8.528059959411621,16.098843574523926,1
1762947707.0045242,-8.506378173828125,13.653291702270508,1
1762947707.0045242,-8.125784873962402,15.646622657775879,1
1762947707.0201614,-8.153491020202637,15.062979698181152,1
1762947707.1297286,-8.217529296875,14.447891235351562,1
1762947707.1297286,-7.9806060791015625,15.443183898925781,1
1762947707.1297286,-8.646477699279785,14.438124656677246,1
1762947707.1297286,-8.302971839904785,16.065659523010254,1
1762947707.145387,-8.868423461914062,15.980768203735352,1
1762947707.2626312,-8.640511512756348,14.89802074432373,1
1762947707.2626312,-8.533812522888184,18.010327339172363,1
1762947707.2710662,-8.887139320373535,15.901623725891113,1
1762947707.2710662,-8.276217460632324,16.112175941467285,1
1762947707.2710662,-8.884223937988281,16.403759002685547,1
1762947707.3971744,-8.919210433959961,16.393657684326172,1
1762947707.3971744,-8.073439598083496,18.154044151306152,1
1762947707.3971744,-8.89124584197998,15.636748313903809,1
1762947707.3971744,-8.202437400817871,16.536036491394043,1
1762947707.3971744,-8.713517189025879,15.618998527526855,1
1762947707.5237298,-8.66616153717041,16.34516429901123,1
1762947707.5237298,-7.835008144378662,17.526833057403564,1
1762947707.5324855,-8.973044395446777,15.565863609313965,1
1762947707.5324855,-7.687286853790283,16.07554578781128,1
1762947707.5393994,-8.829978942871094,15.46475601196289,1
1762947707.6601715,-8.79122257232666,16.833834648132324,1
1762947707.6609106,-7.889588832855225,16.909698963165283,1
1762947707.6669457,-9.353743553161621,17.437216758728027,1
1762947707.6675625,-7.830741882324219,15.825218200683594,1
1762947707.6742208,-9.36593246459961,18.196516036987305,1
1762947707.7814867,-9.739002227783203,14.347564697265625,1
1762947707.7814867,-9.096424102783203,14.987211227416992,1
1762947707.7911255,-10.738686561584473,15.711634635925293,1
1762947707.7911255,-9.479060173034668,15.053217887878418,1
1762947707.7911255,-11.169793128967285,15.649474143981934,1
1762947707.9020712,-12.042256355285645,15.668366432189941,1
1762947707.9020712,-11.304370880126953,13.908748626708984,1
1762947707.9182725,-12.64630126953125,14.852350234985352,1
1762947707.9182725,-11.623431205749512,14.953810691833496,1
1762947707.9182725,-13.185774803161621,15.611845970153809,1
1762947708.0290523,-13.058821678161621,15.24451732635498,1
1762947708.0290523,-11.493203163146973,14.257800102233887,1
1762947708.0290523,-12.480624198913574,14.764603614807129,1
1762947708.0290523,-11.25329875946045,14.568007469177246,1
1762947708.044693,-12.323491096496582,16.92240047454834,1
1762947708.1636925,-12.33515453338623,17.090622901916504,1
1762947708.1636925,-10.93719482421875,13.719244003295898,1
1762947708.1700158,-11.976912498474121,14.552552223205566,1
1762947708.1700158,-10.950191497802734,14.249826431274414,1
1762947708.1700158,-12.130650520324707,15.300837516784668,1
1762947708.2964466,-11.596808433532715,14.510506629943848,1
1762947708.2964466,-10.186802864074707,15.07974910736084,1
1762947708.2964466,-11.847770690917969,16.43960189819336,1
1762947708.2964466,-10.340657234191895,13.177460670471191,1
1762947708.3122032,-11.538599967956543,15.267544746398926,1
1762947708.4225729,-11.744463920593262,16.354392051696777,1
1762947708.4225729,-9.980698585510254,13.571406364440918,1
1762947708.4382539,-11.556587219238281,14.944337844848633,1
1762947708.4382539,-10.593908309936523,14.417274475097656,1
1762947708.4382539,-11.426396369934082,16.28120708465576,1
1762947708.5639465,-11.854287147521973,16.50437068939209,1
1762947708.5639465,-10.270840644836426,14.090998649597168,1
1762947708.5639465,-11.628222465515137,13.72421932220459,1
1762947708.5639465,-10.439603805541992,14.138273239135742,1
1762947708.5796542,-11.569828987121582,14.91004467010498,1
1762947708.6899922,-11.796038627624512,13.674456596374512,1
1762947708.6899922,-10.554545402526855,14.06973934173584,1
1762947708.6899922,-11.730648040771484,15.106042861938477,1
1762947708.706039,-10.5156831741333,14.520386695861816,1
1762947708.706039,-12.109256744384766,13.784822463989258,1
1762947708.8161328,-11.921603202819824,14.710171699523926,1
1762947708.8161328,-10.612210273742676,12.789078712463379,1
1762947708.83179,-11.881023406982422,13.913745880126953,1
1762947708.83179,-10.519330024719238,13.108551979064941,1
1762947708.83179,-11.855015754699707,15.213141441345215,1
1762947708.9646566,-11.653731346130371,13.760369300842285,1
1762947708.9646566,-10.152446746826172,13.328622817993164,1
1762947708.9646566,-11.38671588897705,13.629927635192871,1
1762947708.9733312,-10.144003868103027,12.57642650604248,1
1762947708.9733312,-11.763046264648438,12.843950271606445,1
1762947709.100349,-11.6143217086792,14.188921928405762,1
1762947709.100349,-10.32331371307373,13.034464836120605,1
1762947709.100349,-11.778392791748047,15.06435775756836,1
1762947709.100349,-10.062021255493164,13.136295318603516,1
1762947709.1162362,-11.542515754699707,13.556200981140137,1
1762947709.2264776,-11.596617698669434,13.561375617980957,1
1762947709.2264776,-11.454856872558594,12.968481063842773,1
1762947709.2421067,-10.82357120513916,13.2255277633667,1
1762947709.2421067,-11.436213493347168,12.411646842956543,1
1762947709.2421067,-10.902531623840332,16.31802463531494,1
1762947709.3680327,-10.925042152404785,13.179251670837402,1
1762947709.3680327,-11.866867065429688,9.964065551757812,1
1762947709.3836892,-11.173954963684082,11.859391212463379,1
1762947709.3836892,-11.842086791992188,9.947521209716797,1
1762947709.3836892,-11.251233100891113,10.953701972961426,1
1762947709.5045505,-11.272427558898926,11.108859062194824,1
1762947709.5045505,-12.289112091064453,14.040164947509766,1
1762947709.5109549,-11.852194786071777,13.70026683807373,1
1762947709.5109549,-12.171833992004395,13.468567848205566,1
1762947709.517003,-11.950732231140137,13.515149116516113,1
1762947709.6533928,-11.953104972839355,13.033904075622559,1
1762947709.6533928,-12.210246086120605,16.44996929168701,1
1762947709.6533928,-11.286991119384766,14.939760208129883,1
1762947709.6533928,-12.33773136138916,16.94627285003662,1
1762947709.6693668,-10.81011962890625,13.916410446166992,1
1762947709.8071728,-32.953617095947266,6.549259185791016,0
1762947709.8071728,-33.671043395996094,7.478935241699219,0
1762947709.8124835,-34.958526611328125,8.28677749633789,1
1762947709.8124835,-33.069000244140625,6.272281646728516,0
1762947709.8124835,-33.031494140625,6.644260406494141,0
1762947709.966271,-34.14204788208008,7.1782379150390625,0
1762947709.966271,-34.811092376708984,7.102546691894531,0
1762947709.971328,-32.713443756103516,6.586189270019531,0
1762947709.971328,-36.45383071899414,7.104331970214844,0
1762947709.971328,-31.362022399902344,7.544898986816406,0
1762947710.1284966,-33.56968688964844,6.891155242919922,0
1762947710.1284966,-35.355751037597656,9.192817687988281,1
1762947710.1284966,-34.40019226074219,7.340007781982422,0
1762947710.1284966,-32.34711837768555,7.662620544433594,0
1762947710.1378667,-33.66315841674805,7.101871490478516,0
1762947710.2741952,-34.035579681396484,7.8029937744140625,0
1762947710.2741952,-33.63338088989258,7.9118194580078125,0
1762947710.2873416,-34.11056137084961,7.603763580322266,0
1762947710.2873416,-34.54875564575195,7.050804138183594,0
1762947710.2873416,-33.04914474487305,7.03369140625,0
1762947710.4131553,-34.41791915893555,6.969337463378906,0
1762947710.4131553,-34.662864685058594,7.541023254394531,0
1762947710.4288888,-32.75778579711914,7.511665344238281,0
1762947710.4288888,-33.93569564819336,6.247226715087891,0
1762947710.4288888,-34.803104400634766,7.1207733154296875,0
1762947710.5710368,-33.78547286987305,7.7418212890625,0
1762947710.5710368,-34.47165298461914,8.33233642578125,1
1762947710.5710368,-31.115625381469727,6.676294326782227,0
1762947710.5710368,-33.626102447509766,6.581981658935547,0
1762947710.5710368,-34.18403244018555,6.0849609375,0
1762947710.7135246,-32.73550796508789,6.768680572509766,0
1762947710.7135246,-35.03013229370117,7.380664825439453,0
1762947710.7135246,-34.78324890136719,7.946998596191406,0
1762947710.7135246,-33.41762924194336,7.585868835449219,0
1762947710.729403,-34.41579818725586,8.159194946289062,1
1762947710.8564715,-33.872314453125,8.926353454589844,1
1762947710.8564715,-32.623477935791016,6.9640655517578125,0
1762947710.8671715,-34.08226013183594,5.971775054931641,0
1762947710.8671715,-33.65744400024414,7.791286468505859,0
1762947710.8721492,-31.649696350097656,7.332916259765625,0
1762947710.9988549,-34.367733001708984,7.040271759033203,0
1762947710.9988549,-33.869266510009766,7.038272857666016,0
1762947711.0145226,-35.345882415771484,8.055789947509766,0
1762947711.0145226,-34.62513732910156,6.5657501220703125,0
1762947711.0145226,-33.691627502441406,6.9086456298828125,0
1762947711.1570456,-34.11764144897461,7.559486389160156,0
1762947711.1570456,-34.21337890625,6.975337982177734,0
1762947711.1673412,-33.971160888671875,7.721363067626953,0
1762947711.1727486,-33.812564849853516,8.038978576660156,0
1762947711.1727486,-34.718963623046875,6.889747619628906,0
1762947711.2991185,-33.2133674621582,7.470966339111328,0
1762947711.2991185,-35.257205963134766,7.681118011474609,0
1762947711.2991185,-31.09332847595215,9.15656852722168,1
1762947711.2991185,-34.45231246948242,7.736595153808594,0
1762947711.315202,-30.55531883239746,6.630891799926758,0
1762947711.4413917,-33.39976119995117,8.034767150878906,0
1762947711.4413917,-33.67304611206055,6.495647430419922,0
1762947711.457363,-34.43758010864258,6.611167907714844,0
1762947711.457363,-33.75827407836914,7.420902252197266,0
1762947711.4679334,-32.65822219848633,5.910057067871094,0
1762947711.5848186,-33.49081802368164,7.520816802978516,0
1762947711.5848186,-33.63991928100586,7.8409271240234375,0
1762947711.6007137,-33.89237594604492,7.490497589111328,0
1762947711.6007137,-34.7693977355957,7.371360778808594,0
1762947711.6007137,-35.00053787231445,8.5889892578125,1
1762947711.7267067,-34.59413528442383,6.625286102294922,0
1762947711.7416813,-35.22429275512695,9.33328628540039,1
1762947711.7426877,-35.656856536865234,8.960044860839844,1
1762947711.7426877,-33.820735931396484,6.7800445556640625,0
1762947711.7426877,-34.32084655761719,8.064353942871094,0
1762947711.8839478,-33.940826416015625,5.749870300292969,0
1762947711.8839478,-32.8001594543457,8.02734375,0
1762947711.8839478,-34.42538070678711,7.275997161865234,0
1762947711.8839478,-34.56180191040039,7.563545227050781,0
1762947711.8998854,-34.42488479614258,7.023536682128906,0
1762947712.0326371,-33.94224166870117,6.814117431640625,0
1762947712.0326371,-34.160701751708984,8.575889587402344,1
1762947712.0326371,-34.35908889770508,8.79366683959961,1
1762947712.0326371,-35.557804107666016,6.768398284912109,0
1762947712.0423045,-33.51776123046875,7.425945281982422,0
1762947712.168726,-35.97989273071289,7.274772644042969,0
1762947712.168726,-33.93953323364258,8.003219604492188,0
1762947712.1847405,-33.557655334472656,6.848430633544922,0
1762947712.1847405,-34.207820892333984,7.308086395263672,0
1762947712.1847405,-35.176536560058594,7.239936828613281,0
1762947712.326489,-33.73371887207031,7.261421203613281,0
1762947712.326489,-34.825313568115234,7.858371734619141,0
1762947712.342365,-34.82353591918945,8.678726196289062,1
1762947712.342365,-33.799522399902344,8.563858032226562,1
1762947712.342365,-34.410152435302734,8.331501007080078,1
1762947712.4911053,-34.33928680419922,7.737285614013672,0
1762947712.491818,-32.85799026489258,6.623340606689453,0
1762947712.4988487,-34.6035041809082,7.770286560058594,0
1762947712.4995844,-35.60953140258789,7.431331634521484,0
1762947712.50602,-33.8944206237793,7.640678405761719,0
1762947712.642635,-33.97267150878906,7.565635681152344,0
1762947712.642635,-34.5178337097168,6.9600372314453125,0
1762947712.642635,-34.55415725708008,6.500434875488281,0
1762947712.642635,-34.37083053588867,6.378696441650391,0
1762947712.6583111,-33.79436111450195,7.556884765625,0
1762947712.7851179,-33.865169525146484,8.527534484863281,1
1762947712.7851179,-33.07365417480469,6.854175567626953,0
1762947712.8001666,-33.80818557739258,7.3854827880859375,0
1762947712.8001666,-35.184329986572266,7.614799499511719,0
1762947712.810488,-34.04588317871094,8.86737060546875,1
1762947712.9585052,-33.63002014160156,6.974090576171875,0
1762947712.9595115,-34.42617416381836,6.68060302734375,0
1762947712.9655132,-34.2302360534668,8.920063018798828,1
1762947712.9665122,-35.21293640136719,7.793476104736328,0
1762947712.973546,-24.329198837280273,9.620668411254883,1
1762947713.1468546,-33.757747650146484,6.913112640380859,0
1762947713.1478565,-33.89425277709961,8.159442901611328,1
1762947713.1538663,-33.68182373046875,6.422264099121094,0
1762947713.1548905,-34.781490325927734,7.814178466796875,0
1762947713.1618783,-33.49734878540039,7.983123779296875,0
1762947713.3570576,-33.5222282409668,7.523517608642578,0
1762947713.3590763,-34.74827194213867,6.4632415771484375,0
1762947713.364077,-33.848697662353516,7.7999267578125,0
1762947713.3650606,-33.402496337890625,8.153942108154297,1
1762947713.37161,-33.295860290527344,6.739765167236328,0
1762947713.5435255,-32.50850296020508,6.402858734130859,0
1762947713.5444212,-33.52000045776367,6.428668975830078,0
1762947713.5504346,-32.76137924194336,6.605739593505859,0
1762947713.551422,-33.55464172363281,6.670955657958984,0
1762947713.5574615,-32.66542434692383,7.47802734375,0
1762947713.7332072,-34.11104202270508,6.981575012207031,0
1762947713.7352264,-32.59251403808594,6.023372650146484,0
1762947713.7402039,-33.72972106933594,6.449810028076172,0
1762947713.7412074,-33.4673957824707,6.908725738525391,0
1762947713.748289,-35.10668182373047,9.327980041503906,1
1762947713.9302874,-34.39588928222656,7.430583953857422,0
1762947713.9312882,-33.57537841796875,7.371311187744141,0
1762947713.9363077,-32.94093322753906,8.085731506347656,0
1762947713.9372861,-34.24609375,9.01504135131836,1
1762947713.944294,-33.433982849121094,7.994350433349609,0
1762947714.0954707,-32.51877212524414,6.946842193603516,0
1762947714.0954707,-34.67152786254883,8.583259582519531,1
1762947714.0954707,-34.377864837646484,8.301647186279297,1
1762947714.0954707,-35.2297477722168,6.804046630859375,0
1762947714.1111403,-34.95131301879883,8.405155181884766,1
1762947714.2529671,-34.14144515991211,8.015296936035156,0
1762947714.268714,-34.72636032104492,7.956581115722656,0
1762947714.270719,-34.4672966003418,7.932407379150391,0
1762947714.270719,-33.6757698059082,7.5468597412109375,0
1762947714.270719,-33.886592864990234,8.107582092285156,1
1762947714.4425752,-34.306671142578125,8.777153015136719,1
1762947714.4425752,-33.722408294677734,7.106449127197266,0
1762947714.4425752,-34.093597412109375,6.313678741455078,0
1762947714.4425752,-33.617733001708984,6.131450653076172,0
1762947714.4585574,-34.89418029785156,8.829143524169922,1
1762947714.6167004,-34.71407699584961,7.699329376220703,0
1762947714.6167004,-33.480712890625,7.602436065673828,0
1762947714.6167004,-33.88222122192383,6.5876312255859375,0
1762947714.6167004,-34.39521408081055,8.172771453857422,1
1762947714.6353009,-33.4072265625,8.363265991210938,1
1762947714.794265,-34.5539436340332,7.641124725341797,0
1762947714.794265,-33.57841873168945,6.978992462158203,0
1762947714.794265,-34.05007553100586,7.337306976318359,0
1762947714.794265,-33.44571304321289,8.63931655883789,1
1762947714.8070996,-33.74599075317383,7.179405212402344,0
1762947714.9796035,-33.16176986694336,6.165508270263672,0
1762947714.9796035,-33.75644302368164,7.180965423583984,0
1762947714.9796035,-34.052879333496094,7.281219482421875,0
1762947714.9796035,-29.673734664916992,7.603872299194336,0
1762947714.9796035,-1.7848491668701172,7.764808654785156,0
1762947715.1457396,-19.125276565551758,8.365184783935547,1
1762947715.1457396,-31.831687927246094,10.695304870605469,1
1762947715.1530123,-30.245107650756836,7.573587417602539,0
1762947715.1530123,-2.2350656986236572,7.6791417598724365,0
1762947715.1530123,-31.967409133911133,6.398824691772461,0
1762947715.3098645,-2.346649408340454,7.695081472396851,0
1762947715.3098645,-33.8174934387207,7.917469024658203,0
1762947715.325771,-33.73575973510742,6.451610565185547,0
1762947715.325771,-34.40719985961914,6.816841125488281,0
1762947715.325771,-34.55244064331055,7.625926971435547,0
1762947715.4831903,-4.1736016273498535,11.662046909332275,1
1762947715.4831903,-33.48443603515625,5.8512725830078125,0
1762947715.4988754,-34.81797409057617,6.983589172363281,0
1762947715.4988754,-24.359207153320312,8.930068969726562,1
1762947715.4988754,-34.79885482788086,10.17319107055664,1
1762947715.6922214,-33.730281829833984,7.552806854248047,0
1762947715.6932218,-34.05540466308594,7.668910980224609,0
1762947715.7002218,-33.31333923339844,6.060569763183594,0
1762947715.701243,-33.58001708984375,7.277381896972656,0
1762947715.7072215,-34.455509185791016,7.065753936767578,0
1762947715.9060173,-35.11659240722656,9.631065368652344,1
1762947715.9070184,-30.928543090820312,7.254875183105469,0
1762947715.914021,-1.5730773210525513,7.6138914823532104,0
1762947715.914021,-34.494136810302734,7.500518798828125,0
1762947715.9210174,-33.7833251953125,7.481937408447266,0
1762947716.1116917,-31.91719627380371,9.04002571105957,1
1762947716.1116917,-30.5101375579834,7.382436752319336,0
1762947716.120971,-34.3655891418457,7.830055236816406,0
1762947716.1219702,-33.754878997802734,6.799285888671875,0
1762947716.126955,-34.37049865722656,8.177127838134766,1
1762947716.307967,-34.667545318603516,9.013801574707031,1
1762947716.3089666,-33.81232833862305,7.855861663818359,0
1762947716.3159688,-33.37727355957031,7.327606201171875,0
1762947716.3169672,-32.7487678527832,6.515647888183594,0
1762947716.3239825,-32.59625244140625,8.280391693115234,1
1762947716.510403,-32.51365661621094,6.982677459716797,0
1762947716.5123932,-33.99367141723633,7.050029754638672,0
1762947716.5173354,-33.11069869995117,7.065036773681641,0
1762947716.5184302,-34.12985610961914,7.480964660644531,0
1762947716.5199337,-6.12415075302124,11.648380756378174,1
1762947716.6778204,-6.154378414154053,11.782362461090088,1
1762947716.6778204,-6.703270435333252,11.961545467376709,1
1762947716.6778204,-7.940059661865234,11.769096374511719,1
1762947716.6778204,-6.657691955566406,12.053592681884766,1
1762947716.6934667,-7.751065731048584,10.923017978668213,1
1762947716.85234,-7.661595821380615,11.692356586456299,1
1762947716.8592753,-7.634642124176025,13.473987102508545,1
1762947716.8592753,-8.873900413513184,12.109784126281738,1
1762947716.8592753,-7.781546115875244,12.821013927459717,1
1762947716.873408,-8.617198944091797,12.112768173217773,1
1762947717.0253577,-8.385947227478027,11.528624534606934,1
1762947717.0253577,-5.339372634887695,11.196929931640625,1
1762947717.0414715,-7.045930862426758,17.085281372070312,1
1762947717.0414715,-5.4268341064453125,11.373239517211914,1
1762947717.0414715,-7.231746673583984,17.600706100463867,1
1762947717.203675,-7.440616607666016,18.294269561767578,1
1762947717.203675,-7.634005069732666,13.216010570526123,1
1762947717.2156396,-9.140995979309082,12.616360664367676,1
1762947717.2156396,-7.891821384429932,13.047420024871826,1
1762947717.2156396,-9.085171699523926,12.951497077941895,1
1762947717.388453,-9.25467586517334,12.290532112121582,1
1762947717.388453,-7.06494140625,11.49947738647461,1
1762947717.388453,-7.703418731689453,13.086750030517578,1
1762947717.388453,-7.13947868347168,11.241754531860352,1
1762947717.4037929,-7.955690860748291,13.250112056732178,1
1762947717.5453959,-8.285259246826172,12.852258682250977,1
1762947717.5453959,-9.672216415405273,13.244140625,1
1762947717.561065,-9.262682914733887,11.290301322937012,1
1762947717.561065,-9.7155179977417,13.871682167053223,1
1762947717.561065,-9.387760162353516,11.51690673828125,1
1762947717.718896,-9.359284400939941,11.110573768615723,1
1762947717.718896,-9.862906455993652,12.005400657653809,1
1762947717.718896,-9.161060333251953,13.203863143920898,1
1762947717.718896,-9.921914100646973,11.64661693572998,1
1762947717.735012,-9.356404304504395,13.040549278259277,1
1762947717.8951504,-9.48977279663086,12.679630279541016,1
1762947717.8951504,-10.07197093963623,14.272706031799316,1
1762947717.8951504,-8.136222839355469,11.874235153198242,1
1762947717.8951504,-10.148207664489746,14.109787940979004,1
1762947717.9096968,-8.249309539794922,11.780101776123047,1
1762947718.0525177,-8.481996536254883,12.07645034790039,1
1762947718.0525177,-10.364561080932617,11.750701904296875,1
1762947718.0684133,-11.223837852478027,13.15034008026123,1
1762947718.0684133,-10.168526649475098,11.542450904846191,1
1762947718.0743778,-11.564964294433594,13.45844841003418,1
1762947718.2274413,-11.789830207824707,13.215153694152832,1
1762947718.2274413,-10.145944595336914,12.037324905395508,1
1762947718.2274413,-11.391807556152344,11.21392822265625,1
1762947718.2274413,-10.204833030700684,11.26882266998291,1
1762947718.2435634,-11.138092041015625,11.328922271728516,1
1762947718.3953972,-11.504778861999512,12.507428169250488,1
1762947718.3953972,-9.582781791687012,10.719832420349121,1
1762947718.4021697,-10.058741569519043,12.537714958190918,1
1762947718.4021697,-9.805828094482422,10.94757080078125,1
1762947718.4021697,-10.06607723236084,11.881176948547363,1
1762947718.56106,-10.112869262695312,12.005176544189453,1
1762947718.56106,-11.86065673828125,15.521099090576172,1
1762947718.56106,-13.536392211914062,16.030118942260742,1
1762947718.56106,-12.14208984375,15.21485710144043,1
1762947718.576933,-13.381134986877441,16.432225227355957,1
1762947718.7348332,-13.612565040588379,16.575600624084473,1
1762947718.7348332,-11.865043640136719,12.13496208190918,1
1762947718.7348332,-11.544943809509277,11.553116798400879,1
1762947718.7348332,-11.65740966796875,12.113391876220703,1
1762947718.7348332,-11.354269981384277,11.66727352142334,1
1762947718.9200659,-11.366302490234375,11.365659713745117,1
1762947718.9200659,-10.70830249786377,12.355925559997559,1
1762947718.9264233,-12.18664264678955,12.349347114562988,1
1762947718.9264233,-10.635407447814941,12.593131065368652,1
1762947718.9264233,-11.630290985107422,11.12039566040039,1
1762947719.0866134,-11.609240531921387,11.326014518737793,1
1762947719.0866134,-9.926379203796387,12.07256031036377,1
1762947719.0866134,-9.56976318359375,10.82658576965332,1
1762947719.0866134,-9.9007568359375,12.320293426513672,1
1762947719.0866134,-9.606266975402832,11.067875862121582,1
1762947719.2438877,-9.560816764831543,10.596270561218262,1
1762947719.2438877,-9.459186553955078,10.50941276550293,1
1762947719.2596388,-10.504633903503418,16.088448524475098,1
1762947719.2596388,-9.4655122756958,10.393715858459473,1
1762947719.2596388,-10.590849876403809,16.005867958068848,1
1762947719.4176817,-10.914264678955078,15.708108901977539,1
1762947719.4176817,-13.595069885253906,12.139486312866211,1
1762947719.4176817,-12.640555381774902,15.311816215515137,1
1762947719.4176817,-13.405732154846191,11.722187995910645,1
1762947719.4336002,-12.302868843078613,15.822710990905762,1
1762947719.5952883,-12.26329517364502,14.64218807220459,1
1762947719.5952883,-10.275016784667969,10.986433029174805,1
1762947719.5952883,-10.773205757141113,12.70793628692627,1
1762947719.5952883,-10.299232482910156,11.141450881958008,1
1762947719.6067202,-9.782326698303223,12.207308769226074,1
1762947719.7833009,-8.869790077209473,13.246956825256348,1
1762947719.7841756,-9.41478443145752,11.93042278289795,1
1762947719.7896917,-8.802523612976074,11.671107292175293,1
1762947719.7896917,-8.998215675354004,12.200543403625488,1
1762947719.7958288,-8.363581657409668,11.140007972717285,1
1762947719.9538116,-8.320082664489746,11.429644584655762,1
1762947719.9538116,-6.904949188232422,10.42137336730957,1
1762947719.9538116,-7.40374755859375,15.084869384765625,1
1762947719.9538116,-6.896463871002197,10.55187177658081,1
1762947719.9694643,-7.438915729522705,16.216948986053467,1
1762947720.1267705,-7.359485149383545,15.92678689956665,1
1762947720.1267705,-8.769194602966309,15.23482608795166,1
1762947720.1267705,-8.521821975708008,11.862037658691406,1
1762947720.1424763,-9.131308555603027,15.1391019821167,1
1762947720.1424763,-8.774262428283691,11.917731285095215,1
1762947720.300191,-9.266772270202637,11.79166316986084,1
1762947720.300191,-9.028674125671387,11.19483470916748,1
1762947720.300191,-9.2031888961792,9.79080867767334,1
1762947720.316081,-9.313090324401855,10.62358570098877,1
1762947720.316081,-9.61324405670166,10.487698554992676,1
1762947720.4764793,-10.000138282775879,10.447793006896973,1
1762947720.4764793,-13.335843086242676,16.679593086242676,1
1762947720.4886794,-12.076187133789062,11.288606643676758,1
1762947720.4886794,-13.10229206085205,16.605149269104004,1
1762947720.4886794,-11.846602439880371,11.287585258483887,1
1762947720.6532824,-12.025282859802246,11.577347755432129,1
1762947720.6532824,-12.79804515838623,11.472393989562988,1
1762947720.6614685,-12.811360359191895,12.910992622375488,1
1762947720.6614685,-12.664996147155762,11.59388256072998,1
1762947720.6614685,-12.74014949798584,12.720746040344238,1
1762947720.8454547,-12.92044448852539,13.33292007446289,1
1762947720.8454547,-10.984088897705078,11.740036010742188,1
1762947720.851917,-11.368897438049316,11.308403968811035,1
1762947720.851917,-10.93138599395752,11.30445384979248,1
1762947720.851917,-11.343955993652344,10.939516067504883,1
1762947721.0093954,-11.26748275756836,11.150732040405273,1
1762947721.0093954,-12.465296745300293,16.23298740386963,1
1762947721.0250866,-11.70016860961914,11.5025634765625,1
1762947721.0250866,-12.077921867370605,17.04645824432373,1
1762947721.0250866,-11.589828491210938,12.119503021240234,1
1762947721.2005513,-11.334284782409668,11.90709400177002,1
1762947721.2005513,-11.5880126953125,13.480594635009766,1
1762947721.2142491,-10.772979736328125,11.895256042480469,1
1762947721.2142491,-11.738638877868652,14.39908504486084,1
1762947721.2142491,-10.46619701385498,11.745028495788574,1
1762947721.3769293,-10.548602104187012,12.053603172302246,1
1762947721.3769293,-9.94269847869873,11.115159034729004,1
1762947721.389856,-10.999382019042969,15.890270233154297,1
1762947721.389856,-9.721847534179688,11.212594985961914,1
1762947721.389856,-10.860065460205078,15.530513763427734,1
1762947721.563571,-11.123265266418457,16.45263957977295,1
1762947721.5771906,-9.090188980102539,12.645095825195312,1
1762947721.5794163,-9.337056159973145,11.723282814025879,1
1762947721.5794163,-9.024991035461426,11.816313743591309,1
1762947721.5794163,-9.461277961730957,10.76489543914795,1
1762947721.7613537,-9.630654335021973,11.180939674377441,1
1762947721.7613537,-11.842534065246582,11.434374809265137,1
1762947721.7644498,-11.13656997680664,16.52751922607422,1
1762947721.769143,-11.703402519226074,11.29090404510498,1
1762947721.769143,-11.177874565124512,14.293200492858887,1
1762947721.9432344,-11.431205749511719,16.206634521484375,1
1762947721.9432344,-11.533997535705566,15.281210899353027,1
1762947721.9589038,-9.294139862060547,11.216922760009766,1
1762947721.9589038,-11.382250785827637,14.370997428894043,1
1762947721.9589038,-8.97170639038086,10.857139587402344,1
1762947722.1265035,-9.25839900970459,11.665852546691895,1
1762947722.1265035,-11.458907127380371,11.035271644592285,1
1762947722.1327455,-12.162184715270996,13.774924278259277,1
1762947722.1327455,-11.423632621765137,11.194706916809082,1
1762947722.1327455,-12.01074504852295,15.254380226135254,1
1762947722.305406,-11.62515926361084,14.310797691345215,1
1762947722.305406,-11.316699981689453,12.999673843383789,1
1762947722.3221602,-13.315399169921875,14.676366806030273,1
1762947722.3221602,-11.098098754882812,11.608469009399414,1
1762947722.3221602,-13.114852905273438,13.469289779663086,1
1762947722.4941068,-12.712821960449219,15.005395889282227,1
1762947722.4941068,-12.020683288574219,11.072507858276367,1
1762947722.5118732,-11.521172523498535,11.760302543640137,1
1762947722.5118732,-12.050829887390137,11.65042781829834,1
1762947722.5118732,-11.296961784362793,11.21216106414795,1
1762947722.6837664,-11.535552978515625,12.262212753295898,1
1762947722.6837664,-11.030474662780762,13.940690040588379,1
1762947722.6837664,-10.942870140075684,10.116639137268066,1
1762947722.6837664,-10.881721496582031,13.442115783691406,1
1762947722.69979,-11.524121284484863,11.328394889831543,1
1762947722.8785956,-11.044326782226562,10.914831161499023,1
1762947722.8785956,-13.22143268585205,19.363276481628418,1
1762947722.8890967,-12.141242980957031,14.529266357421875,1
1762947722.8890967,-12.78003215789795,17.856616020202637,1
1762947722.8890967,-12.2164306640625,14.560028076171875,1
1762947723.0810697,-11.508919715881348,14.5318021774292,1
1762947723.0810697,-11.545870780944824,11.573723793029785,1
1762947723.0810697,-12.516002655029297,16.98130226135254,1
1762947723.0810697,-11.49416732788086,11.248315811157227,1
1762947723.0918312,-12.620890617370605,16.642786979675293,1
1762947723.255431,-12.43448257446289,15.526065826416016,1
1762947723.255431,-11.419812202453613,14.538886070251465,1
1762947723.271529,-18.445585250854492,12.868078231811523,1
1762947723.271529,-11.269596099853516,17.337120056152344,1
1762947723.2787597,-10.882057189941406,10.573257446289062,1
1762947723.4638395,-10.624890327453613,10.240500450134277,1
1762947723.4638395,-11.745521545410156,16.84105110168457,1
1762947723.4638395,-11.318081855773926,15.77297306060791,1
1762947723.4638395,-11.80793285369873,14.440041542053223,1
1762947723.478571,-11.36089038848877,15.03859806060791,1
1762947723.6520863,-11.612500190734863,14.664690971374512,1
1762947723.6520863,-12.847305297851562,13.320785522460938,1
1762947723.6520863,-12.49072265625,11.952753067016602,1
1762947723.66785,-13.535557746887207,14.07064151763916,1
1762947723.66785,-13.171771049499512,12.02628231048584,1
1762947723.8582146,-13.233429908752441,12.445418357849121,1
1762947723.8582146,-13.856472969055176,13.111233711242676,1
1762947723.8582146,-14.590103149414062,13.728277206420898,1
1762947723.8743365,-13.802886009216309,12.903790473937988,1
1762947723.8785913,-14.670321464538574,12.914305686950684,1
1762947724.0637772,-14.172520637512207,12.679980278015137,1
1762947724.0637772,-12.19739818572998,13.877474784851074,1
1762947724.0798967,-12.634075164794922,13.011816024780273,1
1762947724.0798967,-12.159533500671387,14.589896202087402,1
1762947724.0798967,-12.53184986114502,13.456534385681152,1
1762947724.2786603,-12.105392456054688,14.285724639892578,1
1762947724.2786603,-14.09930419921875,14.907449722290039,1
1762947724.2834108,-12.415374755859375,13.497177124023438,1
1762947724.2869182,-13.802617073059082,13.683205604553223,1
1762947724.2869182,-12.217150688171387,11.949048042297363,1
1762947724.485331,-11.949002265930176,13.071017265319824,1
1762947724.485331,-11.41087818145752,14.61023998260498,1
1762947724.4945538,-10.751568794250488,12.426491737365723,1
1762947724.4945538,-11.058422088623047,14.134326934814453,1
1762947724.4945538,-10.543131828308105,13.142081260681152,1
1762947724.697841,-10.459574699401855,13.81356143951416,1
1762947724.6988437,-12.764460563659668,11.858990669250488,1
1762947724.6988437,-13.066780090332031,12.36585807800293,1
1762947724.6988437,-11.874974250793457,13.93172550201416,1
1762947724.6988437,-11.805407524108887,13.442627906799316,1
1762947724.8906622,-12.640246391296387,12.655158042907715,1
1762947724.8906622,-12.05147647857666,11.674042701721191,1
1762947724.9067576,-14.343238830566406,11.433052062988281,1
1762947724.9067576,-11.659255981445312,10.55003547668457,1
1762947724.9067576,-14.319499015808105,11.847752571105957,1
1762947725.112063,-14.768406867980957,11.80394458770752,1
1762947725.112063,-12.052109718322754,10.892294883728027,1
1762947725.112063,-13.392932891845703,14.357826232910156,1
1762947725.112063,-12.185452461242676,11.39687442779541,1
1762947725.127713,-13.715302467346191,14.225531578063965,1
1762947725.3173249,-13.615615844726562,15.069278717041016,1
1762947725.3173249,-13.278480529785156,12.982349395751953,1
1762947725.3173249,-13.312169075012207,13.79428768157959,1
1762947725.3329802,-13.247881889343262,12.44180965423584,1
1762947725.3329802,-13.914450645446777,16.00100040435791,1
1762947725.5214686,-13.572125434875488,16.022164344787598,1
1762947725.5214686,-12.154006958007812,10.537862777709961,1
1762947725.5375881,-13.40795612335205,12.57068920135498,1
1762947725.5375881,-12.062596321105957,10.704794883728027,1
1762947725.5375881,-13.128386497497559,12.562047004699707,1
1762947725.7271326,-13.033699035644531,13.81985855102539,1
1762947725.7271326,-11.87350082397461,12.08738899230957,1
1762947725.7431495,-12.038154602050781,11.654064178466797,1
1762947725.7431495,-12.056681632995605,12.20451831817627,1
1762947725.7431495,-12.104782104492188,12.522274017333984,1
1762947725.933989,-12.339909553527832,12.334010124206543,1
1762947725.933989,-12.023449897766113,11.062129020690918,1
1762947725.9497523,-11.531661987304688,12.938392639160156,1
1762947725.9497523,-11.724651336669922,11.422035217285156,1
1762947725.9497523,-11.480121612548828,12.40432357788086,1
1762947726.1543584,-11.6862154006958,12.873509407043457,1
1762947726.1543584,-12.96934986114502,15.619925498962402,1
1762947726.1543584,-11.217109680175781,13.615213394165039,1
1762947726.1624582,-13.11460018157959,15.648423194885254,1
1762947726.1624582,-11.35480785369873,12.9912691116333,1
1762947726.34547,-11.514351844787598,13.54284381866455,1
1762947726.34547,-11.413939476013184,12.094069480895996,1
1762947726.3611958,-12.474507331848145,15.164544105529785,1
1762947726.3611958,-11.452781677246094,11.239568710327148,1
1762947726.3611958,-12.715531349182129,16.68723773956299,1
1762947726.5363061,-12.491358757019043,14.842875480651855,1
1762947726.5523033,-12.283900260925293,15.222638130187988,1
1762947726.5523033,-10.00196647644043,10.438865661621094,1
1762947726.5523033,-12.590557098388672,14.94420051574707,1
1762947726.5616133,-10.028900146484375,10.5679931640625,1
1762947726.7600095,-10.158060073852539,10.756965637207031,1
1762947726.7600095,-11.625653266906738,14.628275871276855,1
1762947726.7600095,-12.093974113464355,14.588562965393066,1
1762947726.7600095,-11.85023021697998,16.140992164611816,1
1762947726.7741945,-11.966995239257812,14.649137496948242,1
1762947726.9807265,-11.792472839355469,13.679872512817383,1
1762947726.9807265,-10.571869850158691,12.77973461151123,1
1762947726.9954062,-11.577496528625488,11.878060340881348,1
1762947726.9954062,-10.833351135253906,14.001955032348633,1
1762947726.9954062,-11.655258178710938,11.554983139038086,1
1762947727.2467082,-11.459884643554688,11.817102432250977,1
1762947727.2467082,-11.771988868713379,11.542115211486816,1
1762947727.2467082,-10.909152030944824,11.111176490783691,1
1762947727.2467082,-11.743990898132324,11.176304817199707,1
1762947727.2623723,-10.806931495666504,11.330464363098145,1
1762947727.545854,-10.67111587524414,11.355045318603516,1
1762947727.545854,-12.0905179977417,13.734641075134277,1
1762947727.5616703,-12.14937973022461,12.916118621826172,1
1762947727.5616703,-12.251564025878906,12.88899040222168,1
1762947727.5616703,-12.304333686828613,12.169337272644043,1
1762947727.8620336,-12.627918243408203,13.236696243286133,1
1762947727.8620336,-13.700047492980957,13.697443962097168,1
1762947727.8620336,-12.395362854003906,10.848224639892578,1
1762947727.8620336,-14.140202522277832,13.649447441101074,1
1762947727.8620336,-12.245400428771973,10.38245677947998,1
1762947728.146257,-12.355586051940918,10.528367042541504,1
1762947728.146257,-12.672515869140625,16.376543045043945,1
1762947728.146257,-11.486991882324219,13.685152053833008,1
1762947728.146257,-12.388370513916016,14.505352020263672,1
1762947728.1618946,-11.44218921661377,14.705697059631348,1
1762947728.4973414,-11.377686500549316,14.362557411193848,1
1762947728.4973414,-11.090919494628906,12.2435302734375,1
1762947728.5077639,-12.055241584777832,12.759749412536621,1
1762947728.5077639,-11.108809471130371,11.957762718200684,1
1762947728.514916,-11.861414909362793,11.998238563537598,1
1762947731.152865,-11.96163558959961,11.734498977661133,1
1762947731.152865,-13.437716484069824,11.361838340759277,1
1762947731.1624527,-14.0183687210083,11.616290092468262,1
1762947731.1624527,-13.91511058807373,12.327862739562988,1
1762947731.1624527,-13.898900032043457,12.181500434875488,1
1762947731.4150546,-14.716011047363281,12.895137786865234,1
1762947731.4150546,-15.005194664001465,14.439007759094238,1
1762947731.4150546,-15.533934593200684,12.016963005065918,1
1762947731.4150546,-14.757270812988281,12.970758438110352,1
1762947731.431201,-15.41547679901123,12.562642097473145,1
1762947731.6706603,-15.320381164550781,12.480081558227539,1
1762947731.6706603,-14.364067077636719,13.770088195800781,1
1762947731.6706603,-12.775092124938965,11.230366706848145,1
1762947731.6706603,-13.69605541229248,12.316702842712402,1
1762947731.6867235,-12.903727531433105,11.319769859313965,1
1762947731.9244301,-12.711784362792969,11.545618057250977,1
1762947731.9244301,-12.66478443145752,10.698546409606934,1
1762947731.9244301,-14.180682182312012,14.87909984588623,1
1762947731.9244301,-13.091731071472168,10.816338539123535,1
1762947731.938078,-13.896580696105957,15.457619667053223,1
1762947732.1731055,-13.78516674041748,13.600178718566895,1
1762947732.1731055,-12.228402137756348,11.232888221740723,1
1762947732.1836295,-13.19412612915039,14.96812629699707,1
1762947732.1836295,-11.979851722717285,10.925251960754395,1
1762947732.1891065,-12.492993354797363,14.336865425109863,1
1762947732.4411745,-12.946948051452637,15.464720726013184,1
1762947732.4411745,-12.627528190612793,16.207222938537598,1
1762947732.4411745,-12.480237007141113,15.798003196716309,1
1762947732.4411745,-12.746485710144043,17.28707790374756,1
1762947732.4572754,-12.455284118652344,17.11220359802246,1
1762947732.6968732,-12.24999713897705,16.424206733703613,1
1762947732.6968732,-10.081899642944336,9.848031997680664,1
1762947732.6968732,-10.096073150634766,11.535053253173828,1
1762947732.6968732,-10.237162590026855,10.002253532409668,1
1762947732.7125266,-9.930209159851074,10.350102424621582,1
1762947732.9517524,-9.789716720581055,10.585603713989258,1
1762947732.9517524,-12.008563041687012,14.810885429382324,1
1762947732.9517524,-11.89256763458252,13.004137992858887,1
1762947732.9517524,-11.73308277130127,15.901528358459473,1
1762947732.967858,-12.062777519226074,13.683854103088379,1
1762947733.2075367,-11.724209785461426,15.4157075881958,1
1762947733.2075367,-10.018321990966797,14.75914192199707,1
1762947733.2227366,-10.234950065612793,10.366471290588379,1
1762947733.2227366,-10.362561225891113,12.25565242767334,1
1762947733.2227366,-10.583748817443848,10.862080574035645,1
1762947733.4741912,-10.25905990600586,10.762577056884766,1
1762947733.4741912,-10.71090316772461,13.727840423583984,1
1762947733.4840958,-10.688633918762207,11.100438117980957,1
1762947733.4840958,-10.479949951171875,13.437009811401367,1
1762947733.4898205,-10.60448169708252,11.7123384475708,1
1762947733.7112021,-10.533414840698242,11.410842895507812,1
1762947733.7112021,-11.894760131835938,13.216581344604492,1
1762947733.7268527,-12.380845069885254,12.03664493560791,1
1762947733.7268527,-12.515007019042969,13.533056259155273,1
1762947733.7268527,-12.857670783996582,11.778595924377441,1
1762947733.9634602,-13.005840301513672,11.776180267333984,1
1762947733.9634602,-11.277491569519043,10.435542106628418,1
1762947733.9846253,-11.775715827941895,15.210051536560059,1
1762947733.9846253,-11.300566673278809,11.323687553405762,1
1762947733.9846253,-11.318768501281738,15.192973136901855,1
1762947734.233737,-10.866168975830078,13.818511962890625,1
1762947734.233737,-10.820037841796875,11.148517608642578,1
1762947734.233737,-11.302264213562012,14.236847877502441,1
1762947734.233737,-11.378765106201172,11.041202545166016,1
1762947734.2495253,-11.375465393066406,14.019876480102539,1
1762947734.5019054,-11.426196098327637,14.867186546325684,1
1762947734.5024939,-8.614034652709961,13.601451873779297,1
1762947734.5032768,-9.158778190612793,14.612557411193848,1
1762947734.5032768,-8.828644752502441,13.733403205871582,1
1762947734.5169134,-8.91270923614502,13.755547523498535,1
1762947734.7367961,-9.024032592773438,15.321100234985352,1
1762947734.7528975,-9.561037063598633,14.162435531616211,1
1762947734.7528975,-9.085576057434082,14.029555320739746,1
1762947734.7528975,-9.452315330505371,14.433804512023926,1
1762947734.7528975,-8.90503215789795,13.789311408996582,1
1762947734.9940982,-8.890095710754395,13.898758888244629,1
1762947734.9940982,-8.570523262023926,16.567614555358887,1
1762947735.0063806,-9.0658597946167,17.724312782287598,1
1762947735.0063806,-8.692683219909668,14.978655815124512,1
1762947735.0063806,-9.444550514221191,16.40938663482666,1
1762947735.2915516,-9.298762321472168,18.453789710998535,1
1762947735.2915516,-8.970500946044922,10.378128051757812,1
1762947735.2915516,-9.204293251037598,18.568251609802246,1
1762947735.2915516,-9.051763534545898,10.407737731933594,1
1762947735.3072543,-9.261448860168457,18.595520973205566,1
1762947735.5467854,-9.52821159362793,20.307355880737305,1
1762947735.5467854,-9.352813720703125,11.468088150024414,1
1762947735.5467854,-8.658504486083984,11.144487380981445,1
1762947735.5467854,-9.495522499084473,12.513543128967285,1
1762947735.5467854,-8.815284729003906,11.202558517456055,1
1762947735.7994366,-9.059642791748047,11.203149795532227,1
1762947735.7994366,-9.091999053955078,12.076416015625,1
1762947735.7994366,-8.926344871520996,10.732975959777832,1
1762947735.7994366,-9.257521629333496,12.748143196105957,1
1762947735.8154204,-8.962750434875488,11.3329439163208,1
1762947736.0520566,-8.787957191467285,11.093974113464355,1
1762947736.0520566,-8.88540267944336,11.907772064208984,1
1762947736.061017,-8.421868324279785,14.48862361907959,1
1762947736.061017,-8.658038139343262,11.83565616607666,1
1762947736.068075,-8.425673484802246,13.793316841125488,1
1762947736.3051589,-8.485946655273438,13.900726318359375,1
1762947736.3051589,-9.682902336120605,11.903985023498535,1
1762947736.320948,-9.098414421081543,11.370369911193848,1
1762947736.320948,-10.175416946411133,11.985761642456055,1
1762947736.320948,-9.228014945983887,10.840357780456543,1
1762947736.5574176,-9.436416625976562,11.202430725097656,1
1762947736.5574176,-10.908465385437012,14.927638053894043,1
1762947736.5734377,-9.867154121398926,12.089142799377441,1
1762947736.5734377,-10.879664421081543,15.038016319274902,1
1762947736.5734377,-9.843596458435059,11.140482902526855,1
1762947736.8265853,-9.82589054107666,11.582051277160645,1
1762947736.8265853,-12.097453117370605,13.64199161529541,1
1762947736.8265853,-12.403182983398438,15.867471694946289,1
1762947736.8265853,-12.56581974029541,15.331648826599121,1
1762947736.8424225,-12.195450782775879,13.853095054626465,1
1762947737.0933123,-12.359734535217285,13.616360664367676,1
1762947737.0933123,-10.717025756835938,10.957727432250977,1
1762947737.0933123,-10.757081031799316,14.438628196716309,1
1762947737.0933123,-10.73321533203125,11.038549423217773,1
1762947737.1089492,-10.717815399169922,15.638093948364258,1
1762947737.3617,-10.660565376281738,17.04142475128174,1
1762947737.3617,-12.08004093170166,12.099265098571777,1
1762947737.3617,-13.194207191467285,11.805563926696777,1
1762947737.3617,-11.758578300476074,11.8220796585083,1
1762947737.3773494,-13.31373119354248,12.399247169494629,1
1762947737.6300592,-13.048301696777344,12.89493179321289,1
1762947737.6300592,-11.008350372314453,14.016580581665039,1
1762947737.6300592,-9.699610710144043,13.286711692810059,1
1762947737.6300592,-10.60193920135498,13.548964500427246,1
1762947737.6300592,-9.658886909484863,13.055594444274902,1
1762947737.8997953,-9.38110065460205,12.229077339172363,1
1762947737.8997953,-9.12934398651123,14.653063774108887,1
1762947737.8997953,-7.355415344238281,10.850967407226562,1
1762947737.8997953,-9.117112159729004,15.973187446594238,1
1762947737.9155955,-7.266153335571289,11.316400527954102,1
1762947738.1678085,-7.165891170501709,11.293070316314697,1
1762947738.1678085,-8.853362083435059,11.946202278137207,1
1762947738.1678085,-9.515216827392578,11.047185897827148,1
1762947738.1678085,-9.067824363708496,12.741057395935059,1
1762947738.1868546,-9.732037544250488,10.996161460876465,1
1762947738.4364872,-9.594583511352539,10.714126586914062,1
1762947738.4364872,-8.68542766571045,12.624608039855957,1
1762947738.455585,-8.143977165222168,12.576302528381348,1
1762947738.455585,-8.514660835266113,12.38408374786377,1
1762947738.4574955,-8.291705131530762,12.647038459777832,1
1762947738.7200496,-8.30960464477539,12.986927032470703,1
1762947738.7241971,-9.230040550231934,18.176857948303223,1
1762947738.7241971,-9.287490844726562,12.817361831665039,1
1762947738.7241971,-9.414692878723145,16.9039945602417,1
1762947738.7357578,-9.37480354309082,12.601495742797852,1
1762947738.9927847,-9.548090934753418,14.004683494567871,1
1762947738.9927847,-9.541728973388672,11.50667953491211,1
1762947739.0044923,-7.799844741821289,10.993614196777344,1
1762947739.0044923,-9.353580474853516,10.764102935791016,1
1762947739.0044923,-7.72711181640625,10.869180679321289,1
1762947739.2881327,-7.792044162750244,10.610925197601318,1
1762947739.2881327,-8.839343070983887,14.331748008728027,1
1762947739.3041182,-8.644474983215332,16.71452045440674,1
1762947739.3041182,-9.057333946228027,14.305312156677246,1
1762947739.3041182,-8.709598541259766,16.5789852142334,1
1762947739.5699847,-8.863285064697266,15.385736465454102,1
1762947739.5699847,-9.549056053161621,13.918410301208496,1
1762947739.5699847,-9.232094764709473,12.350319862365723,1
1762947739.5699847,-9.412097930908203,13.54806137084961,1
1762947739.5883453,-9.038846015930176,12.11235523223877,1
1762947739.8378265,-9.004413604736328,11.994951248168945,1
1762947739.8378265,-8.923538208007812,11.107246398925781,1
1762947739.8378265,-11.878173828125,15.382143020629883,1
1762947739.8378265,-9.14362621307373,11.276921272277832,1
1762947739.8548388,-11.818222999572754,15.016819953918457,1
1762947740.1062598,-11.648242950439453,14.859277725219727,1
1762947740.1062598,-8.49350643157959,16.677863121032715,1
1762947740.1062598,-8.445527076721191,16.38352870941162,1
1762947740.1062598,-8.377827644348145,15.664237022399902,1
1762947740.121896,-8.231614112854004,15.1613187789917,1
1762947740.374345,-8.027257919311523,14.684354782104492,1
1762947740.374345,-8.93741226196289,14.777914047241211,1
1762947740.374345,-9.777121543884277,11.60840892791748,1
1762947740.374345,-9.039725303649902,14.192721366882324,1
1762947740.3904593,-9.859931945800781,11.693294525146484,1
1762947740.6416888,-9.534623146057129,11.133532524108887,1
1762947740.6416888,-6.287639141082764,11.030384540557861,1
1762947740.6416888,-8.534770011901855,12.15738582611084,1
1762947740.6416888,-6.224096298217773,11.087568283081055,1
1762947740.6573622,-8.703263282775879,11.350630760192871,1
1762947740.910184,-8.724030494689941,11.208624839782715,1
1762947740.910184,-8.314752578735352,13.641895294189453,1
1762947740.910184,-7.489446640014648,12.99669075012207,1
1762947740.910184,-8.474021911621094,15.716440200805664,1
1762947740.9258611,-7.600954055786133,13.054698944091797,1
1762947741.1635327,-7.641592502593994,13.564219951629639,1
1762947741.1635327,-8.818543434143066,20.21517848968506,1
1762947741.1635327,-7.385378360748291,10.934377193450928,1
1762947741.1635327,-9.278435707092285,20.469094276428223,1
1762947741.1792252,-7.274926662445068,11.130594730377197,1
1762947741.4327013,-7.177490234375,10.746109008789062,1
1762947741.4327013,-7.664272785186768,17.48360013961792,1
1762947741.4327013,-6.719606399536133,12.133783340454102,1
1762947741.4327013,-7.7994232177734375,16.585384368896484,1
1762947741.448373,-6.793062686920166,12.109429836273193,1
1762947741.7009602,-6.789426326751709,12.316538333892822,1
1762947741.7009602,-7.587137222290039,16.575891494750977,1
1762947741.7009602,-7.64368200302124,14.013973712921143,1
1762947741.7009602,-7.25751256942749,14.683598041534424,1
1762947741.7168612,-7.761189937591553,15.06178903579712,1
1762947741.9758527,-8.109330177307129,15.094679832458496,1
1762947741.9758527,-7.5771803855896,12.627794742584229,1
1762947741.9758527,-7.833410739898682,12.09946584701538,1
1762947741.9844015,-7.460704326629639,12.571573734283447,1
1762947741.9881425,-7.8585591316223145,11.9460768699646,1
1762947742.2368658,-7.790017604827881,11.756750583648682,1
1762947742.2368658,-7.947455883026123,16.519569873809814,1
1762947742.2368658,-7.082515716552734,15.16476821899414,1
1762947742.2368658,-8.141963958740234,15.430465698242188,1
1762947742.2525613,-7.562942028045654,16.012789249420166,1
1762947742.5045297,-7.325266361236572,15.168763637542725,1
1762947742.5045297,-7.158498287200928,15.115679264068604,1
1762947742.5045297,-7.006275177001953,15.618331909179688,1
1762947742.5045297,-7.176473140716553,15.820339679718018,1
1762947742.523142,-7.059976577758789,14.89312744140625,1
1762947742.7729232,-7.211816310882568,15.500973224639893,1
1762947742.7729232,-35.608978271484375,7.6156463623046875,0
1762947742.7729232,-34.40799331665039,5.463359832763672,0
1762947742.788594,-34.20329666137695,7.8290252685546875,0
1762947742.7921731,-32.791683197021484,6.986305236816406,0
1762947743.0407972,-34.130191802978516,7.551998138427734,0
1762947743.0407972,-31.195236206054688,7.211986541748047,0
1762947743.0407972,-34.86933517456055,7.0690155029296875,0
1762947743.0407972,-29.696985244750977,6.27039909362793,0
1762947743.0564978,-34.54616165161133,7.621898651123047,0
1762947743.3092158,-33.43936538696289,6.914157867431641,0
1762947743.3092158,-33.6103401184082,7.613029479980469,0
1762947743.3092158,-35.131717681884766,7.570926666259766,0
1762947743.3092158,-33.14510726928711,6.631099700927734,0
1762947743.3251061,-34.529354095458984,6.984806060791016,0
1762947743.578801,-34.249698638916016,7.382408142089844,0
1762947743.578801,-32.62240219116211,8.178352355957031,1
1762947743.578801,-35.28762435913086,7.3544921875,0
1762947743.578801,-34.01840591430664,6.139362335205078,0
1762947743.5948944,-34.167503356933594,6.991062164306641,0
1762947743.8471692,-33.97739791870117,8.258853912353516,1
1762947743.8471692,-34.92119216918945,6.517494201660156,0
1762947743.8471692,-33.95721435546875,6.910667419433594,0
1762947743.8471692,-35.313655853271484,7.481849670410156,0
1762947743.8628783,-33.91423034667969,7.112030029296875,0
1762947744.1157942,-35.822635650634766,8.25112533569336,1
1762947744.1157942,-33.73789596557617,7.301082611083984,0
1762947744.1157942,-33.969696044921875,7.980125427246094,0
1762947744.1157942,-35.04163360595703,7.7461090087890625,0
1762947744.1314957,-34.132633209228516,7.05364990234375,0
1762947744.4019978,-33.230899810791016,6.911632537841797,0
1762947744.4019978,-35.5174560546875,8.733711242675781,1
1762947744.4100432,-32.70109939575195,7.707359313964844,0
1762947744.4106228,-34.676029205322266,8.606510162353516,1
1762947744.4176152,-32.61467742919922,6.8769378662109375,0
1762947744.6700535,-34.37344741821289,7.330432891845703,0
1762947744.6700535,-34.10846710205078,7.154331207275391,0
1762947744.6857486,-33.51947021484375,7.083587646484375,0
1762947744.6857486,-33.66607666015625,6.574382781982422,0
1762947744.6943033,-35.28889083862305,9.219482421875,1
1762947744.9542797,-33.768680572509766,6.890495300292969,0
1762947744.9542797,-34.27324295043945,7.8374786376953125,0
1762947744.9542797,-34.822792053222656,6.639202117919922,0
1762947744.9542797,-35.3358154296875,7.855995178222656,0
1762947744.9542797,-33.226139068603516,6.580574035644531,0
1762947745.222119,-34.042118072509766,6.6022491455078125,0
1762947745.222119,-34.11030578613281,8.066322326660156,0
1762947745.2382112,-34.54270935058594,7.172889709472656,0
1762947745.2382112,-34.382442474365234,7.3194580078125,0
1762947745.2382112,-35.051334381103516,8.471885681152344,1
1762947745.5069997,-34.93928146362305,7.486217498779297,0
1762947745.5069997,-34.061798095703125,7.031349182128906,0
1762947745.5069997,-33.95734786987305,6.791965484619141,0
1762947745.5069997,-34.31705093383789,10.836612701416016,1
1762947745.5223668,-34.68293380737305,7.011131286621094,0
1762947745.7909312,-35.55241394042969,8.311912536621094,1
1762947745.7909312,-34.884090423583984,8.231212615966797,1
1762947745.7960463,-34.77208709716797,7.827167510986328,0
1762947745.7960463,-33.33341598510742,8.158687591552734,1
1762947745.8065848,-34.6424674987793,8.16241455078125,1
1762947746.059182,-33.52030563354492,6.419712066650391,0
1762947746.059182,-33.21696090698242,7.379417419433594,0
1762947746.074892,-34.751976013183594,6.910358428955078,0
1762947746.074892,-33.17935562133789,7.753383636474609,0
1762947746.074892,-34.48135757446289,8.817924499511719,1
1762947746.3433356,-34.683929443359375,8.6656494140625,1
1762947746.3433356,-33.61429977416992,7.7770233154296875,0
1762947746.3433356,-34.71647644042969,8.348926544189453,1
1762947746.3433356,-33.544586181640625,7.744915008544922,0
1762947746.3433356,-33.378971099853516,7.285697937011719,0
1762947746.6115475,-33.59714889526367,6.643699645996094,0
1762947746.6115475,-33.64284896850586,8.007492065429688,0
1762947746.627218,-33.53928756713867,8.35205078125,1
1762947746.627218,-33.77341842651367,7.261791229248047,0
1762947746.627218,-33.070831298828125,8.971424102783203,1
1762947746.8971467,-32.7625732421875,5.959312438964844,0
1762947746.8971467,-35.17393493652344,7.191692352294922,0
1762947746.9162614,-31.215728759765625,6.174217224121094,0
1762947746.9169602,-32.912105560302734,6.185333251953125,0
1762947746.9231768,-32.40285873413086,7.634243011474609,0
1762947747.1973827,-34.506649017333984,7.427806854248047,0
1762947747.1973827,-33.542720794677734,6.871707916259766,0
1762947747.1973827,-33.78168869018555,6.411136627197266,0
1762947747.1973827,-33.92165756225586,7.473209381103516,0
1762947747.2128506,-33.48836135864258,6.1330718994140625,0
1762947747.4653358,-33.786678314208984,6.047691345214844,0
1762947747.4653358,-33.68806076049805,6.972846984863281,0
1762947747.4810286,-34.43146896362305,6.898090362548828,0
1762947747.4810286,-34.03155517578125,8.975849151611328,1
1762947747.4810286,-31.224794387817383,8.789167404174805,1
1762947747.7652395,-30.439931869506836,6.187921524047852,0
1762947747.7652395,-32.24375534057617,7.017444610595703,0
1762947747.7652395,-31.68719482421875,8.63149642944336,1
1762947747.7652395,-1.305451512336731,7.708232760429382,0
1762947747.7809606,-33.32882308959961,6.23297119140625,0
1762947748.049875,-31.355512619018555,9.300790786743164,1
1762947748.049875,-33.57221603393555,8.685066223144531,1
1762947748.049875,-33.27724838256836,8.68463134765625,1
1762947748.049875,-34.447391510009766,6.323001861572266,0
1762947748.0655606,-34.78824234008789,7.749752044677734,0
1762947748.3341115,-33.3286018371582,8.55633544921875,1
1762947748.3341115,-34.51301193237305,8.006866455078125,0
1762947748.3341115,-34.58686447143555,8.609569549560547,1
1762947748.3341115,-35.05414962768555,8.013473510742188,0
1762947748.3341115,-21.41156578063965,8.312799453735352,1
1762947748.6033998,-2.040419340133667,7.740463495254517,0
1762947748.6033998,-3.8329429626464844,6.015580177307129,0
1762947748.619057,-10.57099723815918,10.478830337524414,1
1762947748.619057,-30.43657875061035,9.991918563842773,1
1762947748.619057,-32.3687744140625,7.2686614990234375,0
1762947748.9039073,-34.44934844970703,6.702953338623047,0
1762947748.9039073,-34.519317626953125,8.855804443359375,1
1762947748.9196227,-33.5313835144043,8.640567779541016,1
1762947748.9196227,-33.60332107543945,6.159168243408203,0
1762947748.9196227,-33.66884994506836,6.6507720947265625,0
1762947749.201611,-34.18680191040039,7.492404937744141,0
1762947749.201611,-7.883586883544922,12.88688850402832,1
1762947749.204666,-7.227518081665039,11.862176895141602,1
1762947749.204666,-7.568542003631592,11.92151689529419,1
1762947749.204666,-6.952452182769775,12.063275814056396,1
1762947749.5048964,-6.943384170532227,12.11136245727539,1
1762947749.5048964,-7.599756717681885,11.835328578948975,1
1762947749.5202367,-7.1418232917785645,9.803922176361084,1
1762947749.5202367,-7.767099857330322,11.701138973236084,1
1762947749.5242708,-7.408908367156982,10.62281084060669,1
1762947749.8026412,-7.173201084136963,10.515140056610107,1
1762947749.8026412,-9.78114128112793,11.819143295288086,1
1762947749.805197,-9.61197280883789,15.147253036499023,1
1762947749.805197,-9.808600425720215,10.905896186828613,1
1762947749.805197,-9.67717456817627,14.965533256530762,1
1762947750.0892863,-9.38782024383545,15.33544635772705,1
1762947750.0892863,-10.360487937927246,11.006857872009277,1
1762947750.0892863,-10.812479972839355,15.055237770080566,1
1762947750.0892863,-10.287007331848145,12.185519218444824,1
1762947750.103372,-10.68151569366455,15.519959449768066,1
1762947750.3738766,-10.353614807128906,14.463754653930664,1
1762947750.3738766,-9.925060272216797,10.193305969238281,1
1762947750.3738766,-10.096242904663086,12.170780181884766,1
1762947750.3738766,-9.879973411560059,10.388670921325684,1
1762947750.389614,-10.3084135055542,11.316329002380371,1
1762947750.6579564,-10.516410827636719,10.880407333374023,1
1762947750.6579564,-10.046867370605469,17.00148582458496,1
1762947750.6579564,-10.226466178894043,14.175480842590332,1
1762947750.6579564,-9.877527236938477,15.652582168579102,1
1762947750.673647,-10.571128845214844,13.914773941040039,1
1762947750.926077,-10.684700012207031,15.542213439941406,1
1762947750.926077,-10.616894721984863,12.475964546203613,1
1762947750.9417653,-10.30513858795166,12.73047924041748,1
1762947750.9417653,-10.301703453063965,12.99178409576416,1
1762947750.9417653,-10.452095985412598,13.115349769592285,1
1762947751.2100065,-10.16310977935791,12.85338306427002,1
1762947751.2100065,-10.199677467346191,13.77319049835205,1
1762947751.2100065,-11.487518310546875,13.897281646728516,1
1762947751.2100065,-10.369945526123047,13.044389724731445,1
1762947751.2256923,-11.907115936279297,13.122915267944336,1
1762947751.4940574,-11.807202339172363,13.213482856750488,1
1762947751.4940574,-9.810629844665527,13.962296485900879,1
1762947751.5051785,-9.668225288391113,15.752026557922363,1
1762947751.5051785,-9.590234756469727,12.931327819824219,1
1762947751.5097144,-9.822430610656738,14.775532722473145,1
1762947751.793516,-10.36142635345459,13.983233451843262,1
1762947751.793516,-12.718226432800293,11.67894458770752,1
1762947751.793516,-16.299257278442383,14.589527130126953,1
1762947751.793516,-12.60400390625,13.39532470703125,1
1762947751.806154,-15.393753051757812,13.859163284301758,1
1762947752.077903,-15.342350959777832,12.617024421691895,1
1762947752.077903,-12.233206748962402,13.982609748840332,1
1762947752.077903,-9.931828498840332,14.761210441589355,1
1762947752.077903,-11.819900512695312,13.527700424194336,1
1762947752.077903,-9.615336418151855,14.584996223449707,1
1762947752.4423168,-9.448626518249512,13.638033866882324,1
1762947752.4423168,-9.829695701599121,12.864750862121582,1
1762947752.4423168,-8.769658088684082,11.135991096496582,1
1762947752.4423168,-9.96401596069336,13.194866180419922,1
1762947752.4579873,-9.027134895324707,10.718518257141113,1
1762947752.7738624,-9.403115272521973,10.704644203186035,1
1762947752.7738624,-10.79127025604248,15.68384838104248,1
1762947752.7738624,-13.416431427001953,15.67259407043457,1
1762947752.7738624,-11.03400707244873,14.840256690979004,1
1762947752.789578,-13.235027313232422,15.160818099975586,1
1762947753.0732167,-13.506861686706543,13.796490669250488,1
1762947753.0732167,-11.598224639892578,12.552434921264648,1
1762947753.0732167,-11.872833251953125,12.657220840454102,1
1762947753.0732167,-11.309969902038574,12.180268287658691,1
1762947753.0889263,-17.804664611816406,10.53887939453125,1
1762947753.3723435,-12.197535514831543,12.123929023742676,1
1762947753.3723435,-10.8587007522583,12.376837730407715,1
1762947753.3723435,-11.47039794921875,12.772171020507812,1
1762947753.3723435,-11.077072143554688,12.75918960571289,1
1762947753.3880715,-11.916768074035645,12.686932563781738,1
1762947753.673661,-11.827445983886719,12.564262390136719,1
1762947753.673661,-12.73949146270752,12.485447883605957,1
1762947753.673661,-13.020209312438965,11.910069465637207,1
1762947753.673661,-12.719722747802734,13.044368743896484,1
1762947753.6893678,-12.655983924865723,11.57190990447998,1
1762947753.9733303,-12.469009399414062,11.780126571655273,1
1762947753.9733303,-9.80833911895752,12.912055015563965,1
1762947753.9733303,-9.184735298156738,10.449481010437012,1
1762947753.9733303,-9.589800834655762,11.752135276794434,1
1762947753.989015,-8.950997352600098,10.433794975280762,1
1762947754.2567937,-8.978400230407715,10.256146430969238,1
1762947754.2567937,-9.780942916870117,18.023555755615234,1
1762947754.272509,-9.115245819091797,11.419790267944336,1
1762947754.272509,-10.217669486999512,16.40165615081787,1
1762947754.272509,-9.706086158752441,11.256428718566895,1
1762947754.571871,-9.994407653808594,11.406768798828125,1
1762947754.571871,-9.089705467224121,17.71529483795166,1
1762947754.571871,-8.015641212463379,12.451117515563965,1
1762947754.571871,-8.630932807922363,17.293938636779785,1
1762947754.587575,-7.8867645263671875,11.887393951416016,1
1762947754.8873372,-7.513614654541016,12.419845581054688,1
1762947754.8873372,-6.5888495445251465,11.409273624420166,1
1762947754.8873372,-8.958577156066895,16.67501926422119,1
1762947754.8873372,-6.527961254119873,11.02137804031372,1
1762947754.9030814,-8.8458251953125,16.133100509643555,1
1762947755.2028444,-8.597614288330078,16.556652069091797,1
1762947755.2028444,-9.238348960876465,18.015786170959473,1
1762947755.2028444,-8.055950164794922,12.779434204101562,1
1762947755.2028444,-9.082012176513672,17.816593170166016,1
1762947755.2114012,-7.853566646575928,12.407928943634033,1
1762947755.502387,-7.9067254066467285,12.45624303817749,1
1762947755.502387,-10.549641609191895,12.266854286193848,1
1762947755.5119388,-9.001017570495605,11.661520957946777,1
1762947755.5119388,-10.934679985046387,13.68715763092041,1
1762947755.5180237,-9.276762962341309,11.561860084533691,1
1762947755.7866638,-9.746382713317871,11.897038459777832,1
1762947755.7866638,-11.000541687011719,14.81082534790039,1
1762947755.8023908,-9.903644561767578,11.640121459960938,1
1762947755.8023908,-10.849011421203613,15.417424201965332,1
1762947755.812458,-9.904288291931152,12.009621620178223,1
1762947756.101631,-10.076759338378906,11.542232513427734,1
1762947756.101631,-13.090004920959473,14.0468111038208,1
1762947756.101631,-10.9554443359375,13.333738327026367,1
1762947756.101631,-12.90650463104248,14.313158988952637,1
1762947756.1172924,-10.813443183898926,12.35387897491455,1
1762947756.40146,-10.922966957092285,12.501082420349121,1
1762947756.40146,-9.229107856750488,15.672499656677246,1
1762947756.40146,-8.635337829589844,15.741867065429688,1
1762947756.40146,-8.833672523498535,13.354510307312012,1
1762947756.4171886,-8.59830379486084,15.940367698669434,1
1762947756.7014458,-8.621149063110352,15.228271484375,1
1762947756.7014458,-9.224353790283203,16.463289260864258,1
1762947756.7135086,-8.274659156799316,15.492072105407715,1
1762947756.7135086,-8.93691635131836,16.062519073486328,1
1762947756.717573,-7.950071811676025,13.99552297592163,1
1762947757.007693,-7.798661708831787,15.996923923492432,1
1762947757.007693,-8.518905639648438,12.819595336914062,1
1762947757.0137973,-10.355355262756348,15.372313499450684,1
1762947757.015805,-8.525678634643555,12.051002502441406,1
1762947757.015805,-10.27385139465332,15.025753021240234,1
1762947757.2992196,-10.261014938354492,14.404348373413086,1
1762947757.2992196,-7.262432098388672,12.906517028808594,1
1762947757.3150575,-6.2412543296813965,10.10658884048462,1
1762947757.3150575,-7.246114253997803,13.344696521759033,1
1762947757.3150575,-6.498035430908203,10.507558822631836,1
1762947757.59893,-6.534895420074463,11.021762371063232,1
1762947757.59893,-6.934641361236572,13.432178020477295,1
1762947757.59893,-8.0963134765625,13.361976623535156,1
1762947757.59893,-7.110128879547119,13.195641994476318,1
1762947757.59893,-8.133280754089355,12.258820533752441,1
1762947757.9460037,-8.266592979431152,12.599337577819824,1
1762947757.9460037,-11.466216087341309,15.938668251037598,1
1762947757.9460037,-11.347648620605469,13.290151596069336,1
1762947757.9460037,-11.72119140625,16.688426971435547,1
1762947757.9617603,-11.263737678527832,14.551186561584473,1
1762947758.2299247,-11.65668773651123,13.972380638122559,1
1762947758.2299247,-10.343910217285156,14.078672409057617,1
1762947758.2456338,-11.227522850036621,14.88022518157959,1
1762947758.2456338,-10.800204277038574,14.948517799377441,1
1762947758.2456338,-11.51055908203125,15.16171646118164,1
1762947758.5444715,-11.2606840133667,14.127718925476074,1
1762947758.5444715,-9.819316864013672,11.788093566894531,1
1762947758.5444715,-9.611832618713379,11.431059837341309,1
1762947758.5444715,-9.981799125671387,10.671441078186035,1
1762947758.5602074,-9.832457542419434,11.197443962097168,1
1762947758.8443327,-9.859175682067871,11.516919136047363,1
1762947758.8443327,-9.73984146118164,12.118768692016602,1
1762947758.8600638,-11.163912773132324,13.491000175476074,1
1762947758.8600638,-9.60391902923584,12.11830997467041,1
1762947758.8600638,-11.060935974121094,13.991769790649414,1
1762947759.175527,-11.009394645690918,14.190844535827637,1
1762947759.175527,-11.249225616455078,12.975135803222656,1
1762947759.175527,-12.062273979187012,13.078618049621582,1
1762947759.175527,-11.379572868347168,14.149529457092285,1
1762947759.175527,-12.156115531921387,14.069060325622559,1
1762947759.507279,-12.469744682312012,13.37851619720459,1
1762947759.507279,-9.35927677154541,16.438361167907715,1
1762947759.516341,-8.543156623840332,12.932568550109863,1
1762947759.516341,-9.3613920211792,15.863564491271973,1
1762947759.5229337,-8.78878116607666,12.821032524108887,1
1762947759.8228214,-8.840792655944824,12.752697944641113,1
1762947759.8228214,-8.920557975769043,12.106596946716309,1
1762947759.8228214,-9.802799224853516,10.616485595703125,1
1762947759.8228214,-9.420897483825684,12.181317329406738,1
1762947759.8385248,-10.135186195373535,10.757962226867676,1
1762947760.216907,-10.417464256286621,11.479681968688965,1
1762947760.2179189,-9.995113372802734,15.170352935791016,1
1762947760.2179189,-8.528712272644043,12.24487590789795,1
1762947760.2179189,-10.048626899719238,16.997517585754395,1
1762947760.2179189,-8.644217491149902,12.538743019104004,1
1762947760.5341334,-8.575594902038574,11.693631172180176,1
1762947760.5341334,-10.622725486755371,16.186333656311035,1
1762947760.5341334,-9.251969337463379,16.769043922424316,1
1762947760.549852,-10.5689115524292,17.919800758361816,1
1762947760.549852,-9.395803451538086,17.061113357543945,1
1762947760.8497078,-9.555232048034668,17.400919914245605,1
1762947760.8497078,-7.359117031097412,13.961353778839111,1
1762947760.8658051,-8.101593017578125,14.971202850341797,1
1762947760.8658051,-6.996198654174805,14.926658630371094,1
1762947760.8658051,-8.00338077545166,15.291213035583496,1
1762947761.1809502,-7.795284271240234,14.956222534179688,1
1762947761.1809502,-7.353341579437256,12.554502964019775,1
1762947761.1809502,-6.897718906402588,12.62693738937378,1
1762947761.1809502,-7.629708766937256,11.301584720611572,1
1762947761.1966417,-7.2076239585876465,11.486250400543213,1
1762947761.5128753,-7.186370849609375,11.93202018737793,1
1762947761.5184338,-9.564457893371582,14.834763526916504,1
1762947761.5184338,-8.275125503540039,11.438911437988281,1
1762947761.5184338,-9.975268363952637,15.35084056854248,1
1762947761.5304573,-8.734867095947266,11.377220153808594,1
1762947761.8638453,-9.321820259094238,10.947989463806152,1
1762947761.8638453,-14.46086597442627,12.659941673278809,1
1762947761.8763804,-15.256678581237793,14.261530876159668,1
1762947761.8763804,-14.451680183410645,11.835476875305176,1
1762947761.8763804,-14.787300109863281,15.340797424316406,1
1762947762.1917198,-14.242413520812988,14.959551811218262,1
1762947762.1917198,-12.495335578918457,16.861647605895996,1
1762947762.1917198,-9.243401527404785,10.744006156921387,1
1762947762.1917198,-11.83255672454834,16.005106925964355,1
1762947762.2074554,-8.923611640930176,10.602904319763184,1
1762947762.5382223,-9.10081958770752,10.829054832458496,1
1762947762.5382223,-9.924663543701172,15.528953552246094,1
1762947762.5382223,-10.171365737915039,14.209402084350586,1
1762947762.5382223,-10.670170783996582,14.720471382141113,1
1762947762.5539217,-9.886597633361816,14.403332710266113,1
1762947762.8690755,-9.89653491973877,15.00969409942627,1
1762947762.8690755,-11.877224922180176,11.139546394348145,1
1762947762.8690755,-11.925697326660156,14.994195938110352,1
1762947762.8690755,-12.025847434997559,11.73278522491455,1
1762947762.8847504,-12.138646125793457,13.143010139465332,1
1762947763.1995833,-12.524168968200684,14.280974388122559,1
1762947763.1995833,-15.650164604187012,13.051323890686035,1
1762947763.2152812,-14.158984184265137,14.285332679748535,1
1762947763.2152812,-15.663586616516113,11.67365550994873,1
1762947763.220911,-14.231890678405762,14.60820484161377,1
1762947763.5462172,-14.669670104980469,14.573020935058594,1
1762947763.5462172,-14.748356819152832,10.461459159851074,1
1762947763.5462172,-16.171157836914062,11.663068771362305,1
1762947763.5462172,-14.84766674041748,10.914822578430176,1
1762947763.5619695,-16.269258499145508,11.640235900878906,1
1762947763.8631077,-16.351953506469727,11.555376052856445,1
1762947763.8788576,-19.583097457885742,14.252405166625977,1
1762947763.8788576,-19.240068435668945,15.205568313598633,1
1762947763.8788576,-18.82859230041504,14.519895553588867,1
1762947763.8788576,-18.724870681762695,13.373334884643555,1
1762947764.2083983,-18.287267684936523,14.043485641479492,1
1762947764.2089505,-14.435761451721191,13.378727912902832,1
1762947764.2158644,-13.867474555969238,14.301289558410645,1
1762947764.216448,-14.067831993103027,13.928467750549316,1
1762947764.2225235,-12.665844917297363,12.662129402160645,1
1762947764.543521,-12.042643547058105,13.386113166809082,1
1762947764.543521,-9.30182933807373,12.696171760559082,1
1762947764.543521,-9.517159461975098,12.716506004333496,1
1762947764.543521,-9.181480407714844,13.14822006225586,1
1762947764.559214,-9.911637306213379,13.194674491882324,1
1762947764.8904624,-9.471323013305664,13.05807113647461,1
1762947764.8904624,-7.338743686676025,10.446654796600342,1
1762947764.8904624,-7.2919840812683105,13.123314380645752,1
1762947764.8904624,-7.53384256362915,10.441226482391357,1
1762947764.8904624,-7.239851474761963,13.269349575042725,1
1762947765.2226918,-7.1672210693359375,12.926628112792969,1
1762947765.2226918,-9.54586124420166,14.40381908416748,1
1762947765.2226918,-8.305309295654297,10.664281845092773,1
1762947765.2226918,-9.916236877441406,14.925779342651367,1
1762947765.2372296,-8.519576072692871,10.712559700012207,1
1762947765.5900183,-8.504605293273926,10.796187400817871,1
1762947765.5910192,-11.584114074707031,12.872055053710938,1
1762947765.5980155,-9.181059837341309,12.938019752502441,1
1762947765.599015,-11.3082857131958,12.303715705871582,1
1762947765.60502,-8.790104866027832,13.430441856384277,1
1762947766.0258703,-8.912914276123047,12.788013458251953,1
1762947766.0258703,-10.206859588623047,11.463428497314453,1
1762947766.031869,-7.870626449584961,11.545534133911133,1
1762947766.0328715,-10.180505752563477,11.886512756347656,1
1762947766.0418694,-7.643779754638672,11.596092224121094,1
1762947766.4396632,-7.404475688934326,11.804359912872314,1
1762947766.4396632,-6.9462738037109375,16.01759147644043,1
1762947766.4476714,-7.448310375213623,16.923214435577393,1
1762947766.4486663,-7.104006290435791,15.802806377410889,1
1762947766.454664,-7.597690582275391,15.029476165771484,1
1762947766.808862,-7.789394378662109,16.717010498046875,1
1762947766.808862,-8.237723350524902,16.725584983825684,1
1762947766.8169084,-7.075649738311768,12.093503475189209,1
1762947766.8169084,-8.14979076385498,18.106112480163574,1
1762947766.8255281,-6.816197872161865,12.22695779800415,1
1762947767.1639442,-6.728426456451416,13.416709423065186,1
1762947767.1639442,-5.739959716796875,12.696378707885742,1
1762947767.1639442,-6.831018924713135,17.940873622894287,1
1762947767.1639442,-5.767681121826172,13.951650619506836,1
1762947767.1796618,-7.111772060394287,18.400824069976807,1
1762947767.5337822,-7.254122257232666,16.873429775238037,1
1762947767.5337822,-8.431611061096191,12.576838493347168,1
1762947767.542307,-8.76387882232666,12.233742713928223,1
1762947767.542307,-8.774127960205078,12.440122604370117,1
1762947767.542307,-9.289087295532227,12.207332611083984,1
1762947767.8732495,-9.406161308288574,12.614754676818848,1
1762947767.8732495,-11.725789070129395,11.262225151062012,1
1762947767.8889587,-13.188570976257324,14.021050453186035,1
1762947767.8889587,-12.080008506774902,12.039645195007324,1
1762947767.8889587,-13.669581413269043,15.755522727966309,1
1762947768.27986,-13.400015830993652,14.832579612731934,1
1762947768.280859,-10.23432445526123,11.087677955627441,1
1762947768.2878535,-11.455268859863281,17.46214485168457,1
1762947768.2888587,-10.11921215057373,11.327733039855957,1
1762947768.2948544,-11.1782865524292,17.09081745147705,1
1762947768.7047353,-10.953951835632324,17.962321281433105,1
1762947768.7057347,-8.025362968444824,10.895054817199707,1
1762947768.7127516,-8.825928688049316,12.11384105682373,1
1762947768.7137501,-7.8600311279296875,10.754779815673828,1
1762947768.7217498,-8.626337051391602,12.056449890136719,1
1762947769.1542149,-8.799636840820312,11.796031951904297,1
1762947769.1542149,-11.88299560546875,16.960529327392578,1
1762947769.162866,-11.61560344696045,11.262686729431152,1
1762947769.163404,-11.642261505126953,15.73558235168457,1
1762947769.1704855,-11.557642936706543,10.98486042022705,1
1762947769.5066292,-10.982460975646973,11.329602241516113,1
1762947769.5066292,-6.61413049697876,10.123982906341553,1
1762947769.5066292,-7.156162261962891,10.475685119628906,1
1762947769.5223176,-7.048862457275391,10.258855819702148,1
1762947769.525936,-7.646402359008789,10.720926284790039,1
1762947769.8545494,-8.296917915344238,10.57866382598877,1
1762947769.8545494,-6.019054412841797,11.092676162719727,1
1762947769.8703778,-6.115506649017334,11.493727207183838,1
1762947769.8703778,-5.651097774505615,11.691343784332275,1
1762947769.8703778,-5.832348346710205,11.904141902923584,1
1762947770.2163746,-5.22430944442749,11.166563510894775,1
1762947770.226853,-8.33838176727295,16.502678871154785,1
1762947770.2323885,-8.292099952697754,11.802279472351074,1
1762947770.2323885,-8.26404857635498,16.82874584197998,1
1762947770.2323885,-8.501472473144531,11.898710250854492,1
1762947770.5795462,-8.800171852111816,13.143986701965332,1
1762947770.5795462,-10.037888526916504,13.240408897399902,1
1762947770.5795462,-10.998753547668457,15.112433433532715,1
1762947770.5795462,-9.291363716125488,11.496047019958496,1
1762947770.595267,-11.261722564697266,15.735998153686523,1
1762947770.9928064,-10.807014465332031,14.874330520629883,1
1762947770.9928064,-9.868720054626465,14.422797203063965,1
1762947770.9928064,-8.271689414978027,14.818026542663574,1
1762947770.9928064,-9.788798332214355,13.529242515563965,1
1762947771.0089324,-8.565399169921875,14.007013320922852,1
1762947771.3739898,-8.375837326049805,15.072202682495117,1
1762947771.3739898,-10.861104011535645,12.028820991516113,1
1762947771.3739898,-11.221397399902344,13.720314025878906,1
1762947771.3739898,-10.668545722961426,11.725459098815918,1
1762947771.3898706,-10.92032241821289,13.862091064453125,1
1762947771.7514904,-10.652461051940918,14.74288272857666,1
1762947771.7514904,-7.190332412719727,13.421792984008789,1
1762947771.7672021,-7.271695613861084,11.11145830154419,1
1762947771.7672021,-6.955713748931885,12.773765087127686,1
1762947771.7718022,-7.108139514923096,11.280112743377686,1
1762947772.1277504,-6.9062628746032715,10.97683572769165,1
1762947772.1277504,-8.357255935668945,15.223556518554688,1
1762947772.135819,-8.54488754272461,15.394643783569336,1
1762947772.135819,-8.694541931152344,16.5698184967041,1
1762947772.135819,-8.707795143127441,14.449288368225098,1
1762947772.4847085,-8.903768539428711,13.736776351928711,1
1762947772.4847085,-10.43768310546875,13.043174743652344,1
1762947772.4847085,-9.098259925842285,11.378453254699707,1
1762947772.4847085,-10.802721977233887,13.431775093078613,1
1762947772.5006628,-9.297679901123047,12.009428024291992,1
1762947772.828414,-9.593676567077637,12.080082893371582,1
1762947772.828414,-30.323511123657227,7.827909469604492,0
1762947772.8330474,-33.98405075073242,6.098888397216797,0
1762947772.8330474,-32.1901969909668,7.729179382324219,0
1762947772.8330474,-33.35841751098633,7.288646697998047,0
1762947773.1837509,-33.255165100097656,7.305274963378906,0
1762947773.1837509,-32.8373908996582,7.3307037353515625,0
1762947773.1837509,-33.724369049072266,7.5705108642578125,0
1762947773.1837509,-33.066226959228516,6.950534820556641,0
1762947773.1994336,-34.6844596862793,7.527805328369141,0
1762947773.5629716,-33.24427795410156,8.709400177001953,1
1762947773.5629716,-31.138870239257812,6.715290069580078,0
1762947773.5629716,-31.872846603393555,7.681684494018555,0
1762947773.5629716,-34.62393569946289,5.698570251464844,0
1762947773.578607,-33.56661605834961,7.846279144287109,0
1762947773.9426446,-32.089420318603516,5.723541259765625,0
1762947773.9426446,-33.03596115112305,8.390296936035156,1
1762947773.9585688,-33.72909164428711,7.1361541748046875,0
1762947773.9585688,-34.4688720703125,6.480171203613281,0
1762947773.9585688,-34.91530227661133,6.889305114746094,0
1762947774.3292842,-34.48369598388672,6.536441802978516,0
1762947774.3292842,-32.97207260131836,7.498035430908203,0
1762947774.3380904,-33.574954986572266,8.0877685546875,0
1762947774.3380904,-34.828182220458984,8.084426879882812,0
1762947774.341306,-33.75070571899414,7.4497833251953125,0
1762947774.6895702,-33.54597091674805,6.063606262207031,0
1762947774.6895702,-33.86170959472656,6.627967834472656,0
1762947774.6972613,-33.798641204833984,7.0611724853515625,0
1762947774.6972613,-34.2374267578125,7.724033355712891,0
1762947774.7055318,-34.59625244140625,7.3322906494140625,0
1762947775.0400023,-35.24532699584961,9.104541778564453,1
1762947775.0400023,-33.58774185180664,6.817592620849609,0
1762947775.0554523,-31.470815658569336,9.087770462036133,1
1762947775.0554523,-35.08803939819336,7.367786407470703,0
1762947775.0554523,-30.62860679626465,6.744081497192383,0
1762947775.3882048,-32.599185943603516,6.900028228759766,0
1762947775.3882048,-34.09772872924805,7.203826904296875,0
1762947775.4042966,-32.075618743896484,7.449554443359375,0
1762947775.4042966,-34.521854400634766,7.172874450683594,0
1762947775.4042966,-34.21760940551758,8.007980346679688,0
1762947775.8206265,-33.70418167114258,7.948173522949219,0
1762947775.8206265,-34.94623565673828,7.619853973388672,0
1762947775.8310988,-33.18178176879883,6.935420989990234,0
1762947775.8310988,-34.4208869934082,8.508296966552734,1
1762947775.8366926,-32.82063674926758,6.262123107910156,0
1762947776.189445,-33.07063293457031,6.8087921142578125,0
1762947776.189445,-32.89276123046875,9.38192367553711,1
1762947776.189445,-32.734920501708984,7.871349334716797,0
1762947776.189445,-33.81319046020508,8.35561752319336,1
1762947776.2052555,-33.20637893676758,8.720649719238281,1
1762947776.5529659,-35.11025619506836,7.619163513183594,0
1762947776.5686185,-32.77474594116211,7.016429901123047,0
1762947776.5692391,-33.431793212890625,7.428806304931641,0
1762947776.5692391,-34.621028900146484,7.380455017089844,0
1762947776.5810165,-32.32465744018555,6.423225402832031,0
1762947776.9241288,-33.6898307800293,7.356925964355469,0
1762947776.929767,-33.20112228393555,6.61322021484375,0
1762947776.934155,-33.04597091674805,6.830219268798828,0
1762947776.934155,-32.018558502197266,5.775279998779297,0
1762947776.934155,-32.48732376098633,6.033786773681641,0
1762947777.303189,-33.31795883178711,7.62518310546875,0
1762947777.303189,-33.447147369384766,6.824726104736328,0
1762947777.303189,-33.312496185302734,7.362255096435547,0
1762947777.303189,-33.95410919189453,7.799705505371094,0
1762947777.318893,-34.74248123168945,8.645816802978516,1
1762947777.6677384,-34.67852020263672,7.079235076904297,0
1762947777.6677384,-29.178863525390625,8.063430786132812,0
1762947777.683838,-1.881428837776184,7.704290270805359,0
1762947777.683838,-1.826683521270752,7.808432102203369,0
1762947777.683838,-1.8700395822525024,7.707992911338806,0
1762947778.0303488,-32.498111724853516,7.359859466552734,0
1762947778.0303488,-33.690555572509766,7.127796173095703,0
1762947778.0356526,-35.53246307373047,7.241138458251953,0
1762947778.0356526,-34.352149963378906,6.286842346191406,0
1762947778.0356526,-33.83927536010742,7.252536773681641,0
1762947778.4015512,-32.84346008300781,7.792579650878906,0
1762947778.4015512,-1.3722931146621704,7.7266658544540405,0
1762947778.4015512,-34.48826217651367,8.808025360107422,1
1762947778.4015512,-14.00225830078125,8.671262741088867,1
1762947778.4015512,-31.8365535736084,9.777177810668945,1
1762947778.7949512,-33.63442611694336,5.679073333740234,0
1762947778.796189,-2.3370187282562256,7.59726357460022,0
1762947778.8024523,-32.617713928222656,7.067241668701172,0
1762947778.8034158,-32.88947677612305,7.08013916015625,0
1762947778.8099687,-34.08638000488281,6.582977294921875,0
1762947779.1947865,-32.65157699584961,7.20074462890625,0
1762947779.1947865,-10.991477012634277,10.468998908996582,1
1762947779.2104886,-10.977702140808105,13.564545631408691,1
1762947779.2104886,-10.91632080078125,10.000911712646484,1
1762947779.2104886,-10.84362506866455,15.603581428527832,1
1762947780.5759156,-10.111067771911621,14.51891040802002,1
1762947780.5759156,-5.560495853424072,12.885024547576904,1
1762947780.5759156,-5.709688186645508,11.705883026123047,1
1762947780.5759156,-5.62633752822876,12.18657636642456,1
1762947780.5917273,-5.648286819458008,11.879173278808594,1
1762947780.9383912,-5.7283501625061035,11.970624446868896,1
1762947780.9383912,-9.49567699432373,16.081337928771973,1
1762947780.9383912,-8.91559886932373,12.362811088562012,1
1762947780.9383912,-9.278672218322754,15.318160057067871,1
1762947780.9540284,-8.603373527526855,11.71634578704834,1
1762947781.3227978,-8.516951560974121,11.570958137512207,1
1762947781.3227978,-11.412192344665527,10.923356056213379,1
1762947781.3340557,-10.602745056152344,10.817619323730469,1
1762947781.3340557,-11.265693664550781,10.266578674316406,1
1762947781.3340557,-10.887474060058594,11.478303909301758,1
1762947781.7117321,-10.952895164489746,10.959006309509277,1
1762947781.7117321,-7.097959995269775,10.669122219085693,1
1762947781.7275853,-10.19424057006836,17.310550689697266,1
1762947781.7275853,-6.941884517669678,10.45809030532837,1
1762947781.7348347,-9.849381446838379,17.973254203796387,1
1762947782.0935004,-9.636333465576172,15.601707458496094,1
1762947782.0935004,-10.603068351745605,15.933321952819824,1
1762947782.1096275,-11.619791984558105,14.158936500549316,1
1762947782.1096275,-11.302311897277832,14.964264869689941,1
1762947782.1096275,-12.284988403320312,13.705158233642578,1
1762947782.4902735,-12.555020332336426,14.093207359313965,1
1762947782.5063493,-11.433631896972656,11.174606323242188,1
1762947782.5063493,-11.065410614013672,12.518682479858398,1
1762947782.5063493,-10.4769287109375,12.247026443481445,1
1762947782.5063493,-10.098711967468262,12.1356840133667,1
1762947782.9030168,-9.602791786193848,12.419215202331543,1
1762947782.9030168,-9.496634483337402,13.266278266906738,1
1762947782.9190853,-9.705498695373535,10.165558815002441,1
1762947782.9190853,-9.754908561706543,14.468653678894043,1
1762947782.9190853,-9.713385581970215,10.270363807678223,1
1762947783.2987366,-9.616405487060547,10.000511169433594,1
1762947783.2987366,-7.134830951690674,11.573407649993896,1
1762947783.3145778,-6.676345348358154,11.59662675857544,1
1762947783.3145778,-7.112800598144531,12.162591934204102,1
1762947783.3188832,-6.861660003662109,12.251731872558594,1
1762947783.708735,-7.034759521484375,11.980358123779297,1
1762947783.7093506,-7.999146938323975,12.39976167678833,1
1762947783.7163045,-8.535927772521973,13.605574607849121,1
1762947783.716838,-8.03159236907959,11.901394844055176,1
1762947783.7232625,-8.649104118347168,12.134085655212402,1
1762947784.0944707,-8.505776405334473,12.396624565124512,1
1762947784.0944707,-8.6552734375,12.402748107910156,1
1762947784.0944707,-7.560733795166016,10.644458770751953,1
1762947784.0944707,-8.911656379699707,11.509716987609863,1
1762947784.1106,-7.751358509063721,10.576777935028076,1
1762947784.4850814,-7.528871059417725,10.26405382156372,1
1762947784.4850814,-12.047035217285156,13.594284057617188,1
1762947784.4930904,-10.210036277770996,12.086804389953613,1
1762947784.4930904,-12.460022926330566,15.193404197692871,1
1762947784.4930904,-10.664080619812012,12.48502254486084,1
1762947784.890054,-10.92680835723877,12.88855266571045,1
1762947784.890054,-10.806190490722656,15.847084045410156,1
1762947784.890054,-11.733792304992676,14.782271385192871,1
1762947784.890054,-11.329554557800293,17.105679512023926,1
1762947784.890054,-11.57262134552002,14.387578010559082,1
1762947785.2731442,-11.00214672088623,12.64918041229248,1
1762947785.2731442,-8.481352806091309,12.658293724060059,1
1762947785.2892537,-8.048694610595703,11.082221984863281,1
1762947785.2892537,-8.894637107849121,13.885817527770996,1
1762947785.2892537,-7.97876501083374,10.815296649932861,1
1762947785.6779265,-8.366379737854004,11.495427131652832,1
1762947785.6779265,-9.632831573486328,13.480554580688477,1
1762947785.6867442,-9.993939399719238,15.833882331848145,1
1762947785.6867442,-9.868062019348145,13.889397621154785,1
1762947785.694866,-10.102524757385254,14.242369651794434,1
1762947786.084284,-9.801355361938477,14.161489486694336,1
1762947786.084284,-12.433318138122559,13.484145164489746,1
1762947786.100276,-10.848098754882812,11.417011260986328,1
1762947786.100276,-12.082158088684082,13.410273551940918,1
1762947786.100276,-11.291491508483887,11.59310245513916,1
1762947786.4795887,-11.2570219039917,11.421141624450684,1
1762947786.4795887,-8.829947471618652,11.906954765319824,1
1762947786.49571,-9.676487922668457,12.9479398727417,1
1762947786.49571,-8.534781455993652,11.142634391784668,1
1762947786.49571,-9.922158241271973,12.228102684020996,1
1762947786.878333,-9.801602363586426,11.959614753723145,1
1762947786.878333,-10.242764472961426,14.855549812316895,1
1762947786.894458,-10.86218547821045,11.473341941833496,1
1762947786.894458,-10.57745361328125,17.42825698852539,1
1762947786.894458,-10.65896987915039,11.267486572265625,1
1762947787.279946,-10.84337329864502,10.3997220993042,1
1762947787.279946,-10.084721565246582,14.301541328430176,1
1762947787.2960546,-9.825515747070312,14.838582992553711,1
1762947787.2960546,-9.80743408203125,13.656574249267578,1
1762947787.2960546,-10.181794166564941,14.035365104675293,1
1762947787.6630971,-9.924773216247559,14.695420265197754,1
1762947787.6630971,-8.635971069335938,11.434152603149414,1
1762947787.6630971,-8.658087730407715,11.681233406066895,1
1762947787.6630971,-8.644988059997559,10.969130516052246,1
1762947787.6792135,-8.762354850769043,11.3860445022583,1
1762947788.0448365,-8.624748229980469,11.234542846679688,1
1762947788.0448365,-10.37714672088623,12.3597993850708,1
1762947788.0608275,-9.820308685302734,11.249626159667969,1
1762947788.0608275,-10.641684532165527,12.201783180236816,1
1762947788.0608275,-10.039362907409668,11.493573188781738,1
1762947788.437707,-10.126982688903809,11.259781837463379,1
1762947788.441396,-11.237762451171875,15.946382522583008,1
1762947788.441396,-9.801677703857422,13.16480827331543,1
1762947788.441396,-11.306854248046875,16.37090492248535,1
1762947788.441396,-9.921965599060059,13.725981712341309,1
1762947788.8381407,-9.727801322937012,13.971720695495605,1
1762947788.8381407,-8.526941299438477,13.575132369995117,1
1762947788.8526726,-9.116584777832031,15.815877914428711,1
1762947788.8526726,-8.417439460754395,14.511187553405762,1
1762947788.8526726,-9.296285629272461,15.871986389160156,1
1762947789.2516205,-9.302005767822266,14.430347442626953,1
1762947789.2516205,-11.542327880859375,12.719791412353516,1
1762947789.2516205,-11.543940544128418,10.7570219039917,1
1762947789.2516205,-11.550045013427734,11.733787536621094,1
1762947789.2677393,-11.655723571777344,10.79035758972168,1
1762947789.6484325,-11.508506774902344,11.012693405151367,1
1762947789.6484325,-11.576151847839355,12.996062278747559,1
1762947789.6644514,-11.045814514160156,12.266958236694336,1
1762947789.6644514,-11.352683067321777,13.300030708312988,1
1762947789.6644514,-10.948287963867188,12.651081085205078,1
1762947790.062183,-10.853011131286621,12.897109031677246,1
1762947790.062183,-11.612330436706543,13.49156665802002,1
1762947790.062183,-11.5631685256958,13.213467597961426,1
1762947790.062183,-11.717788696289062,13.577630996704102,1
1762947790.062183,-11.370972633361816,13.325287818908691,1
1762947790.45757,-11.595568656921387,12.893380165100098,1
1762947790.45757,-12.367820739746094,13.992156982421875,1
1762947790.4734335,-10.684127807617188,11.636037826538086,1
1762947790.4734335,-12.070820808410645,14.796015739440918,1
1762947790.4734335,-10.402437210083008,12.061315536499023,1
1762947790.8565257,-10.469613075256348,11.456795692443848,1
1762947790.8565257,-10.423666954040527,14.575194358825684,1
1762947790.8725798,-10.285889625549316,13.226130485534668,1
1762947790.8725798,-10.34045124053955,14.627345085144043,1
1762947790.8725798,-10.379013061523438,13.185264587402344,1
1762947791.2680206,-10.229385375976562,12.978899002075195,1
1762947791.2680206,-10.64295482635498,12.091691017150879,1
1762947791.2680206,-11.182087898254395,11.94172191619873,1
1762947791.2680206,-10.70862102508545,12.45405101776123,1
1762947791.2841141,-11.656173706054688,12.61036491394043,1
1762947791.6520824,-11.479071617126465,12.60346508026123,1
1762947791.6520824,-11.930302619934082,15.442523002624512,1
1762947791.6520824,-9.765998840332031,10.41435432434082,1
1762947791.6520824,-11.797181129455566,16.50791645050049,1
1762947791.6652577,-9.428845405578613,11.135418891906738,1
1762947792.0466404,-8.903436660766602,10.652898788452148,1
1762947792.0466404,-8.352850914001465,16.570094108581543,1
1762947792.062399,-8.146435737609863,10.97921085357666,1
1762947792.062399,-8.401888847351074,17.485316276550293,1
1762947792.062399,-8.040168762207031,10.885417938232422,1
1762947792.445097,-7.872090816497803,11.481997013092041,1
1762947792.445097,-6.408030033111572,14.550034999847412,1
1762947792.4608479,-5.867134094238281,11.072568893432617,1
1762947792.4608479,-6.567695140838623,15.299984455108643,1
1762947792.4608479,-5.781580448150635,11.049672603607178,1
1762947792.8406675,-5.8399834632873535,11.076659679412842,1
1762947792.8406675,-5.9603400230407715,11.113817691802979,1
1762947792.8423853,-10.567138671875,15.450990676879883,1
1762947792.8423853,-5.792840957641602,10.748210906982422,1
1762947792.8423853,-10.175213813781738,14.741490364074707,1
1762947793.221341,-10.261631965637207,13.701708793640137,1
1762947793.221341,-8.38923168182373,19.512269020080566,1
1762947793.2370932,-6.982133388519287,13.105860233306885,1
1762947793.2370932,-8.355380058288574,19.48410129547119,1
1762947793.2407734,-6.956935882568359,13.520639419555664,1
1762947793.6436388,-6.990972518920898,13.95458984375,1
1762947793.6436388,-6.772881984710693,13.906908512115479,1
1762947793.6492574,-7.8555474281311035,10.862464427947998,1
1762947793.6492574,-6.9462761878967285,13.469563961029053,1
1762947793.6588502,-7.8100905418396,10.995163440704346,1
1762947794.026754,-7.9826788902282715,11.41493272781372,1
1762947794.026754,-6.812864780426025,14.94394063949585,1
1762947794.0442698,-8.678303718566895,12.957653999328613,1
1762947794.0442698,-6.917883396148682,14.290408611297607,1
1762947794.0442698,-8.665482521057129,12.53515338897705,1
1762947794.4231095,-8.803833961486816,13.165783882141113,1
1762947794.4231095,-6.900815486907959,11.82270097732544,1
1762947794.4407566,-8.094037055969238,11.04444408416748,1
1762947794.4412637,-6.64303731918335,11.088072299957275,1
1762947794.4417722,-8.08102035522461,10.662361145019531,1
1762947794.8196769,-7.940162658691406,10.822843551635742,1
1762947794.8196769,-6.22482442855835,11.71123743057251,1
1762947794.8196769,-7.519928455352783,10.535640239715576,1
1762947794.8196769,-6.565349578857422,12.395332336425781,1
1762947794.8356001,-7.875040531158447,11.333667278289795,1
1762947795.2163186,-8.042588233947754,10.231579780578613,1
1762947795.2163186,-6.841746807098389,12.134872913360596,1
1762947795.232355,-6.70928430557251,11.937421321868896,1
1762947795.232355,-6.791162967681885,11.86146879196167,1
1762947795.2422576,-6.750438213348389,12.846310138702393,1
1762947795.6318493,-6.743672847747803,12.101589679718018,1
1762947795.6318493,-7.343236446380615,16.311991214752197,1
1762947795.64259,-7.886526107788086,15.44886589050293,1
1762947795.64259,-7.111090183258057,17.410111904144287,1
1762947795.6455808,-7.84484338760376,15.623328685760498,1
1762947796.0783267,-7.81177282333374,14.592560291290283,1
1762947796.078832,-8.375448226928711,14.474496841430664,1
1762947796.085521,-8.4083833694458,12.945761680603027,1
1762947796.0862467,-8.619694709777832,13.998307228088379,1
1762947796.0926855,-8.791092872619629,12.746893882751465,1
1762947796.471474,-8.764845848083496,12.961853981018066,1
1762947796.471474,-17.70981788635254,12.032730102539062,1
1762947796.471474,-7.014322757720947,14.250585079193115,1
1762947796.471474,-5.9474310874938965,10.46471643447876,1
1762947796.487456,-6.966928005218506,14.032976627349854,1
1762947796.903038,-7.1034836769104,14.656772136688232,1
1762947796.903038,-6.131205081939697,10.821704387664795,1
1762947796.903038,-6.673707962036133,11.198871612548828,1
1762947796.903038,-6.075705051422119,11.550841808319092,1
1762947796.9161825,-6.838367462158203,11.185007095336914,1
1762947797.297461,-6.912896633148193,11.300188541412354,1
1762947797.297461,-7.40803861618042,17.05521821975708,1
1762947797.3132563,-6.955812931060791,15.79612112045288,1
1762947797.3132563,-7.594585418701172,16.57007598876953,1
1762947797.3132563,-7.43248987197876,16.708280086517334,1
1762947797.711414,-7.325981140136719,16.174776077270508,1
1762947797.711414,-8.77085018157959,17.860915184020996,1
1762947797.711414,-8.208465576171875,12.491622924804688,1
1762947797.711414,-8.662535667419434,17.336825370788574,1
1762947797.7273393,-8.17155933380127,12.640158653259277,1
1762947798.108216,-8.2775297164917,12.15982723236084,1
1762947798.108216,-7.399046421051025,15.969279766082764,1
1762947798.1243253,-6.353427886962891,10.928834915161133,1
1762947798.1243253,-7.241049289703369,15.299638271331787,1
1762947798.1243253,-6.33788537979126,10.80014181137085,1
1762947798.5244777,-6.335301876068115,11.006065845489502,1
1762947798.5251808,-7.042245864868164,13.857217788696289,1
1762947798.5305986,-8.13292407989502,15.922423362731934,1
1762947798.5319028,-7.286805629730225,15.313103199005127,1
1762947798.5386286,-8.342353820800781,16.35186195373535,1
1762947798.9316587,-8.51570987701416,16.762070655822754,1
1762947798.9316587,-8.230871200561523,10.961984634399414,1
1762947798.9316587,-8.52381706237793,11.529754638671875,1
1762947798.9316587,-8.2483491897583,10.801474571228027,1
1762947798.9435315,-8.5917387008667,11.844197273254395,1
1762947799.3447914,-8.776859283447266,11.206016540527344,1
1762947799.3447914,-9.716129302978516,14.833873748779297,1
1762947799.3447914,-10.358802795410156,11.836027145385742,1
1762947799.3447914,-10.074711799621582,15.046408653259277,1
1762947799.360495,-10.566654205322266,11.576587677001953,1
1762947799.756004,-10.832206726074219,11.98448371887207,1
1762947799.756004,-31.9708194732666,6.33546257019043,0
1762947799.756004,-30.741844177246094,7.482662200927734,0
1762947799.756004,-33.28999710083008,7.424861907958984,0
1762947799.7719917,-29.909147262573242,7.227880477905273,0
1762947800.1680596,-35.23439025878906,7.166973114013672,0
1762947800.1680596,-32.85185241699219,6.534191131591797,0
1762947800.1724439,-32.862789154052734,8.018630981445312,0
1762947800.1724439,-32.620845794677734,7.8176422119140625,0
1762947800.1841786,-33.20841979980469,6.807125091552734,0
1762947800.583662,-34.838375091552734,7.29888916015625,0
1762947800.583662,-34.21864700317383,8.122394561767578,1
1762947800.583662,-33.3193473815918,8.217029571533203,1
1762947800.583662,-34.974056243896484,7.4041900634765625,0
1762947800.599475,-33.9189338684082,6.827049255371094,0
1762947801.0367951,-34.942604064941406,8.544105529785156,1
1762947801.0443563,-32.479248046875,7.186500549316406,0
1762947801.045362,-33.99274826049805,7.265537261962891,0
1762947801.045362,-33.53596496582031,7.202537536621094,0
1762947801.045362,-33.38435363769531,7.849765777587891,0
1762947801.4581344,-31.664382934570312,6.293537139892578,0
1762947801.4581344,-33.083927154541016,6.474811553955078,0
1762947801.4581344,-34.5870246887207,7.894100189208984,0
1762947801.4581344,-33.10589599609375,6.360343933105469,0
1762947801.4745312,-33.43110656738281,8.029727935791016,0
1762947801.9041526,-35.15201950073242,6.3133697509765625,0
1762947801.9041526,-32.22936248779297,8.259536743164062,1
1762947801.9041526,-33.71873092651367,7.664886474609375,0
1762947801.920118,-33.23899841308594,7.217823028564453,0
1762947801.920118,-33.933509826660156,7.989330291748047,0
1762947802.3491697,-33.5350341796875,6.715251922607422,0
1762947802.3491697,-32.119998931884766,9.857154846191406,1
1762947802.3491697,-34.85404586791992,9.9627685546875,1
1762947802.3491697,-33.13890075683594,7.301414489746094,0
1762947802.3491697,-33.39209747314453,7.885711669921875,0
1762947802.763644,-35.26139450073242,7.8014373779296875,0
1762947802.763644,-32.77110290527344,7.233436584472656,0
1762947802.763644,-34.24037170410156,7.175514221191406,0
1762947802.763644,-34.62510299682617,9.185867309570312,1
1762947802.7793114,-33.63961410522461,7.149753570556641,0
1762947803.1754215,-32.9718132019043,6.585636138916016,0
1762947803.1754215,-33.056758880615234,6.3426971435546875,0
1762947803.1754215,-33.60611343383789,6.805503845214844,0
1762947803.1754215,-35.05587387084961,8.095081329345703,0
1762947803.1912477,-32.013885498046875,7.709896087646484,0
1762947803.616252,-34.829097747802734,7.425243377685547,0
1762947803.616252,-33.23093032836914,6.755802154541016,0
1762947803.616252,-32.344844818115234,8.685527801513672,1
1762947803.616252,-31.871335983276367,7.615694046020508,0
1762947803.632381,-33.03712463378906,7.42620849609375,0
1762947804.0476296,-35.047122955322266,7.6423492431640625,0
1762947804.0476296,-33.16312026977539,6.212810516357422,0
1762947804.0476296,-34.67573165893555,6.502372741699219,0
1762947804.0476296,-34.2858772277832,7.7433319091796875,0
1762947804.0622194,-34.42197799682617,7.149070739746094,0
1762947804.4606254,-32.77168273925781,5.543277740478516,0
1762947804.4606254,-34.17091369628906,7.9466552734375,0
1762947804.4606254,-32.24518966674805,7.339668273925781,0
1762947804.4606254,-33.45443344116211,7.450763702392578,0
1762947804.4767497,-34.97962951660156,9.11090087890625,1
