Timestamp,Mean_PSD_dB,SNR_dB,PU_Present
1762947853.3139055,-30.21277618408203,8.259658813476562,1
1762947853.3149052,-32.328651428222656,7.4007720947265625,0
1762947853.3159063,-5.081940174102783,7.769962787628174,0
1762947853.3229067,-20.108301162719727,8.440534591674805,1
1762947853.3229067,-23.957481384277344,8.910636901855469,1
1762947853.3299055,-32.96635055541992,7.896507263183594,0
1762947853.3369057,-34.550716400146484,7.085124969482422,0
1762947853.3539052,-33.900089263916016,7.3499298095703125,0
1762947853.3861225,-6.949352264404297,12.67017936706543,1
1762947853.419463,-34.00535202026367,7.717441558837891,0
1762947853.4514163,-33.699981689453125,6.855979919433594,0
1762947853.483533,-35.16267776489258,6.516853332519531,0
1762947853.5150454,-33.95011520385742,7.472755432128906,0
1762947853.5469189,-34.6072883605957,7.553371429443359,0
1762947853.5782413,-34.69504165649414,7.18719482421875,0
1762947853.6107442,-34.80515670776367,8.279766082763672,1
1762947853.6427543,-35.787689208984375,8.198970794677734,1
1762947853.675406,-13.0377836227417,8.045479774475098,0
1762947853.7066185,-14.92756175994873,12.480208396911621,1
1762947853.7391183,-14.703375816345215,11.721121788024902,1
1762947853.7705233,-14.97479248046875,11.94923210144043,1
1762947853.8020084,-14.709785461425781,11.212484359741211,1
1762947853.8227584,-14.684117317199707,12.83360767364502,1
1762947853.8539784,-15.03161334991455,14.040711402893066,1
1762947853.8855505,-14.549967765808105,12.164586067199707,1
1762947853.917438,-14.509781837463379,11.76232624053955,1
1762947853.9642413,-14.467643737792969,12.042905807495117,1
1762947853.9943492,-14.283920288085938,12.257965087890625,1
1762947854.025538,-14.248663902282715,12.210551261901855,1
1762947854.0584152,-14.06457233428955,11.640799522399902,1
1762947854.0903983,-13.8650484085083,11.999234199523926,1
1762947854.1224194,-13.920166015625,11.58940315246582,1
1762947854.154244,-13.498878479003906,11.007871627807617,1
1762947854.185804,-13.67117691040039,12.999929428100586,1
1762947854.2174232,-13.841464042663574,11.772557258605957,1
1762947854.2489977,-13.532661437988281,12.049543380737305,1
1762947854.2805605,-13.269740104675293,10.82396411895752,1
1762947854.3123615,-13.650538444519043,10.745795249938965,1
1762947854.3438973,-13.568547248840332,10.864665031433105,1
1762947854.3755932,-13.378064155578613,11.978549003601074,1
1762947854.4072192,-13.458529472351074,11.420504570007324,1
1762947854.4388957,-12.98087215423584,11.460835456848145,1
1762947854.4706712,-12.812664031982422,10.738554000854492,1
1762947854.5053797,-12.981127738952637,11.70312786102295,1
1762947854.534422,-12.967249870300293,11.899744987487793,1
1762947854.5664608,-12.93920612335205,11.27458667755127,1
1762947854.5983825,-13.109684944152832,11.58889102935791,1
1762947854.6298394,-12.44817066192627,10.981097221374512,1
1762947854.662476,-12.438705444335938,11.003376007080078,1
1762947854.6936555,-12.107826232910156,10.932966232299805,1
1762947854.7257385,-12.289544105529785,11.07785701751709,1
1762947854.757412,-12.398239135742188,11.300260543823242,1
1762947854.7893672,-12.788081169128418,10.184863090515137,1
1762947854.821511,-13.095661163330078,10.927927017211914,1
1762947854.8535233,-13.331849098205566,10.371146202087402,1
1762947854.8868175,-12.999138832092285,11.421935081481934,1
1762947854.916919,-13.354110717773438,10.523927688598633,1
1762947854.94871,-12.53735637664795,11.133940696716309,1
1762947854.9806957,-12.465030670166016,10.626953125,1
1762947855.0127184,-11.5458984375,9.551815032958984,1
1762947855.0442774,-11.18472671508789,9.852853775024414,1
1762947855.0762713,-11.737860679626465,11.01696491241455,1
1762947855.1078417,-11.947527885437012,10.189173698425293,1
1762947855.1395445,-11.763184547424316,9.75066089630127,1
1762947855.1713076,-12.081352233886719,11.478010177612305,1
1762947855.2061396,-12.225045204162598,10.420327186584473,1
1762947855.2349997,-12.214449882507324,10.445218086242676,1
1762947855.2672694,-12.766475677490234,11.462491989135742,1
1762947855.3060553,-12.721588134765625,11.42622184753418,1
1762947855.331359,-12.953269958496094,11.579612731933594,1
1762947855.3634353,-13.429718017578125,11.37938117980957,1
1762947855.3951561,-13.18742847442627,11.487122535705566,1
1762947855.4271202,-13.769118309020996,11.483487129211426,1
1762947855.45883,-13.617192268371582,11.631505012512207,1
1762947855.490863,-13.937187194824219,11.84438705444336,1
1762947855.521432,-13.806167602539062,10.95903205871582,1
1762947855.5534272,-13.979779243469238,10.993618965148926,1
1762947855.5848699,-13.75463581085205,11.70419979095459,1
1762947855.6163998,-13.263121604919434,10.802247047424316,1
1762947855.6481092,-13.30826187133789,11.730695724487305,1
1762947855.6875882,-13.003270149230957,11.679465293884277,1
1762947855.7119565,-13.063385009765625,10.316484451293945,1
1762947855.7437863,-12.986039161682129,11.311625480651855,1
1762947855.7753766,-13.056595802307129,12.030959129333496,1
1762947855.8066173,-12.519989967346191,10.902569770812988,1
1762947855.838169,-12.180996894836426,11.326977729797363,1
1762947855.8701155,-12.204643249511719,11.627052307128906,1
1762947855.906616,-11.562466621398926,11.942599296569824,1
1762947855.9338882,-10.994574546813965,10.860075950622559,1
1762947855.965561,-10.9312105178833,12.091423988342285,1
1762947856.0065906,-10.418072700500488,12.321503639221191,1
1762947856.0292966,-10.243853569030762,11.63878345489502,1
1762947856.060729,-9.815041542053223,12.726494789123535,1
1762947856.106502,-9.577320098876953,12.996784210205078,1
1762947856.124182,-9.464987754821777,12.350382804870605,1
1762947856.1560135,-9.283798217773438,12.791126251220703,1
1762947856.1880634,-9.071022033691406,12.353958129882812,1
1762947856.2195027,-8.693976402282715,12.458331108093262,1
1762947856.2515457,-8.897364616394043,12.909979820251465,1
1762947856.283457,-8.520649909973145,12.510472297668457,1
1762947856.315268,-8.876203536987305,12.125717163085938,1
1762947856.3471181,-9.112829208374023,11.691263198852539,1
1762947856.3948298,-9.231545448303223,11.437455177307129,1
1762947856.4265037,-9.517056465148926,12.003888130187988,1
1762947856.4583132,-10.289959907531738,11.8464937210083,1
1762947856.489372,-11.536173820495605,12.008879661560059,1
1762947856.5214806,-12.619110107421875,12.170875549316406,1
1762947856.5525365,-13.779037475585938,13.012395858764648,1
1762947856.5847223,-15.017402648925781,12.211225509643555,1
1762947856.6166277,-15.864331245422363,11.37012004852295,1
1762947856.64849,-16.14287757873535,11.51906967163086,1
1762947856.6803875,-15.735504150390625,11.807254791259766,1
1762947856.7124703,-14.976570129394531,11.961679458618164,1
1762947856.7446942,-13.703845024108887,12.24084758758545,1
1762947856.776427,-12.863932609558105,12.60814380645752,1
1762947856.8084881,-12.368343353271484,12.611759185791016,1
1762947856.8417299,-12.403027534484863,12.8557710647583,1
1762947856.8731413,-11.752423286437988,12.053149223327637,1
1762947856.9051416,-11.372962951660156,12.901548385620117,1
1762947856.9369686,-11.096192359924316,12.855011940002441,1
1762947856.968803,-10.661408424377441,13.108305931091309,1
1762947857.0006478,-10.186328887939453,12.686727523803711,1
1762947857.032515,-9.924273490905762,12.772767066955566,1
1762947857.064351,-10.129292488098145,12.806002616882324,1
1762947857.0962043,-10.653646469116211,13.051265716552734,1
1762947857.1280022,-11.65760326385498,13.777995109558105,1
1762947857.159701,-12.824786186218262,13.9255952835083,1
1762947857.1914916,-14.131660461425781,13.614805221557617,1
1762947857.2236485,-14.740252494812012,13.821335792541504,1
1762947857.2554078,-13.223002433776855,12.19288158416748,1
1762947857.2871587,-12.271538734436035,13.530159950256348,1
1762947857.3187776,-10.986227989196777,13.074797630310059,1
1762947857.350596,-10.272570610046387,13.15710735321045,1
1762947857.3824081,-10.143080711364746,13.683398246765137,1
1762947857.414331,-10.20916748046875,11.931917190551758,1
1762947857.4459429,-10.371696472167969,12.385320663452148,1
1762947857.4773996,-10.718157768249512,12.640803337097168,1
1762947857.5095153,-11.329058647155762,14.301045417785645,1
1762947857.541009,-11.85274887084961,12.907306671142578,1
1762947857.5728397,-12.723490715026855,12.209216117858887,1
1762947857.6086583,-13.331067085266113,12.319392204284668,1
1762947857.6364853,-13.846796989440918,12.634156227111816,1
1762947857.6684628,-14.086323738098145,12.514273643493652,1
1762947857.6998932,-14.071711540222168,10.905993461608887,1
1762947857.7314124,-14.539379119873047,12.300111770629883,1
1762947857.763051,-14.648761749267578,13.948556900024414,1
1762947857.7989004,-14.082576751708984,12.945945739746094,1
1762947857.8287098,-13.757227897644043,11.15601634979248,1
1762947857.858596,-13.512127876281738,11.021645545959473,1
1762947857.8986938,-13.167503356933594,12.409011840820312,1
1762947857.922809,-12.222228050231934,11.01572322845459,1
1762947857.954761,-11.5697021484375,12.270551681518555,1
1762947857.9863229,-11.149322509765625,11.016416549682617,1
1762947858.0183923,-10.771255493164062,12.58555793762207,1
1762947858.0499754,-10.615947723388672,12.26595687866211,1
1762947858.0822065,-10.235419273376465,12.07059383392334,1
1762947858.1137917,-10.263222694396973,12.858136177062988,1
1762947858.145978,-9.95279598236084,12.59020709991455,1
1762947858.177733,-10.03166389465332,11.972917556762695,1
1762947858.2095425,-10.03942584991455,12.457636833190918,1
1762947858.2414122,-10.067553520202637,11.999554634094238,1
1762947858.27333,-9.992053031921387,12.358881950378418,1
1762947858.309768,-10.15592098236084,11.708714485168457,1
1762947858.3370056,-10.067214965820312,11.721170425415039,1
1762947858.3687093,-10.164290428161621,12.348834037780762,1
1762947858.4099274,-10.033160209655762,11.236197471618652,1
1762947858.4325185,-10.269356727600098,12.295212745666504,1
1762947858.4642665,-9.998360633850098,11.721688270568848,1
1762947858.4960773,-10.3433256149292,11.124842643737793,1
1762947858.5278537,-10.21634578704834,12.037764549255371,1
1762947858.5599995,-10.051488876342773,12.008951187133789,1
1762947858.5917432,-10.12939739227295,11.624363899230957,1
1762947858.6233866,-10.142348289489746,11.119610786437988,1
1762947858.6552944,-10.344809532165527,11.734517097473145,1
1762947858.695694,-10.092788696289062,11.043411254882812,1
1762947858.7298427,-9.956974983215332,11.232108116149902,1
1762947858.750722,-10.208861351013184,11.23127269744873,1
1762947858.7823055,-9.984404563903809,11.519597053527832,1
1762947858.8267093,-9.957108497619629,10.949273109436035,1
1762947858.8509216,-9.836991310119629,11.550591468811035,1
1762947858.8761053,-9.94564151763916,10.202153205871582,1
1762947858.9104774,-9.724549293518066,10.969473838806152,1
1762947858.9487052,-9.656098365783691,11.084694862365723,1
1762947858.9717503,-9.76156234741211,11.110797882080078,1
1762947859.0109158,-9.717448234558105,10.805607795715332,1
1762947859.0354207,-9.791010856628418,11.448853492736816,1
1762947859.0830324,-9.68371868133545,11.629910469055176,1
1762947859.1111374,-9.766005516052246,11.577645301818848,1
1762947859.1465633,-9.671086311340332,11.570157051086426,1
1762947859.1782124,-9.862698554992676,11.0745210647583,1
1762947859.2099662,-10.185273170471191,12.011969566345215,1
1762947859.240969,-10.172890663146973,11.848166465759277,1
1762947859.2728975,-10.515238761901855,11.461344718933105,1
1762947859.3043587,-10.840018272399902,11.68428897857666,1
1762947859.3358293,-11.438693046569824,11.020512580871582,1
1762947859.367597,-12.323577880859375,11.153593063354492,1
1762947859.399879,-13.105033874511719,11.657421112060547,1
1762947859.4357107,-13.931060791015625,11.813102722167969,1
1762947859.4644248,-14.448246955871582,10.950573921203613,1
1762947859.4960392,-14.6361722946167,10.908370018005371,1
1762947859.5274282,-14.644669532775879,10.998744010925293,1
1762947859.5590332,-14.296984672546387,11.415053367614746,1
1762947859.5911613,-14.127568244934082,11.547154426574707,1
1762947859.622831,-13.679520606994629,11.067015647888184,1
1762947859.654882,-12.845599174499512,11.291232109069824,1
1762947859.6864834,-12.200650215148926,10.975424766540527,1
1762947859.7187169,-11.47819995880127,11.228119850158691,1
1762947859.7503867,-10.542227745056152,10.583413124084473,1
1762947859.7817957,-10.17862606048584,10.841572761535645,1
1762947859.8136878,-9.817051887512207,11.081656455993652,1
1762947859.845943,-9.630780220031738,10.8969144821167,1
1762947859.8769786,-9.357062339782715,10.562275886535645,1
1762947859.9120593,-9.121487617492676,10.721783638000488,1
1762947859.9466457,-9.189586639404297,10.75973129272461,1
1762947859.978251,-9.327635765075684,10.762707710266113,1
1762947860.0039113,-9.610115051269531,10.282075881958008,1
1762947860.035658,-9.50683307647705,10.626862525939941,1
1762947860.0737455,-10.080259323120117,10.777929306030273,1
1762947860.105397,-9.843369483947754,10.473259925842285,1
1762947860.1313293,-10.061333656311035,10.28751277923584,1
1762947860.1631207,-10.170331001281738,10.282879829406738,1
1762947860.1948426,-10.014394760131836,10.5833740234375,1
1762947860.2267427,-10.20279312133789,11.106016159057617,1
1762947860.2587445,-10.380581855773926,10.022311210632324,1
1762947860.2906258,-10.186583518981934,10.435973167419434,1
1762947860.3222494,-10.347554206848145,9.86588191986084,1
1762947860.3538158,-10.5900239944458,10.48348331451416,1
1762947860.385767,-10.562848091125488,10.378457069396973,1
1762947860.4176447,-10.767616271972656,9.94731330871582,1
1762947860.4495397,-11.108872413635254,10.708287239074707,1
1762947860.4810026,-11.309168815612793,10.671795845031738,1
1762947860.5123181,-11.477337837219238,10.995060920715332,1
1762947860.5123181,-14.821965217590332,12.263875007629395,1
1762947860.5444727,-11.761706352233887,10.89116382598877,1
1762947860.5835714,-11.617554664611816,10.301270484924316,1
1762947860.612643,-11.926334381103516,10.607881546020508,1
1762947860.6397986,-12.040863990783691,10.242703437805176,1
1762947860.6397986,-15.092689514160156,12.850103378295898,1
1762947860.6715264,-11.864876747131348,10.417290687561035,1
1762947860.7125635,-12.161019325256348,10.68889331817627,1
1762947860.7349665,-12.08936595916748,9.941679954528809,1
1762947860.7665446,-12.273151397705078,10.278074264526367,1
1762947860.7665446,-15.157188415527344,12.450338363647461,1
1762947860.7987232,-12.205467224121094,10.524532318115234,1
1762947860.8303506,-12.192477226257324,10.143145561218262,1
1762947860.8635979,-12.48999309539795,10.307475090026855,1
1762947860.8935547,-12.175078392028809,10.495089530944824,1
1762947860.9250581,-12.23003101348877,10.053204536437988,1
1762947860.9569147,-12.241915702819824,10.305628776550293,1
1762947860.988974,-12.383503913879395,10.334794044494629,1
1762947861.036401,-12.298548698425293,10.117478370666504,1
1762947861.0557368,-12.327593803405762,10.614640235900879,1
1762947861.0557368,-14.757315635681152,11.864256858825684,1
1762947861.0843997,-12.386555671691895,10.679011344909668,1
1762947861.1179876,-12.139251708984375,9.996530532836914,1
1762947861.1634355,-12.104022026062012,10.489930152893066,1
1762947861.1796205,-12.21264362335205,10.190203666687012,1
1762947861.1796205,-14.178853034973145,11.475665092468262,1
1762947861.2128491,-11.844321250915527,10.48160457611084,1
1762947861.258776,-12.036749839782715,10.948365211486816,1
1762947861.2918189,-11.671406745910645,10.830521583557129,1
1762947861.3215628,-11.689727783203125,10.37657356262207,1
1762947861.3230333,-13.902478218078613,12.108386039733887,1
1762947861.3537595,-11.743412971496582,10.105738639831543,1
1762947861.3869545,-11.768540382385254,10.157238960266113,1
1762947861.423314,-11.790019035339355,10.879698753356934,1
1762947861.4496377,-11.774052619934082,10.448088645935059,1
1762947861.4496377,-13.492317199707031,11.298276901245117,1
1762947861.4815025,-11.713034629821777,10.767041206359863,1
1762947861.5131702,-12.032862663269043,11.409821510314941,1
1762947861.5449975,-11.828217506408691,10.592097282409668,1
1762947861.5768654,-11.974154472351074,10.629542350769043,1
1762947861.5768654,-14.117881774902344,13.075632095336914,1
1762947861.6087863,-12.161125183105469,10.906759262084961,1
1762947861.640679,-12.134526252746582,10.466034889221191,1
1762947861.6723087,-11.847764015197754,9.708048820495605,1
1762947861.7063236,-11.941336631774902,10.908492088317871,1
1762947861.7063236,-13.217249870300293,11.5950345993042,1
1762947861.7358086,-12.058344841003418,10.60010814666748,1
1762947861.7676702,-12.078225135803223,10.867383003234863,1
1762947861.7995667,-12.126243591308594,10.795495986938477,1
1762947861.8312113,-12.146868705749512,10.835209846496582,1
1762947861.8312113,-13.337608337402344,10.80943489074707,1
1762947861.8630095,-11.736686706542969,11.112014770507812,1
1762947861.8945954,-12.024642944335938,10.603767395019531,1
1762947861.9260585,-11.997574806213379,11.687518119812012,1
1762947861.9579816,-12.138117790222168,11.1513032913208,1
1762947861.9579816,-13.012260437011719,11.471942901611328,1
1762947861.9900782,-12.0454740524292,11.804184913635254,1
1762947862.0216372,-12.17248821258545,11.178162574768066,1
1762947862.06405,-12.26566219329834,11.922591209411621,1
1762947862.085228,-12.076698303222656,11.004091262817383,1
1762947862.085228,-12.890889167785645,11.06309986114502,1
1762947862.1168084,-11.950420379638672,12.035978317260742,1
1762947862.1486032,-11.79839038848877,12.0899019241333,1
1762947862.1806097,-11.784106254577637,11.434378623962402,1
1762947862.214155,-12.166224479675293,11.674670219421387,1
1762947862.214155,-12.925623893737793,11.285401344299316,1
1762947862.2444289,-12.325034141540527,12.036677360534668,1
1762947862.2763262,-13.193511962890625,12.968595504760742,1
1762947862.3141646,-13.602770805358887,12.57280445098877,1
1762947862.3399613,-13.542284965515137,11.907525062561035,1
1762947862.3399613,-14.314562797546387,11.55467700958252,1
1762947862.3718674,-14.190596580505371,11.685566902160645,1
1762947862.4036872,-14.71994400024414,12.443954467773438,1
1762947862.4511237,-15.0687837600708,12.598952293395996,1
1762947862.467162,-15.518502235412598,11.351073265075684,1
1762947862.467162,-15.81677532196045,10.535819053649902,1
1762947862.4992285,-15.718377113342285,12.712834358215332,1
1762947862.5311372,-15.691227912902832,11.30239200592041,1
1762947862.5630507,-15.876579284667969,12.098098754882812,1
1762947862.5947835,-15.364006042480469,12.308586120605469,1
1762947862.5947835,-15.362018585205078,11.38125228881836,1
1762947862.6291785,-14.744986534118652,11.356406211853027,1
1762947862.6652749,-13.837170600891113,11.945414543151855,1
1762947862.7063563,-13.327651023864746,12.151129722595215,1
1762947862.7221897,-13.373322486877441,13.649687767028809,1
1762947862.7221897,-13.008973121643066,11.161660194396973,1
1762947862.7543244,-13.339012145996094,13.066366195678711,1
1762947862.7946522,-12.580052375793457,11.510514259338379,1
1762947862.8380556,-12.085514068603516,11.624483108520508,1
1762947862.8502803,-11.896446228027344,12.036661148071289,1
1762947862.8502803,-11.80224323272705,10.887896537780762,1
1762947862.881135,-11.705852508544922,11.82963752746582,1
1762947862.9145489,-11.467633247375488,12.311564445495605,1
1762947862.9769127,-11.639302253723145,12.687321662902832,1
1762947862.9769127,-11.252781867980957,11.76699161529541,1
1762947862.9769127,-11.385787963867188,12.064403533935547,1
1762947863.0149639,-10.90570068359375,11.959360122680664,1
1762947863.0408764,-10.979031562805176,12.034186363220215,1
1762947863.0889657,-10.588172912597656,12.542036056518555,1
1762947863.1049833,-10.649487495422363,12.365477561950684,1
1762947863.1150854,-10.67577075958252,12.360980033874512,1
1762947863.1364439,-10.797625541687012,12.266724586486816,1
1762947863.1684675,-10.409915924072266,13.375333786010742,1
1762947863.216338,-10.274931907653809,11.60990047454834,1
1762947863.2324154,-10.223472595214844,12.399940490722656,1
1762947863.2324154,-10.14006519317627,12.356547355651855,1
1762947863.2643101,-9.801198959350586,11.965921401977539,1
1762947863.297994,-10.181323051452637,12.715603828430176,1
1762947863.3436954,-10.089926719665527,13.341294288635254,1
1762947863.3595243,-9.931832313537598,12.410073280334473,1
1762947863.3595243,-9.95868968963623,12.600394248962402,1
1762947863.391214,-9.985457420349121,13.1216459274292,1
1762947863.4231741,-9.643027305603027,13.824942588806152,1
1762947863.4708035,-9.791313171386719,13.043817520141602,1
1762947863.4867423,-9.75806713104248,13.02059268951416,1
1762947863.4867423,-9.751370429992676,12.8825044631958,1
1762947863.5186827,-9.58074951171875,12.700826644897461,1
1762947863.5503585,-9.60421085357666,12.733616828918457,1
1762947863.6051915,-9.529025077819824,13.74807071685791,1
1762947863.6156387,-9.251524925231934,13.2855863571167,1
1762947863.6156387,-9.526601791381836,11.982812881469727,1
1762947863.6452448,-9.14301872253418,12.930303573608398,1
1762947863.6907902,-8.995211601257324,13.265666007995605,1
1762947863.7422333,-8.842738151550293,13.35681438446045,1
1762947863.7502003,-8.991765022277832,12.771496772766113,1
1762947863.7502003,-9.210644721984863,13.432478904724121,1
1762947863.787515,-8.714310646057129,12.601031303405762,1
1762947863.8194227,-8.557373046875,13.533435821533203,1
1762947863.8594224,-8.796256065368652,13.76615047454834,1
1762947863.867096,-8.7015962600708,13.372748374938965,1
1762947863.8830314,-9.16768741607666,13.48131275177002,1
1762947863.8991268,-8.575703620910645,12.038399696350098,1
1762947863.9467995,-8.807808876037598,13.351948738098145,1
1762947863.994199,-8.857474327087402,13.986678123474121,1
1762947864.0103838,-8.86005687713623,12.792798042297363,1
1762947864.0103838,-9.867339134216309,13.353991508483887,1
1762947864.0424886,-9.193102836608887,12.275864601135254,1
1762947864.0747316,-9.69262409210205,12.433905601501465,1
1762947864.1164918,-10.566040992736816,12.358712196350098,1
1762947864.1374848,-10.98138427734375,12.98973274230957,1
1762947864.1374848,-12.157279014587402,12.570710182189941,1
1762947864.1691983,-11.631831169128418,12.034113883972168,1
1762947864.2014463,-12.123881340026855,13.797009468078613,1
1762947864.2482219,-13.035685539245605,12.786665916442871,1
1762947864.2655947,-14.177757263183594,13.29058837890625,1
1762947864.2655947,-15.418665885925293,12.749823570251465,1
1762947864.2952287,-14.396794319152832,12.944293022155762,1
1762947864.3269992,-14.936993598937988,11.82117748260498,1
1762947864.3813064,-14.279805183410645,12.34264850616455,1
1762947864.3898654,-13.44833755493164,12.425512313842773,1
1762947864.3898654,-14.087111473083496,11.856905937194824,1
1762947864.4216177,-12.89526081085205,11.8624849319458,1
1762947864.4534564,-12.0303316116333,11.105341911315918,1
1762947864.5012245,-11.577621459960938,12.155447006225586,1
1762947864.516963,-11.301521301269531,11.822149276733398,1
1762947864.516963,-12.070114135742188,14.057306289672852,1
1762947864.5489707,-10.872573852539062,12.018529891967773,1
1762947864.5854464,-10.446555137634277,11.755955696105957,1
1762947864.6284997,-10.602991104125977,11.994447708129883,1
1762947864.6441762,-10.715534210205078,12.258485794067383,1
1762947864.6441762,-11.8049955368042,12.652741432189941,1
1762947864.6761966,-10.91411304473877,12.170798301696777,1
1762947864.708099,-11.885499000549316,12.563841819763184,1
1762947864.756456,-11.931663513183594,11.527294158935547,1
1762947864.7724168,-13.160687446594238,12.540907859802246,1
1762947864.7724168,-14.172322273254395,11.646580696105957,1
1762947864.804779,-14.28553295135498,13.372117042541504,1
1762947864.83642,-16.188026428222656,11.365377426147461,1
1762947864.8837945,-19.958837509155273,11.268138885498047,1
1762947864.899883,-24.265762329101562,12.575637817382812,1
1762947864.899883,-24.66318702697754,11.546010971069336,1
1762947864.9317706,-19.550851821899414,11.892463684082031,1
1762947864.9638698,-15.483855247497559,12.085251808166504,1
1762947865.018187,-11.774742126464844,13.143922805786133,1
1762947865.0278707,-10.18278980255127,12.67514705657959,1
1762947865.0278707,-11.106478691101074,13.278286933898926,1
1762947865.0595176,-10.095386505126953,11.98965072631836,1
1762947865.0912821,-11.091931343078613,10.88561725616455,1
1762947865.1383533,-12.738349914550781,11.923564910888672,1
1762947865.1544945,-15.127833366394043,12.10732364654541,1
1762947865.1544945,-16.636899948120117,12.457902908325195,1
1762947865.1861746,-16.115110397338867,12.149747848510742,1
1762947865.2188053,-15.038304328918457,12.255127906799316,1
1762947865.2819362,-12.754463195800781,13.009820938110352,1
1762947865.2819362,-11.442001342773438,11.33607292175293,1
1762947865.2819362,-11.666462898254395,11.489758491516113,1
1762947865.3189096,-9.915385246276855,11.717179298400879,1
1762947865.3455791,-9.165931701660156,11.68914794921875,1
1762947865.3931217,-8.735881805419922,12.399757385253906,1
1762947865.4088726,-8.407618522644043,11.978978157043457,1
1762947865.4088726,-9.060127258300781,11.320451736450195,1
1762947865.4407778,-8.27806568145752,12.34001636505127,1
1762947865.4728935,-8.519360542297363,11.282214164733887,1
1762947865.5208151,-8.656811714172363,12.10659122467041,1
1762947865.536914,-8.597225189208984,12.330150604248047,1
1762947865.536914,-9.251608848571777,10.626769065856934,1
1762947865.5688088,-8.727431297302246,12.197182655334473,1
1762947865.6005132,-8.667180061340332,11.313193321228027,1
1762947865.6640255,-8.733778953552246,12.03756046295166,1
1762947865.6640255,-8.66226577758789,11.013259887695312,1
1762947865.6640255,-9.099268913269043,11.002053260803223,1
1762947865.6957326,-8.748557090759277,11.17353343963623,1
1762947865.7269564,-8.826461791992188,10.800296783447266,1
1762947865.7905538,-8.838604927062988,11.112711906433105,1
1762947865.7905538,-9.196772575378418,11.377032279968262,1
1762947865.7905538,-9.647273063659668,9.97614574432373,1
1762947865.8223147,-9.50326919555664,10.861194610595703,1
1762947865.85494,-9.650368690490723,11.00107479095459,1
1762947865.92008,-9.8046293258667,11.312546730041504,1
1762947865.92008,-9.638258934020996,10.64848804473877,1
1762947865.92008,-10.449130058288574,9.938765525817871,1
1762947865.9492912,-9.484347343444824,10.9473295211792,1
1762947865.9810627,-9.408367156982422,11.005552291870117,1
1762947866.0445726,-9.2303466796875,10.618070602416992,1
1762947866.0602372,-10.48784351348877,10.14384937286377,1
1762947866.0763094,-9.679210662841797,10.964487075805664,1
1762947866.0763094,-10.597031593322754,10.579760551452637,1
1762947866.119828,-9.650008201599121,10.41102123260498,1
1762947866.1869774,-9.67524242401123,11.089142799377441,1
1762947866.1869774,-10.39222240447998,11.199143409729004,1
1762947866.2029977,-9.309765815734863,10.533432960510254,1
1762947866.2189581,-10.677083015441895,10.368088722229004,1
1762947866.2502668,-9.470062255859375,10.511220932006836,1
1762947866.3129728,-9.471749305725098,10.2783842086792,1
1762947866.3129728,-9.378829956054688,10.783199310302734,1
1762947866.3456779,-9.483631134033203,10.679555892944336,1
1762947866.3456779,-10.844337463378906,10.531719207763672,1
1762947866.3764644,-9.056591987609863,10.834115028381348,1
1762947866.439808,-9.166816711425781,9.978927612304688,1
1762947866.439808,-11.221363067626953,11.482690811157227,1
1762947866.4718063,-9.618009567260742,10.278814315795898,1
1762947866.4718063,-11.579127311706543,11.61931324005127,1
1762947866.5035203,-9.92680835723877,10.167401313781738,1
1762947866.5524783,-9.932524681091309,10.538224220275879,1
1762947866.567252,-10.309977531433105,10.726338386535645,1
1762947866.567252,-13.07745361328125,12.67880630493164,1
1762947866.5991595,-11.125948905944824,10.72009563446045,1
1762947866.631136,-11.737410545349121,10.662035942077637,1
1762947866.6947687,-12.360053062438965,10.548693656921387,1
1762947866.6947687,-15.753813743591309,12.441824913024902,1
1762947866.726549,-13.850517272949219,10.324039459228516,1
1762947866.726549,-16.692018508911133,13.182313919067383,1
1762947866.7586403,-14.74156665802002,11.155417442321777,1
1762947866.822241,-15.35442066192627,10.079377174377441,1
1762947866.822241,-18.86009407043457,13.040094375610352,1
1762947866.8563397,-16.500537872314453,10.696062088012695,1
1762947866.8563397,-19.395902633666992,13.45808219909668,1
1762947866.8873842,-16.69359588623047,10.617189407348633,1
1762947866.9645133,-17.06422233581543,10.723350524902344,1
1762947866.9645133,-19.502782821655273,14.262395858764648,1
1762947866.9805346,-16.24671745300293,11.215970993041992,1
1762947866.9805346,-18.776945114135742,13.036596298217773,1
1762947867.012381,-15.150212287902832,9.92009449005127,1
1762947867.0816832,-14.556708335876465,11.041199684143066,1
1762947867.0816832,-17.150772094726562,13.408910751342773,1
1762947867.1075246,-13.35611629486084,10.510954856872559,1
1762947867.1075246,-16.130382537841797,12.930904388427734,1
1762947867.1394649,-12.621943473815918,10.967646598815918,1
1762947867.2028215,-11.636279106140137,10.278008460998535,1
1762947867.2028215,-14.012986183166504,13.362664222717285,1
1762947867.235088,-10.332104682922363,10.42969799041748,1
1762947867.235088,-13.3734769821167,12.860177040100098,1
1762947867.2671065,-10.063611030578613,10.89745807647705,1
1762947867.3313162,-9.642611503601074,11.35983943939209,1
1762947867.3313162,-12.049420356750488,10.968596458435059,1
1762947867.3634045,-9.530665397644043,10.957308769226074,1
1762947867.3634045,-12.224555969238281,11.845497131347656,1
1762947867.39489,-9.833572387695312,11.000648498535156,1
1762947867.458911,-10.073655128479004,10.919013023376465,1
1762947867.458911,-12.523594856262207,12.431754112243652,1
1762947867.4906893,-10.16895580291748,11.504179954528809,1
1762947867.4906893,-12.393282890319824,12.415627479553223,1
1762947867.5225236,-10.053406715393066,11.142350196838379,1
1762947867.6017745,-10.110390663146973,11.50275707244873,1
1762947867.6017745,-12.581428527832031,11.834218978881836,1
1762947867.6210573,-10.655411720275879,10.752114295959473,1
1762947867.6210573,-12.74488353729248,12.008366584777832,1
1762947867.6494331,-10.904427528381348,11.850287437438965,1
1762947867.7292936,-10.752774238586426,11.920865058898926,1
1762947867.7292936,-12.467450141906738,11.586737632751465,1
1762947867.745288,-10.945876121520996,12.884133338928223,1
1762947867.745288,-12.416287422180176,12.113518714904785,1
1762947867.7772257,-10.748026847839355,11.320097923278809,1
1762947867.8570344,-10.490985870361328,12.664932250976562,1
1762947867.8570344,-11.325031280517578,11.527229309082031,1
1762947867.87298,-9.870156288146973,12.75498104095459,1
1762947867.87298,-11.225051879882812,12.062244415283203,1
1762947867.9050498,-9.823761940002441,13.08471965789795,1
1762947867.9688334,-9.833283424377441,13.501164436340332,1
1762947867.9688334,-11.2926025390625,12.591779708862305,1
1762947868.0007102,-10.238648414611816,13.608330726623535,1
1762947868.0007102,-11.13160228729248,12.717713356018066,1
1762947868.0327268,-10.543366432189941,13.998955726623535,1
1762947868.1125844,-10.41745376586914,13.666679382324219,1
1762947868.1125844,-11.198570251464844,13.290611267089844,1
1762947868.1284747,-9.91946029663086,12.084758758544922,1
1762947868.1284747,-10.954540252685547,13.323629379272461,1
1762947868.1605685,-10.177558898925781,13.384899139404297,1
1762947868.2402194,-10.173787117004395,13.907561302185059,1
1762947868.2402194,-10.751659393310547,12.447242736816406,1
1762947868.256185,-9.852367401123047,11.896476745605469,1
1762947868.256185,-10.850192070007324,12.913731575012207,1
1762947868.2879703,-9.76961612701416,13.166157722473145,1
1762947868.3670793,-9.403836250305176,12.799302101135254,1
1762947868.3670793,-10.034897804260254,13.591588020324707,1
1762947868.3831956,-9.314146041870117,13.194961547851562,1
1762947868.3831956,-9.991809844970703,14.293739318847656,1
1762947868.4222448,-9.078639030456543,13.271552085876465,1
1762947868.4939177,-9.168932914733887,12.276387214660645,1
1762947868.4939177,-9.983487129211426,13.76346492767334,1
1762947868.522277,-9.121050834655762,13.016144752502441,1
1762947868.522277,-9.767446517944336,14.91431999206543,1
1762947868.5417745,-9.179827690124512,12.170693397521973,1
1762947868.622262,-9.196372032165527,12.16346263885498,1
1762947868.622262,-10.025593757629395,14.26972484588623,1
1762947868.6375387,-9.282584190368652,11.970015525817871,1
1762947868.6375387,-9.703743934631348,12.593972206115723,1
1762947868.6793134,-9.450508117675781,12.446586608886719,1
1762947868.7634044,-10.54666805267334,11.03980541229248,1
1762947868.7634044,-9.953536987304688,14.824459075927734,1
1762947868.7634044,-9.42426872253418,12.161136627197266,1
1762947868.7634044,-9.789113998413086,15.398319244384766,1
1762947868.8092294,-8.864520072937012,12.011204719543457,1
1762947868.8746047,-9.015507698059082,12.063483238220215,1
1762947868.8746047,-9.708630561828613,16.131577491760254,1
1762947868.906206,-8.805481910705566,12.192252159118652,1
1762947868.906206,-9.624838829040527,15.803181648254395,1
1762947868.938084,-8.952210426330566,11.83336353302002,1
1762947869.001156,-9.094311714172363,12.892560005187988,1
1762947869.001156,-10.219597816467285,15.156865119934082,1
1762947869.033074,-9.70608901977539,11.96572494506836,1
1762947869.033074,-10.846088409423828,14.622480392456055,1
1762947869.0658274,-10.222249031066895,12.12096118927002,1
1762947869.1293886,-11.100754737854004,11.476370811462402,1
1762947869.1293886,-13.042567253112793,14.762242317199707,1
1762947869.161264,-12.451995849609375,11.788732528686523,1
1762947869.161264,-13.657464027404785,14.407439231872559,1
1762947869.194579,-13.731904029846191,10.92392635345459,1
1762947869.2721534,-14.468711853027344,11.875160217285156,1
1762947869.2721534,-15.928466796875,12.536428451538086,1
1762947869.2880628,-15.860160827636719,12.491487503051758,1
1762947869.2880628,-16.64219093322754,15.395151138305664,1
1762947869.3229024,-15.869547843933105,10.254942893981934,1
1762947869.3835924,-16.571828842163086,10.947704315185547,1
1762947869.3835924,-17.3919620513916,13.47983169555664,1
1762947869.4152853,-16.671775817871094,10.54702377319336,1
1762947869.4152853,-17.438745498657227,13.252233505249023,1
1762947869.4467344,-16.59686851501465,10.376461029052734,1
1762947869.5252912,-16.50871467590332,11.58877944946289,1
1762947869.5252912,-16.97732925415039,14.425045013427734,1
1762947869.5411053,-14.916769981384277,10.986577033996582,1
1762947869.5411053,-15.634483337402344,14.244380950927734,1
1762947869.5729997,-14.29572582244873,12.030531883239746,1
1762947869.6524012,-13.189927101135254,10.898449897766113,1
1762947869.6524012,-13.263461112976074,17.417536735534668,1
1762947869.6685786,-11.523343086242676,12.064957618713379,1
1762947869.6685786,-12.362950325012207,14.437417030334473,1
1762947869.700432,-10.596320152282715,12.216979026794434,1
1762947869.7801914,-10.018278121948242,11.246368408203125,1
1762947869.7801914,-10.764227867126465,14.229132652282715,1
1762947869.7960694,-9.272587776184082,10.874896049499512,1
1762947869.7960694,-10.496943473815918,15.923224449157715,1
1762947869.8304083,-9.09652042388916,12.606852531433105,1
1762947869.907554,-8.88460636138916,11.433772087097168,1
1762947869.907554,-9.770207405090332,15.18320369720459,1
1762947869.9235446,-8.67166519165039,10.884851455688477,1
1762947869.9235446,-9.751517295837402,14.522156715393066,1
1762947869.955538,-8.520068168640137,11.553894996643066,1
1762947870.0508604,-8.658629417419434,11.979769706726074,1
1762947870.0508604,-10.037789344787598,15.7069730758667,1
1762947870.0508604,-8.562262535095215,11.900227546691895,1
1762947870.0508604,-9.999918937683105,15.016751289367676,1
1762947870.0828586,-8.508862495422363,11.2019681930542,1
1762947870.1618195,-8.506433486938477,10.919965744018555,1
1762947870.1618195,-10.193568229675293,14.384842872619629,1
1762947870.1776075,-8.8034029006958,11.053030967712402,1
1762947870.1776075,-10.035205841064453,14.490644454956055,1
1762947870.2094605,-9.16454029083252,11.07214069366455,1
1762947870.2887177,-9.278486251831055,10.706546783447266,1
1762947870.2887177,-10.925936698913574,13.199027061462402,1
1762947870.3047793,-10.119217872619629,11.3402738571167,1
1762947870.3047793,-11.589316368103027,14.22099781036377,1
1762947870.3361847,-10.416881561279297,11.000160217285156,1
1762947870.4249146,-10.742496490478516,11.565959930419922,1
1762947870.4249146,-12.456153869628906,12.753616333007812,1
1762947870.4311912,-11.2049560546875,11.66468620300293,1
1762947870.4311912,-12.14709186553955,14.905734062194824,1
1762947870.4630132,-11.045636177062988,11.32242488861084,1
1762947870.5576398,-10.647786140441895,11.5097017288208,1
1762947870.5576398,-11.757149696350098,14.275294303894043,1
1762947870.5576398,-10.141951560974121,11.551589012145996,1
1762947870.5576398,-11.365145683288574,12.967782020568848,1
1762947870.602551,-10.4528226852417,11.6654634475708,1
1762947870.6851592,-10.007811546325684,10.85932445526123,1
1762947870.6851592,-11.102826118469238,12.739291191101074,1
1762947870.6851592,-10.207256317138672,11.105400085449219,1
1762947870.6851592,-11.244453430175781,13.51893424987793,1
1762947870.7252078,-10.329581260681152,11.5408353805542,1
1762947870.811577,-10.82239055633545,11.383204460144043,1
1762947870.811577,-12.081143379211426,14.350939750671387,1
1762947870.8276925,-11.035567283630371,10.964062690734863,1
1762947870.8276925,-12.391695976257324,14.207789421081543,1
1762947870.8435533,-11.240379333496094,10.921783447265625,1
1762947870.9417057,-11.166618347167969,10.923059463500977,1
1762947870.9417057,-12.238064765930176,16.060725212097168,1
1762947870.9417057,-10.900107383728027,11.003561973571777,1
1762947870.9417057,-11.905952453613281,15.637537002563477,1
1762947870.9867158,-10.629595756530762,12.027297019958496,1
1762947871.0658965,-10.542943954467773,11.286262512207031,1
1762947871.0658965,-11.537208557128906,13.920549392700195,1
1762947871.0817804,-10.086499214172363,10.954483985900879,1
1762947871.0817804,-11.051371574401855,15.474949836730957,1
1762947871.1145508,-9.722746849060059,10.378853797912598,1
1762947871.2057042,-9.829936981201172,10.391851425170898,1
1762947871.2057042,-11.4852876663208,15.531699180603027,1
1762947871.2091718,-9.91379165649414,11.833364486694336,1
1762947871.2091718,-11.394434928894043,15.97756290435791,1
1762947871.2398105,-9.991799354553223,11.625691413879395,1
1762947871.3252242,-9.891580581665039,10.695398330688477,1
1762947871.3352823,-11.128395080566406,14.81765365600586,1
1762947871.3352823,-9.706206321716309,10.539870262145996,1
1762947871.3352823,-11.612902641296387,15.160550117492676,1
1762947871.3668272,-9.748966217041016,10.91331672668457,1
1762947871.4458456,-9.786677360534668,11.054394721984863,1
1762947871.4458456,-11.481712341308594,15.565542221069336,1
1762947871.461898,-9.560275077819824,11.244267463684082,1
1762947871.461898,-11.442619323730469,15.681859970092773,1
1762947871.4975321,-9.723838806152344,11.14230728149414,1
1762947871.5886674,-9.737181663513184,10.173012733459473,1
1762947871.5886674,-11.760416984558105,15.42084789276123,1
1762947871.5886674,-10.264900207519531,12.000711441040039,1
1762947871.5886674,-12.213008880615234,15.579504013061523,1
1762947871.6259668,-10.781375885009766,11.372426986694336,1
1762947871.7161222,-11.012126922607422,11.338268280029297,1
1762947871.7161222,-12.558784484863281,14.725614547729492,1
1762947871.7260244,-11.235739707946777,10.817986488342285,1
1762947871.7260244,-13.109404563903809,16.246886253356934,1
1762947871.7478411,-11.314750671386719,11.55731201171875,1
1762947871.848497,-11.236981391906738,10.9791841506958,1
1762947871.848497,-13.151127815246582,14.799908638000488,1
1762947871.8627212,-11.645561218261719,11.570989608764648,1
1762947871.8627212,-12.8126859664917,13.837752342224121,1
1762947871.8760197,-11.58574390411377,11.458148002624512,1
1762947871.9715335,-11.344548225402832,11.4822416305542,1
1762947871.9715335,-13.173847198486328,14.484979629516602,1
1762947871.984977,-11.548274040222168,10.968541145324707,1
1762947871.984977,-13.573079109191895,14.303643226623535,1
1762947872.0044274,-11.665837287902832,11.13791561126709,1
1762947872.0988243,-11.636303901672363,10.726534843444824,1
1762947872.0988243,-13.460116386413574,15.70952320098877,1
1762947872.0988243,-11.3773775100708,11.67309284210205,1
1762947872.0988243,-13.053597450256348,14.952906608581543,1
1762947872.130993,-11.350260734558105,11.302340507507324,1
1762947872.2264228,-11.269630432128906,11.13327407836914,1
1762947872.2264228,-13.193161964416504,14.229470252990723,1
1762947872.242429,-10.983550071716309,9.87601375579834,1
1762947872.242429,-13.290016174316406,13.826610565185547,1
1762947872.258517,-11.3854398727417,11.192435264587402,1
1762947872.354367,-11.558524131774902,11.107033729553223,1
1762947872.354367,-13.549259185791016,14.960481643676758,1
1762947872.3701935,-11.416015625,11.308916091918945,1
1762947872.3701935,-13.208122253417969,13.304319381713867,1
1762947872.3863719,-11.24405288696289,11.416500091552734,1
1762947872.4818919,-11.080272674560547,10.682666778564453,1
1762947872.4818919,-12.677116394042969,14.654396057128906,1
1762947872.498084,-10.227083206176758,12.18155288696289,1
1762947872.498084,-12.289447784423828,13.234931945800781,1
1762947872.514101,-9.821366310119629,11.632641792297363,1
1762947872.6255982,-9.471510887145996,12.242671012878418,1
1762947872.6255982,-10.73365306854248,14.4230375289917,1
1762947872.6266046,-8.5620698928833,11.11777400970459,1
1762947872.6266046,-10.736687660217285,14.039807319641113,1
1762947872.6414676,-7.734504699707031,11.008943557739258,1
1762947872.7368963,-6.949440002441406,12.771697998046875,1
1762947872.7368963,-8.296363830566406,14.698789596557617,1
1762947872.7529504,-6.1589226722717285,11.60455846786499,1
1762947872.7529504,-8.035030364990234,14.034170150756836,1
1762947872.7690606,-6.082675457000732,11.431795597076416,1
1762947872.8817003,-6.039735317230225,11.5202317237854,1
1762947872.8817003,-7.619478225708008,13.600349426269531,1
1762947872.8817003,-5.971913814544678,11.00185251235962,1
1762947872.8817003,-7.75120735168457,13.622917175292969,1
1762947872.8976123,-6.130697727203369,11.93054723739624,1
1762947872.9925752,-6.079359531402588,11.591384410858154,1
1762947872.9925752,-8.011760711669922,14.467473983764648,1
1762947873.0083344,-6.350635528564453,11.428470611572266,1
1762947873.0083344,-8.115130424499512,13.499884605407715,1
1762947873.0267458,-6.316330432891846,11.222358226776123,1
1762947873.1352205,-6.438500881195068,12.343353748321533,1
1762947873.1352205,-8.37240219116211,13.162874221801758,1
1762947873.1352205,-6.710626125335693,12.210882663726807,1
1762947873.1352205,-8.550187110900879,14.2680082321167,1
1762947873.1512582,-6.910869598388672,12.250587463378906,1
1762947873.2627728,-7.189722537994385,12.647538661956787,1
1762947873.2627728,-8.9264554977417,13.407395362854004,1
1762947873.2784693,-7.331893444061279,12.718307971954346,1
1762947873.2784693,-8.680869102478027,13.326083183288574,1
1762947873.2804756,-7.4557952880859375,12.744077682495117,1
1762947873.390095,-7.4734978675842285,12.765389919281006,1
1762947873.390095,-9.191493034362793,13.721577644348145,1
1762947873.4057662,-7.84168004989624,13.452948093414307,1
1762947873.4057662,-9.280621528625488,13.137330055236816,1
1762947873.4057662,-8.020476341247559,12.512467384338379,1
1762947873.5317023,-7.919607639312744,12.499642848968506,1
1762947873.5317023,-9.484160423278809,13.025378227233887,1
1762947873.5408697,-8.115280151367188,13.290529251098633,1
1762947873.5414398,-9.202004432678223,13.441025733947754,1
1762947873.5480928,-8.387885093688965,13.484623908996582,1
1762947873.6563716,-8.714866638183594,13.154176712036133,1
1762947873.6563716,-9.920616149902344,13.620105743408203,1
1762947873.6563716,-9.001925468444824,12.637160301208496,1
1762947873.6563716,-10.12406063079834,12.284586906433105,1
1762947873.6722972,-9.27617073059082,13.185918807983398,1
1762947873.783825,-9.241013526916504,13.549551963806152,1
1762947873.783825,-10.168553352355957,12.467743873596191,1
1762947873.783825,-8.850905418395996,13.542532920837402,1
1762947873.783825,-10.151132583618164,12.153772354125977,1
1762947873.7999914,-8.651315689086914,12.633848190307617,1
1762947873.9117372,-8.36890697479248,13.009305000305176,1
1762947873.9117372,-9.136935234069824,13.409913063049316,1
1762947873.9117372,-8.025975227355957,13.4668607711792,1
1762947873.9117372,-9.097514152526855,14.598788261413574,1
1762947873.9275749,-8.133877754211426,12.413420677185059,1
1762947874.0279295,-8.100810050964355,12.652222633361816,1
1762947874.0279295,-9.453363418579102,13.179244995117188,1
1762947874.0391161,-8.60830307006836,12.75947380065918,1
1762947874.0391161,-9.831741333007812,12.582561492919922,1
1762947874.054925,-9.0905122756958,12.608826637268066,1
1762947874.1663284,-9.597641944885254,12.04489803314209,1
1762947874.1663284,-10.97375774383545,12.68054485321045,1
1762947874.1663284,-9.906891822814941,11.800019264221191,1
1762947874.1663284,-11.235198974609375,13.011085510253906,1
1762947874.1823578,-9.980348587036133,12.088470458984375,1
1762947874.293806,-9.618853569030762,11.162114143371582,1
1762947874.293806,-11.127876281738281,11.540735244750977,1
1762947874.293806,-10.193878173828125,11.185091018676758,1
1762947874.293806,-11.368171691894531,12.568159103393555,1
1762947874.30972,-10.3269624710083,11.14479923248291,1
1762947874.4210486,-10.459230422973633,11.766410827636719,1
1762947874.4210486,-12.310221672058105,13.16034984588623,1
1762947874.42831,-11.134659767150879,11.525843620300293,1
1762947874.42831,-12.303242683410645,13.404723167419434,1
1762947874.4368799,-11.219130516052246,11.100178718566895,1
1762947874.5485337,-11.525738716125488,11.046124458312988,1
1762947874.5485337,-12.816787719726562,12.222286224365234,1
1762947874.5485337,-12.000718116760254,11.315503120422363,1
1762947874.5485337,-13.018454551696777,12.88149356842041,1
1762947874.5645285,-12.164260864257812,11.409524917602539,1
1762947874.6760788,-11.962486267089844,11.382362365722656,1
1762947874.6760788,-12.811358451843262,11.3590669631958,1
1762947874.6760788,-12.098448753356934,11.816451072692871,1
1762947874.6760788,-13.037470817565918,11.931845664978027,1
1762947874.692046,-11.831250190734863,11.043646812438965,1
1762947874.8188386,-11.941956520080566,11.405219078063965,1
1762947874.8188386,-12.616881370544434,11.315032005310059,1
1762947874.8188386,-11.625958442687988,11.255766868591309,1
1762947874.8188386,-12.35290813446045,12.071106910705566,1
1762947874.829402,-11.504963874816895,11.28762149810791,1
1762947874.9456005,-11.721931457519531,11.200550079345703,1
1762947874.9456005,-12.751154899597168,10.78197956085205,1
1762947874.9456005,-12.050521850585938,11.039508819580078,1
1762947874.9456005,-12.850298881530762,10.539881706237793,1
1762947874.9612608,-12.250639915466309,11.19821834564209,1
1762947875.0728836,-12.07640552520752,11.27254581451416,1
1762947875.0728836,-12.744168281555176,10.413418769836426,1
1762947875.0728836,-11.7379789352417,11.058859825134277,1
1762947875.0728836,-12.494422912597656,11.0032958984375,1
1762947875.0728836,-11.449714660644531,10.764719009399414,1
1762947875.200037,-11.269027709960938,11.245080947875977,1
1762947875.200037,-11.757098197937012,10.861767768859863,1
1762947875.200037,-10.479886054992676,10.80432415008545,1
1762947875.200037,-11.217662811279297,10.048763275146484,1
1762947875.2158232,-10.232181549072266,10.114383697509766,1
1762947875.3302078,-10.013816833496094,10.282388687133789,1
1762947875.3302078,-10.694160461425781,11.085626602172852,1
1762947875.343012,-9.649199485778809,10.007126808166504,1
1762947875.343012,-10.753222465515137,10.451350212097168,1
1762947875.343012,-9.612988471984863,10.43773365020752,1
1762947875.4706724,-9.492239952087402,10.38392162322998,1
1762947875.4706724,-10.848176002502441,9.719819068908691,1
1762947875.4706724,-9.619324684143066,10.941250801086426,1
1762947875.4706724,-10.808394432067871,9.919100761413574,1
1762947875.4706724,-9.47331714630127,10.007328987121582,1
1762947875.5980303,-9.776150703430176,10.241053581237793,1
1762947875.5980303,-11.536967277526855,10.16108226776123,1
1762947875.5980303,-10.558412551879883,10.179704666137695,1
1762947875.5980303,-11.960246086120605,10.218949317932129,1
1762947875.5980303,-10.761858940124512,10.733935356140137,1
1762947875.7254498,-11.189543724060059,9.794173240661621,1
1762947875.730108,-13.571826934814453,10.923423767089844,1
1762947875.730108,-12.431796073913574,10.041213035583496,1
1762947875.730108,-14.104862213134766,9.979400634765625,1
1762947875.7413042,-12.339164733886719,10.15330696105957,1
1762947875.8684561,-11.926411628723145,10.023377418518066,1
1762947875.8684561,-12.787728309631348,10.165757179260254,1
1762947875.8684561,-10.964383125305176,9.88133716583252,1
1762947875.8684561,-12.897926330566406,9.85592269897461,1
1762947875.8684561,-11.236422538757324,10.263226509094238,1
1762947876.0103521,-11.54840087890625,10.519081115722656,1
1762947876.0103521,-12.259453773498535,10.121354103088379,1
1762947876.0103521,-10.276480674743652,10.242671012878418,1
1762947876.0103521,-11.570304870605469,10.08051872253418,1
1762947876.0103521,-9.335186958312988,10.266737937927246,1
1762947876.1374915,-8.471184730529785,10.08509349822998,1
1762947876.1374915,-13.276195526123047,13.219091415405273,1
1762947876.1374915,-10.62999153137207,15.400644302368164,1
1762947876.1374915,-13.901968955993652,13.031641960144043,1
1762947876.1534982,-10.571159362792969,16.33355140686035,1
1762947876.2649794,-10.738433837890625,15.475015640258789,1
1762947876.2649794,-8.69998836517334,10.186287879943848,1
1762947876.2807434,-8.41296672821045,11.731629371643066,1
1762947876.2807434,-8.1425142288208,9.895445823669434,1
1762947876.2807434,-8.187121391296387,12.189541816711426,1
1762947876.408701,-8.224148750305176,11.959734916687012,1
1762947876.408701,-7.8355841636657715,13.161573886871338,1
1762947876.408701,-14.98139476776123,15.746752738952637,1
1762947876.408701,-7.891915798187256,13.387896060943604,1
1762947876.4246411,-14.7972993850708,13.102892875671387,1
1762947876.5514717,-14.451309204101562,13.213432312011719,1
1762947876.5514717,-8.799428939819336,18.38141441345215,1
1762947876.5514717,-9.805010795593262,13.169631004333496,1
1762947876.5514717,-9.399863243103027,17.68907070159912,1
1762947876.5514717,-9.95372486114502,12.91368579864502,1
1762947876.6782084,-10.217121124267578,12.45553207397461,1
1762947876.6782084,-10.403704643249512,11.709837913513184,1
1762947876.6976964,-11.083740234375,12.649980545043945,1
1762947876.6976964,-10.294593811035156,11.887979507446289,1
1762947876.6976964,-10.995244026184082,13.50620174407959,1
1762947876.8208938,-10.719983100891113,12.4137544631958,1
1762947876.8208938,-9.237227439880371,12.246642112731934,1
1762947876.8208938,-15.398051261901855,13.777806282043457,1
1762947876.8208938,-9.372135162353516,13.408016204833984,1
1762947876.8366926,-15.165641784667969,13.514066696166992,1
1762947876.9483507,-15.492325782775879,13.524445533752441,1
1762947876.9483507,-10.292526245117188,10.539215087890625,1
1762947876.9642954,-11.826212882995605,13.105694770812988,1
1762947876.9642954,-10.285662651062012,10.056458473205566,1
1762947876.9642954,-11.757306098937988,13.926466941833496,1
1762947877.0919836,-11.355961799621582,12.950480461120605,1
1762947877.0919836,-7.934007167816162,14.243885517120361,1
1762947877.0919836,-10.608479499816895,11.375195503234863,1
1762947877.0919836,-7.958662509918213,14.152242183685303,1
1762947877.1078799,-10.59023380279541,11.160712242126465,1
1762947877.2351391,-10.76300048828125,11.007244110107422,1
1762947877.2351391,-10.19998836517334,11.14262866973877,1
1762947877.2351391,-10.864956855773926,11.346930503845215,1
1762947877.2351391,-10.518050193786621,11.237284660339355,1
1762947877.2351391,-11.568767547607422,11.612712860107422,1
1762947877.3628309,-11.524479866027832,10.900345802307129,1
1762947877.3786838,-10.19051456451416,11.880644798278809,1
1762947877.3786838,-11.815424919128418,16.127680778503418,1
1762947877.3786838,-10.195018768310547,12.338836669921875,1
1762947877.3786838,-12.136409759521484,15.972881317138672,1
1762947877.5063832,-11.981837272644043,16.180867195129395,1
1762947877.5063832,-14.483833312988281,13.667707443237305,1
1762947877.5223577,-13.04674243927002,12.814152717590332,1
1762947877.5223577,-14.823071479797363,14.575411796569824,1
1762947877.5223577,-13.295523643493652,12.62197208404541,1
1762947877.6495936,-13.258201599121094,14.103700637817383,1
1762947877.6495936,-10.438030242919922,10.485124588012695,1
1762947877.6495936,-11.778897285461426,16.970242500305176,1
1762947877.6495936,-10.624252319335938,10.035850524902344,1
1762947877.6655135,-11.771838188171387,16.232447624206543,1
1762947877.7932048,-11.956043243408203,15.118457794189453,1
1762947877.7932048,-12.806686401367188,9.811565399169922,1
1762947877.7932048,-11.688559532165527,11.032513618469238,1
1762947877.8089454,-11.743517875671387,10.684439659118652,1
1762947877.8089454,-11.837631225585938,11.388967514038086,1
1762947877.9368775,-16.810077667236328,14.390151977539062,1
1762947877.9368775,-12.90643310546875,14.347196578979492,1
1762947877.9528618,-16.2792911529541,13.242376327514648,1
1762947877.9528618,-12.8421049118042,16.496060371398926,1
1762947877.9528618,-16.934980392456055,15.057113647460938,1
1762947878.0797029,-16.450401306152344,13.119462966918945,1
1762947878.0797029,-12.537493705749512,14.008708000183105,1
1762947878.0797029,-17.083749771118164,14.698202133178711,1
1762947878.0797029,-12.510790824890137,15.655360221862793,1
1762947878.0953496,-17.048402786254883,14.502939224243164,1
1762947878.228105,-17.175281524658203,14.695554733276367,1
1762947878.228105,-13.056660652160645,14.652215003967285,1
1762947878.2384899,-17.274499893188477,14.005218505859375,1
1762947878.2384899,-12.951057434082031,14.47671127319336,1
1762947878.2384899,-17.938724517822266,15.356441497802734,1
1762947878.3832986,-17.837072372436523,14.966779708862305,1
1762947878.3843184,-12.38863468170166,15.432438850402832,1
1762947878.3913186,-12.756301879882812,11.972036361694336,1
1762947878.3923187,-12.226367950439453,14.902042388916016,1
1762947878.3983169,-12.630345344543457,11.287215232849121,1
1762947878.5568337,-12.675625801086426,11.086691856384277,1
1762947878.557732,-13.118492126464844,11.546083450317383,1
1762947878.5637858,-11.579792976379395,12.890578269958496,1
1762947878.5648417,-12.988594055175781,11.076448440551758,1
1762947878.572748,-11.606822967529297,11.696372985839844,1
1762947878.7375214,-11.351519584655762,11.938281059265137,1
1762947878.7375214,-10.641989707946777,11.097250938415527,1
1762947878.7446084,-12.898423194885254,12.09947681427002,1
1762947878.7456079,-10.837353706359863,11.209065437316895,1
1762947878.7526083,-12.445239067077637,10.434107780456543,1
1762947878.9132261,-12.60656452178955,10.307414054870605,1
1762947878.9142218,-12.114169120788574,15.048014640808105,1
1762947878.9213789,-12.759417533874512,12.309252738952637,1
1762947878.9222374,-12.2601957321167,14.856148719787598,1
1762947878.9282434,-12.82022762298584,12.838875770568848,1
1762947879.0915911,-12.453631401062012,13.133152961730957,1
1762947879.092591,-10.838810920715332,13.412270545959473,1
1762947879.0985897,-10.168691635131836,11.957094192504883,1
1762947879.0985897,-10.860623359680176,12.5067777633667,1
1762947879.1066053,-10.389854431152344,10.955280303955078,1
1762947879.2698271,-10.549824714660645,12.025982856750488,1
1762947879.2709339,-10.982266426086426,11.893826484680176,1
1762947879.2779038,-11.294013023376465,8.367321968078613,1
1762947879.2779038,-11.394022941589355,12.6847562789917,1
1762947879.2848566,-11.66280460357666,8.60953426361084,1
1762947879.4389088,-11.644391059875488,8.64913272857666,1
1762947879.439893,-11.860596656799316,10.460986137390137,1
1762947879.4463825,-11.53630542755127,10.396773338317871,1
1762947879.4463825,-11.498883247375488,10.210959434509277,1
1762947879.4463825,-11.059327125549316,9.876669883728027,1
1762947879.5926256,-10.138779640197754,10.51799488067627,1
1762947879.5926256,-12.550999641418457,12.43018627166748,1
1762947879.6007597,-10.380996704101562,10.298171997070312,1
1762947879.6007597,-12.8528470993042,13.127182960510254,1
1762947879.6007597,-10.903227806091309,10.293503761291504,1
1762947879.7442174,-11.267138481140137,11.347990989685059,1
1762947879.7442174,-8.12088394165039,12.701757431030273,1
1762947879.7601616,-10.391131401062012,11.487713813781738,1
1762947879.7601616,-8.15818977355957,11.929693222045898,1
1762947879.7601616,-10.777791023254395,10.564827919006348,1
1762947879.9017618,-11.34671688079834,12.211817741394043,1
1762947879.9017618,-9.844597816467285,13.314072608947754,1
1762947879.9017618,-11.213482856750488,13.156418800354004,1
1762947879.9017618,-9.828396797180176,12.782965660095215,1
1762947879.9174893,-11.578516960144043,13.079155921936035,1
1762947880.0610766,-11.201434135437012,13.129534721374512,1
1762947880.0610766,-10.165019989013672,11.675874710083008,1
1762947880.0682304,-9.861556053161621,11.015490531921387,1
1762947880.0682304,-10.412524223327637,12.84813404083252,1
1762947880.0754838,-9.73117733001709,11.105652809143066,1
1762947880.20277,-9.926352500915527,11.511488914489746,1
1762947880.20277,-9.262900352478027,9.597502708435059,1
1762947880.21853,-7.6167378425598145,10.775367259979248,1
1762947880.21853,-9.289196014404297,9.383602142333984,1
1762947880.21853,-7.394626617431641,10.757425308227539,1
1762947880.3613226,-7.429823398590088,10.85278844833374,1
1762947880.3613226,-10.544215202331543,15.275517463684082,1
1762947880.3613226,-7.283382892608643,13.089925289154053,1
1762947880.3613226,-10.30543041229248,14.93591022491455,1
1762947880.3613226,-7.048445224761963,12.913325786590576,1
1762947880.5050554,-7.0370306968688965,12.7709641456604,1
1762947880.5050554,-7.188035488128662,12.647493839263916,1
1762947880.520743,-7.656269073486328,10.056716918945312,1
1762947880.520743,-7.602620601654053,12.432310581207275,1
1762947880.520743,-7.649539470672607,9.93938684463501,1
1762947880.6642678,-7.580508708953857,9.904394626617432,1
1762947880.6642678,-9.285210609436035,11.08012866973877,1
1762947880.6800818,-8.576126098632812,9.06296157836914,1
1762947880.6800818,-9.52291488647461,10.533246994018555,1
1762947880.6906996,-9.193730354309082,9.39955997467041,1
1762947880.8221107,-9.251776695251465,9.4546537399292,1
1762947880.836294,-9.457122802734375,10.801067352294922,1
1762947880.8432164,-12.027393341064453,12.160747528076172,1
1762947880.8432164,-9.373001098632812,10.681987762451172,1
1762947880.8432164,-12.460576057434082,11.929495811462402,1
1762947881.0022664,-12.318317413330078,11.284465789794922,1
1762947881.0032682,-11.070518493652344,9.865289688110352,1
1762947881.0093122,-10.792984008789062,11.078264236450195,1
1762947881.0103111,-11.158102989196777,8.95551586151123,1
1762947881.0172906,-10.786053657531738,12.286791801452637,1
1762947881.1966226,-10.737747192382812,11.609203338623047,1
1762947881.1986227,-11.356610298156738,10.976408958435059,1
1762947881.2036214,-12.75257396697998,11.87658405303955,1
1762947881.2046428,-11.163519859313965,10.295880317687988,1
1762947881.2106364,-12.74874496459961,11.264211654663086,1
1762947881.384563,-12.6719388961792,10.950617790222168,1
1762947881.3855739,-9.927627563476562,11.386922836303711,1
1762947881.3905075,-11.249393463134766,9.594873428344727,1
1762947881.3915482,-9.930790901184082,10.838139533996582,1
1762947881.3985023,-11.36950397491455,9.650986671447754,1
1762947881.5689287,-11.44196605682373,9.219218254089355,1
1762947881.5699275,-11.304057121276855,17.357876777648926,1
1762947881.576942,-11.547778129577637,13.992091178894043,1
1762947881.5779274,-11.290982246398926,15.153647422790527,1
1762947881.585947,-11.67088794708252,14.574322700500488,1
1762947881.7695537,-11.8494291305542,15.21422290802002,1
1762947881.7705545,-11.781989097595215,13.918362617492676,1
1762947881.777555,-32.560638427734375,8.473636627197266,1
1762947881.7785563,-11.672554969787598,12.268256187438965,1
1762947881.7855546,-32.80776596069336,9.143714904785156,1
1762947881.9602442,-32.55842208862305,6.90716552734375,0
1762947881.9612439,-13.20968246459961,12.442073822021484,1
1762947881.9674084,-16.02586555480957,13.598186492919922,1
1762947881.9674084,-13.29112720489502,12.964156150817871,1
1762947881.9707446,-15.66797161102295,13.655203819274902,1
1762947882.122527,-15.604327201843262,14.243548393249512,1
1762947882.122527,-10.89169979095459,10.82884693145752,1
1762947882.122527,-12.1746187210083,9.688847541809082,1
1762947882.122527,-10.872136116027832,10.702359199523926,1
1762947882.1401052,-12.148597717285156,10.115089416503906,1
1762947882.2962635,-12.20226001739502,10.43156909942627,1
1762947882.2962635,-12.841910362243652,11.790501594543457,1
1762947882.2962635,-12.74841594696045,12.909499168395996,1
1762947882.2962635,-12.640735626220703,11.343427658081055,1
1762947882.2962635,-13.067970275878906,13.089717864990234,1
1762947882.4533353,-13.18029499053955,12.61307430267334,1
1762947882.4533353,-12.385677337646484,12.933231353759766,1
1762947882.4533353,-13.782612800598145,10.197266578674316,1
1762947882.4533353,-13.005816459655762,14.067194938659668,1
1762947882.4691188,-14.416542053222656,10.731992721557617,1
1762947882.6113389,-14.199634552001953,9.544570922851562,1
1762947882.6113389,-14.263659477233887,10.989239692687988,1
1762947882.6113389,-17.67824363708496,12.39029312133789,1
1762947882.6270275,-14.844983100891113,10.928738594055176,1
1762947882.6270275,-17.27024269104004,11.507680892944336,1
1762947882.769884,-17.70415687561035,12.066692352294922,1
1762947882.769884,-13.047957420349121,9.890122413635254,1
1762947882.7856483,-17.103559494018555,12.596824645996094,1
1762947882.7889118,-12.701844215393066,10.880112648010254,1
1762947882.7923522,-16.877084732055664,12.886816024780273,1
1762947882.9428155,-16.87835121154785,12.922239303588867,1
1762947882.9428155,-13.409701347351074,12.5243558883667,1
1762947882.9489172,-12.40178394317627,11.306632041931152,1
1762947882.9489172,-13.714268684387207,13.696904182434082,1
1762947882.9584823,-12.157787322998047,11.497583389282227,1
1762947883.1002784,-11.917144775390625,11.09537124633789,1
1762947883.1002784,-13.114120483398438,14.737796783447266,1
1762947883.1162133,-12.198074340820312,10.09259033203125,1
1762947883.1162133,-13.420429229736328,16.62342071533203,1
1762947883.1162133,-12.476433753967285,10.277634620666504,1
1762947883.2731507,-12.595088005065918,11.441935539245605,1
1762947883.2731507,-11.78410816192627,12.281603813171387,1
1762947883.2887897,-12.061805725097656,11.628808975219727,1
1762947883.2887897,-11.618081092834473,13.393588066101074,1
1762947883.2887897,-11.978869438171387,10.683867454528809,1
1762947883.4541175,-12.2628812789917,11.057494163513184,1
1762947883.4541175,-13.486148834228516,10.979181289672852,1
1762947883.4619102,-14.6931734085083,10.884600639343262,1
1762947883.4619102,-13.255497932434082,10.68394947052002,1
1762947883.4619102,-14.4711275100708,10.522412300109863,1
1762947883.6216319,-14.440264701843262,10.69271183013916,1
1762947883.6216319,-12.305033683776855,13.082440376281738,1
1762947883.6216319,-11.534335136413574,12.142653465270996,1
1762947883.6216319,-12.84969425201416,12.849583625793457,1
1762947883.6400938,-11.450057983398438,12.44973373413086,1
1762947883.7944381,-10.28396987915039,12.96035385131836,1
1762947883.7944381,-12.43920612335205,11.356095314025879,1
1762947883.7944381,-14.600998878479004,14.080367088317871,1
1762947883.7944381,-13.583080291748047,11.196359634399414,1
1762947883.8156745,-14.477561950683594,14.649332046508789,1
1762947883.96806,-13.748766899108887,13.368462562561035,1
1762947883.96806,-15.4834623336792,9.770163536071777,1
1762947883.9837909,-15.6159029006958,12.59974193572998,1
1762947883.9837909,-13.703534126281738,10.341900825500488,1
1762947883.9837909,-14.413463592529297,12.596927642822266,1
1762947884.1583264,-13.245623588562012,13.08210277557373,1
1762947884.1583264,-11.564675331115723,9.74315357208252,1
1762947884.1583264,-13.643139839172363,11.281537055969238,1
1762947884.1583264,-12.420504570007324,10.100682258605957,1
1762947884.1583264,-13.405223846435547,11.645683288574219,1
1762947884.331462,-13.354731559753418,11.24942684173584,1
1762947884.331462,-15.34694766998291,12.258645057678223,1
1762947884.339972,-18.856609344482422,14.572864532470703,1
1762947884.339972,-15.274742126464844,13.054569244384766,1
1762947884.347501,-18.752037048339844,14.37606430053711,1
1762947884.504926,-19.28131103515625,15.658870697021484,1
1762947884.504926,-15.207420349121094,12.556076049804688,1
1762947884.504926,-13.537501335144043,11.274649620056152,1
1762947884.504926,-15.334744453430176,13.272725105285645,1
1762947884.520598,-13.581692695617676,12.0828218460083,1
1762947884.6780877,-13.425555229187012,11.94147777557373,1
1762947884.6780877,-13.86263656616211,9.695487976074219,1
1762947884.6937275,-12.084195137023926,11.066508293151855,1
1762947884.6937275,-14.021397590637207,11.144547462463379,1
1762947884.6937275,-12.25091552734375,11.006551742553711,1
1762947884.8672519,-12.088017463684082,10.5729341506958,1
1762947884.8672519,-11.922051429748535,10.486639976501465,1
1762947884.8672519,-17.411603927612305,12.118499755859375,1
1762947884.8672519,-11.81023120880127,11.558398246765137,1
1762947884.8672519,-16.561168670654297,12.045024871826172,1
1762947885.0403144,-17.09810447692871,12.515838623046875,1
1762947885.0403144,-12.147419929504395,9.365397453308105,1
1762947885.0403144,-13.240717887878418,10.81357479095459,1
1762947885.0403144,-12.224078178405762,10.859465599060059,1
1762947885.0560324,-13.187304496765137,12.974337577819824,1
1762947885.2128987,-13.085318565368652,12.310776710510254,1
1762947885.2128987,-14.981974601745605,12.065587043762207,1
1762947885.2285285,-10.746405601501465,15.730435371398926,1
1762947885.2285285,-15.098495483398438,13.859512329101562,1
1762947885.2404928,-10.651556968688965,16.000367164611816,1
1762947885.40101,-10.507384300231934,15.16008472442627,1
1762947885.40101,-32.76020431518555,6.449306488037109,0
1762947885.4167414,-32.82393264770508,7.262798309326172,0
1762947885.4167414,-33.16752624511719,6.8538970947265625,0
1762947885.4167414,-34.2279167175293,6.822948455810547,0
1762947885.5917726,-33.84144592285156,6.08489990234375,0
1762947885.5937798,-33.7773323059082,9.039196014404297,1
1762947885.5957563,-33.98965835571289,7.687038421630859,0
1762947885.5957563,-33.662742614746094,6.187351226806641,0
1762947885.6056836,-33.609066009521484,7.008426666259766,0
1762947885.7785933,-32.15803909301758,6.874824523925781,0
1762947885.7785933,-34.06865310668945,6.4497833251953125,0
1762947885.7942858,-32.79951858520508,7.223388671875,0
1762947885.7942858,-34.82876968383789,8.522052764892578,1
1762947885.7942858,-34.27403259277344,7.941112518310547,0
1762947885.9788609,-33.51970672607422,7.6808013916015625,0
1762947885.9788609,-32.73873519897461,7.944328308105469,0
1762947885.9834347,-32.757965087890625,6.9551849365234375,0
1762947885.9834347,-33.183597564697266,6.949146270751953,0
1762947885.9834347,-34.72320556640625,8.558795928955078,1
1762947886.156202,-33.39754867553711,6.293575286865234,0
1762947886.156202,-34.1053581237793,6.813507080078125,0
1762947886.1719275,-33.79574203491211,7.0070343017578125,0
1762947886.1719275,-33.74204635620117,6.735828399658203,0
1762947886.1719275,-34.16261291503906,6.769294738769531,0
1762947886.3490033,-32.56278610229492,5.827007293701172,0
1762947886.3490033,-32.662471771240234,6.784843444824219,0
1762947886.3490033,-30.428064346313477,8.047807693481445,0
1762947886.3490033,-34.90044021606445,8.647686004638672,1
1762947886.3613758,-31.176923751831055,7.793085098266602,0
1762947886.5351052,-33.31468963623047,8.206928253173828,1
1762947886.5351052,-32.99003982543945,8.135631561279297,1
1762947886.5416355,-33.948368072509766,7.30322265625,0
1762947886.5416355,-33.71249008178711,8.360485076904297,1
1762947886.5507505,-34.56034851074219,7.803310394287109,0
1762947886.725334,-32.78303909301758,7.665439605712891,0
1762947886.725334,-33.3979377746582,8.757495880126953,1
1762947886.725334,-33.596229553222656,8.091175079345703,0
1762947886.725334,-32.82456970214844,6.411983489990234,0
1762947886.7420642,-35.16719436645508,7.046863555908203,0
1762947886.914335,-33.76770782470703,6.250270843505859,0
1762947886.914335,-34.99003601074219,7.826328277587891,0
1762947886.930506,-33.85548400878906,7.255596160888672,0
1762947886.930506,-34.086029052734375,8.455341339111328,1
1762947886.9421084,-33.48564529418945,8.47421646118164,1
1762947887.1277742,-33.18330764770508,7.117218017578125,0
1762947887.1277742,-33.88020706176758,8.180351257324219,1
1762947887.1277742,-32.89542770385742,6.737545013427734,0
1762947887.1277742,-34.56992721557617,7.434837341308594,0
1762947887.142306,-32.09107208251953,6.361186981201172,0
1762947887.3202481,-33.97564697265625,7.3090057373046875,0
1762947887.3202481,-33.884403228759766,6.699588775634766,0
1762947887.3282578,-33.68033218383789,6.967403411865234,0
1762947887.3282578,-33.315608978271484,7.226432800292969,0
1762947887.3282578,-34.640907287597656,7.720264434814453,0
1762947887.517795,-33.78091812133789,7.0942840576171875,0
1762947887.517795,-33.80328369140625,5.906890869140625,0
1762947887.517795,-33.433956146240234,8.622367858886719,1
1762947887.517795,-33.38383865356445,6.786434173583984,0
1762947887.5334296,-33.52276611328125,7.088047027587891,0
1762947887.7228796,-35.172325134277344,7.101402282714844,0
1762947887.7228796,-31.014883041381836,8.004983901977539,0
1762947887.7228796,-33.976131439208984,6.266571044921875,0
1762947887.7228796,-30.753799438476562,5.745861053466797,0
1762947887.7228796,-33.75286865234375,7.138069152832031,0
1762947887.9177127,-35.166690826416016,8.906341552734375,1
1762947887.9177127,-32.445556640625,7.621814727783203,0
1762947887.9239442,-31.971708297729492,6.115503311157227,0
1762947887.926286,-34.54423904418945,6.699817657470703,0
1762947887.9277914,-33.87471008300781,5.5089111328125,0
1762947888.1010377,-33.29435348510742,6.7549285888671875,0
1762947888.1167414,-33.682247161865234,6.752231597900391,0
1762947888.1167414,-33.135562896728516,7.890567779541016,0
1762947888.1167414,-33.7425422668457,6.231533050537109,0
1762947888.1167414,-32.8814582824707,7.161243438720703,0
1762947888.3270066,-33.19479751586914,7.1079559326171875,0
1762947888.3275921,-31.769577026367188,7.455944061279297,0
1762947888.334205,-32.6812744140625,6.3110504150390625,0
1762947888.335349,-34.20025634765625,7.586673736572266,0
1762947888.3419173,-33.905513763427734,5.997932434082031,0
1762947888.5279987,-32.01884460449219,6.651966094970703,0
1762947888.5279987,-33.681976318359375,7.345050811767578,0
1762947888.5367355,-34.83743667602539,8.241470336914062,1
1762947888.5367355,-33.65254211425781,7.7833404541015625,0
1762947888.544801,-34.28057098388672,8.232192993164062,1
1762947888.7314703,-34.78553009033203,7.692142486572266,0
1762947888.7314703,-33.00669479370117,7.655818939208984,0
1762947888.744896,-33.29764938354492,7.337348937988281,0
1762947888.744896,-34.09280776977539,7.540775299072266,0
1762947888.747416,-32.98905944824219,7.18585205078125,0
1762947888.9449797,-32.3302116394043,5.96221923828125,0
1762947888.9449797,-32.96589660644531,6.311702728271484,0
1762947888.9528081,-33.03871154785156,7.350749969482422,0
1762947888.9528081,-34.00244903564453,7.286136627197266,0
1762947888.9528081,-32.37251281738281,5.9340057373046875,0
1762947889.1452312,-32.59910583496094,8.03969955444336,0
1762947889.1452312,-34.01784896850586,9.23543930053711,1
1762947889.1588814,-33.464900970458984,8.534557342529297,1
1762947889.1588814,-34.098323822021484,7.003047943115234,0
1762947889.1588814,-33.49009704589844,7.440937042236328,0
1762947889.3498404,-33.27323913574219,7.7989959716796875,0
1762947889.3498404,-33.69252014160156,7.072509765625,0
1762947889.3498404,-33.368289947509766,7.1563262939453125,0
1762947889.3498404,-35.165645599365234,7.863605499267578,0
1762947889.365723,-33.35151290893555,7.112709045410156,0
1762947889.545768,-34.39010238647461,7.906223297119141,0
1762947889.545768,-33.271636962890625,8.730949401855469,1
1762947889.555996,-33.58511734008789,7.670360565185547,0
1762947889.555996,-32.328651428222656,6.653194427490234,0
1762947889.563978,-33.195316314697266,7.0309600830078125,0
1762947889.7458742,-34.5567512512207,8.20925521850586,1
1762947889.7458742,-34.38985061645508,7.179065704345703,0
1762947889.7615154,-32.4134521484375,7.579719543457031,0
1762947889.7615154,-35.6075325012207,6.6219635009765625,0
1762947889.7615154,-32.40605545043945,7.4435577392578125,0
1762947889.9503186,-30.80450439453125,7.826442718505859,0
1762947889.962094,-5.852634429931641,7.775712013244629,0
1762947889.9669468,-19.259185791015625,10.022005081176758,1
1762947889.9669468,-31.691335678100586,7.527383804321289,0
1762947889.9669468,-30.090621948242188,7.268989562988281,0
1762947890.1567664,-32.911033630371094,7.303920745849609,0
1762947890.1567664,-5.035673141479492,7.927245140075684,0
1762947890.1567664,-33.40614700317383,8.137248992919922,1
1762947890.1567664,-16.5526123046875,9.465383529663086,1
1762947890.1726406,-30.717697143554688,7.199291229248047,0
1762947890.3613875,-36.71806716918945,9.095367431640625,1
1762947890.3613875,-5.935343265533447,13.449822902679443,1
1762947890.3727434,-35.06325149536133,8.659740447998047,1
1762947890.3727434,-35.69630813598633,8.106304168701172,1
1762947890.3770494,-33.9823112487793,7.057704925537109,0
1762947890.5669153,-33.99894332885742,7.8426055908203125,0
1762947890.5669153,-4.129898548126221,7.673557758331299,0
1762947890.582564,-34.17707443237305,7.825542449951172,0
1762947890.582564,-34.49917221069336,7.483299255371094,0
1762947890.582564,-34.3382682800293,6.905651092529297,0
1762947890.8020027,-34.34176254272461,7.851787567138672,0
1762947890.8020027,-16.71754264831543,10.418750762939453,1
1762947890.8020027,-27.484230041503906,8.04892349243164,0
1762947890.8020027,-31.910947799682617,7.799112319946289,0
1762947890.8181279,-4.370915412902832,7.627660751342773,0
1762947891.0067775,-6.000074863433838,5.813878536224365,0
1762947891.0067775,-3.8713691234588623,7.630451440811157,0
1762947891.022549,-34.68778610229492,7.206855773925781,0
1762947891.022549,-32.285396575927734,7.649711608886719,0
1762947891.022549,-34.94783401489258,7.876773834228516,0
1762947891.2130966,-34.77660369873047,7.912509918212891,0
1762947891.2130966,-34.730552673339844,6.497917175292969,0
1762947891.2289155,-32.566341400146484,6.571811676025391,0
1762947891.2289155,-33.50838851928711,7.020622253417969,0
1762947891.2289155,-34.7014274597168,7.072772979736328,0
1762947891.41824,-34.39036178588867,8.226913452148438,1
1762947891.41824,-3.552156448364258,7.739411354064941,0
1762947891.4339359,-34.379268646240234,6.429008483886719,0
1762947891.4339359,-34.12637710571289,6.668907165527344,0
1762947891.4339359,-9.117926597595215,8.534092903137207,1
1762947891.631224,-8.993989944458008,8.27781867980957,1
1762947891.6396117,-8.613081932067871,11.425984382629395,1
1762947891.6396117,-10.9478120803833,9.94245433807373,1
1762947891.6396117,-8.519059181213379,11.46860408782959,1
1762947891.6475954,-10.914070129394531,10.849496841430664,1
1762947891.8478007,-11.149298667907715,10.347825050354004,1
1762947891.8478007,-8.560016632080078,10.114702224731445,1
1762947891.859386,-11.73936939239502,10.047080039978027,1
1762947891.859386,-8.471894264221191,10.7284574508667,1
1762947891.859386,-12.019233703613281,10.823713302612305,1
1762947892.0639975,-12.009957313537598,10.860278129577637,1
1762947892.0639975,-10.256068229675293,13.537861824035645,1
1762947892.0639975,-10.566490173339844,15.876701354980469,1
1762947892.0639975,-10.277962684631348,14.088221549987793,1
1762947892.0796561,-10.434979438781738,16.62186908721924,1
1762947892.2688415,-10.564549446105957,16.531447410583496,1
1762947892.2688415,-9.863720893859863,9.428095817565918,1
1762947892.2844868,-10.777167320251465,8.918047904968262,1
1762947892.2844868,-9.787590026855469,9.879920959472656,1
1762947892.2844868,-11.039151191711426,9.07477855682373,1
1762947892.4887917,-10.950922966003418,9.204276084899902,1
1762947892.4887917,-10.226380348205566,9.73220157623291,1
1762947892.4887917,-12.07221508026123,11.670037269592285,1
1762947892.4887917,-10.258312225341797,9.759321212768555,1
1762947892.4887917,-12.38649845123291,11.5978422164917,1
1762947892.6973386,-12.533467292785645,11.819832801818848,1
1762947892.6973386,-11.572158813476562,14.805444717407227,1
1762947892.6973386,-12.498035430908203,10.419830322265625,1
1762947892.7103753,-11.496119499206543,13.360623359680176,1
1762947892.7103753,-12.500361442565918,10.455485343933105,1
1762947892.9150617,-12.626791954040527,10.241623878479004,1
1762947892.9150617,-14.909038543701172,12.769571304321289,1
1762947892.9150617,-15.284706115722656,12.028070449829102,1
1762947892.9150617,-15.19904613494873,13.630158424377441,1
1762947892.9306922,-15.78492259979248,11.158574104309082,1
1762947893.135656,-15.47545337677002,10.747237205505371,1
1762947893.135656,-13.795910835266113,11.517483711242676,1
1762947893.1514397,-12.493080139160156,11.493520736694336,1
1762947893.1514397,-13.518170356750488,11.32253360748291,1
1762947893.1514397,-12.72954273223877,12.06850528717041,1
1762947893.3546238,-12.50992488861084,11.307589530944824,1
1762947893.3546238,-12.767239570617676,11.329377174377441,1
1762947893.3703284,-12.152854919433594,10.632625579833984,1
1762947893.3703284,-12.40468692779541,11.0070219039917,1
1762947893.3703284,-12.098795890808105,10.263895988464355,1
1762947893.5750513,-12.193374633789062,9.758968353271484,1
1762947893.5750513,-13.680603981018066,12.374629020690918,1
1762947893.5907044,-13.25340747833252,10.055190086364746,1
1762947893.5907044,-13.429823875427246,14.225106239318848,1
1762947893.5997317,-13.464276313781738,9.805031776428223,1
1762947893.7960413,-13.309234619140625,9.769758224487305,1
1762947893.7960413,-13.64789867401123,15.901335716247559,1
1762947893.7960413,-13.318329811096191,10.313227653503418,1
1762947893.7960413,-13.665715217590332,15.192290306091309,1
1762947893.8117635,-13.304387092590332,10.533669471740723,1
1762947894.0000823,-13.306134223937988,9.49863338470459,1
1762947894.0000823,-13.11633586883545,10.407515525817871,1
1762947894.0214903,-12.5149564743042,15.773381233215332,1
1762947894.0214903,-13.049138069152832,10.190085411071777,1
1762947894.0214903,-12.524550437927246,15.2044095993042,1
1762947894.225067,-12.458590507507324,16.887751579284668,1
1762947894.225067,-14.039101600646973,14.281441688537598,1
1762947894.2359898,-17.883020401000977,12.117820739746094,1
1762947894.2359898,-14.002902030944824,13.214926719665527,1
1762947894.2359898,-17.976669311523438,11.894426345825195,1
1762947894.45095,-17.675777435302734,11.515520095825195,1
1762947894.45095,-11.929183959960938,11.299713134765625,1
1762947894.4564164,-9.278107643127441,10.260380744934082,1
1762947894.4564164,-20.266380310058594,8.663572311401367,1
1762947894.4564164,-9.017852783203125,9.914543151855469,1
1762947894.6607454,-8.946447372436523,9.619083404541016,1
1762947894.6607454,-10.626432418823242,12.82634162902832,1
1762947894.676542,-11.998883247375488,13.148760795593262,1
1762947894.676542,-10.407581329345703,13.444353103637695,1
1762947894.676542,-12.149195671081543,12.539618492126465,1
1762947894.89754,-12.156620979309082,11.861495018005371,1
1762947894.89754,-11.352538108825684,12.932955741882324,1
1762947894.89754,-12.004380226135254,9.850493431091309,1
1762947894.89754,-11.254127502441406,13.233661651611328,1
1762947894.89754,-11.864222526550293,9.53255558013916,1
1762947895.1218805,-12.070316314697266,9.33116340637207,1
1762947895.1264703,-14.299666404724121,12.336176872253418,1
1762947895.1331396,-12.307093620300293,12.167071342468262,1
1762947895.1331396,-14.193580627441406,12.06906509399414,1
1762947895.1331396,-12.061569213867188,12.607227325439453,1
1762947895.337583,-11.481284141540527,12.289809226989746,1
1762947895.337583,-11.353904724121094,16.878950119018555,1
1762947895.3426507,-10.771313667297363,10.977982521057129,1
1762947895.3426507,-11.197264671325684,15.377081871032715,1
1762947895.3534472,-10.841793060302734,10.219524383544922,1
1762947895.558131,-10.76046085357666,10.71036434173584,1
1762947895.558131,-12.113703727722168,10.491497993469238,1
1762947895.5737672,-10.065559387207031,13.293355941772461,1
1762947895.581256,-12.169629096984863,10.864819526672363,1
1762947895.581256,-9.813515663146973,12.145562171936035,1
1762947895.793516,-9.931641578674316,13.044854164123535,1
1762947895.793516,-8.881698608398438,14.307580947875977,1
1762947895.8091812,-10.424500465393066,11.630261421203613,1
1762947895.8091812,-8.707613945007324,15.310486793518066,1
1762947895.8163707,-10.475239753723145,11.858750343322754,1
1762947896.0303626,-10.892483711242676,11.679533958435059,1
1762947896.0303626,-9.815021514892578,13.419132232666016,1
1762947896.0303626,-9.169413566589355,12.633591651916504,1
1762947896.0303626,-9.982353210449219,15.147907257080078,1
1762947896.046015,-8.930397987365723,11.996506690979004,1
1762947896.2525077,-8.956875801086426,12.129321098327637,1
1762947896.2525077,-11.887200355529785,13.819836616516113,1
1762947896.2525077,-10.951022148132324,12.301432609558105,1
1762947896.2666745,-12.231648445129395,14.716143608093262,1
1762947896.2666745,-11.150736808776855,12.907822608947754,1
1762947896.4721777,-11.359679222106934,12.278212547302246,1
1762947896.4721777,-10.482148170471191,11.868453025817871,1
1762947896.4878123,-11.70337963104248,13.020794868469238,1
1762947896.4878123,-10.689188957214355,11.620734214782715,1
1762947896.4878123,-11.971546173095703,13.249015808105469,1
1762947896.7090623,-11.837824821472168,13.396538734436035,1
1762947896.7156346,-13.316307067871094,15.550956726074219,1
1762947896.7205486,-10.292572021484375,12.176322937011719,1
1762947896.7205486,-13.670414924621582,16.89908504486084,1
1762947896.7276042,-10.368870735168457,11.587285041809082,1
1762947896.9447434,-10.330074310302734,11.992393493652344,1
1762947896.9447434,-10.555187225341797,15.477054595947266,1
1762947896.952871,-7.772411823272705,9.684693813323975,1
1762947896.952871,-10.816731452941895,15.429747581481934,1
1762947896.9604657,-7.635814666748047,9.546661376953125,1
1762947897.170782,-7.551693439483643,9.525037288665771,1
1762947897.170782,-8.117025375366211,9.98492431640625,1
1762947897.181303,-10.013880729675293,10.782225608825684,1
1762947897.181303,-8.378445625305176,10.023468971252441,1
1762947897.181303,-10.235450744628906,10.067174911499023,1
1762947897.40191,-10.226371765136719,11.231733322143555,1
1762947897.40191,-12.317249298095703,13.134973526000977,1
1762947897.40191,-14.642044067382812,14.24275016784668,1
1762947897.40191,-12.117454528808594,13.14901351928711,1
1762947897.4175432,-14.846489906311035,13.631558418273926,1
1762947897.6230228,-14.832167625427246,13.482169151306152,1
1762947897.6230228,-10.012704849243164,11.523807525634766,1
1762947897.641629,-8.202465057373047,8.986017227172852,1
1762947897.641629,-10.10173511505127,12.269476890563965,1
1762947897.641629,-8.241694450378418,9.050446510314941,1
1762947897.8760147,-8.298943519592285,9.042948722839355,1
1762947897.8760147,-10.383990287780762,16.334094047546387,1
1762947897.8760147,-9.879644393920898,15.700836181640625,1
1762947897.8916776,-10.3901948928833,15.571562767028809,1
1762947897.8916776,-9.682958602905273,14.69957160949707,1
1762947898.1109931,-10.129159927368164,14.900920867919922,1
1762947898.126663,-15.501540184020996,15.583800315856934,1
1762947898.126663,-13.091506958007812,10.893547058105469,1
1762947898.126663,-15.246589660644531,14.275960922241211,1
1762947898.126663,-13.04607105255127,10.195199012756348,1
1762947898.3630884,-13.193058967590332,10.429097175598145,1
1762947898.3630884,-12.592930793762207,12.220170021057129,1
1762947898.3630884,-12.019747734069824,12.31856632232666,1
1762947898.3630884,-12.558728218078613,11.759690284729004,1
1762947898.3787286,-11.593628883361816,11.717463493347168,1
1762947898.602325,-11.732098579406738,11.748787879943848,1
1762947898.602325,-8.243428230285645,12.323363304138184,1
1762947898.614119,-8.961740493774414,10.1658935546875,1
1762947898.614119,-8.227858543395996,13.169880867004395,1
1762947898.614119,-8.820998191833496,9.737711906433105,1
1762947898.8349776,-9.029616355895996,10.539521217346191,1
1762947898.8349776,-12.806907653808594,12.409299850463867,1
1762947898.85065,-11.655638694763184,13.133526802062988,1
1762947898.85065,-13.034828186035156,12.608270645141602,1
1762947898.8575342,-11.836274147033691,11.663487434387207,1
1762947899.0734634,-11.934517860412598,12.350306510925293,1
1762947899.0734634,-12.257731437683105,14.259190559387207,1
1762947899.089209,-9.115135192871094,15.250350952148438,1
1762947899.089209,-11.685829162597656,13.593315124511719,1
1762947899.089209,-9.088434219360352,13.194326400756836,1
1762947899.3090646,-10.358918190002441,14.842791557312012,1
1762947899.3090646,-10.869415283203125,11.965158462524414,1
1762947899.3248177,-9.875968933105469,11.27031135559082,1
1762947899.3248177,-9.631987571716309,12.143841743469238,1
1762947899.3248177,-9.677921295166016,11.496034622192383,1
1762947899.5624826,-9.919310569763184,11.6353178024292,1
1762947899.5624826,-18.92510414123535,11.598394393920898,1
1762947899.5624826,-12.293983459472656,11.584114074707031,1
1762947899.578176,-18.145132064819336,14.212583541870117,1
1762947899.578176,-10.922035217285156,11.286174774169922,1
1762947899.8007233,-10.53432559967041,11.781168937683105,1
1762947899.8007233,-10.93777847290039,11.848299026489258,1
1762947899.8007233,-15.242585182189941,12.038958549499512,1
1762947899.8007233,-11.021442413330078,12.272476196289062,1
1762947899.8168051,-15.434402465820312,14.171981811523438,1
1762947900.0392854,-15.602860450744629,14.062251091003418,1
1762947900.0392854,-11.993945121765137,13.146607398986816,1
1762947900.0392854,-12.409080505371094,11.491533279418945,1
1762947900.0392854,-12.153521537780762,12.725993156433105,1
1762947900.0565825,-12.698455810546875,10.613506317138672,1
1762947900.2781003,-12.664538383483887,10.858244895935059,1
1762947900.2781003,-11.094155311584473,11.660992622375488,1
1762947900.2781003,-12.00463581085205,10.003586769104004,1
1762947900.2781003,-11.12386703491211,11.892250061035156,1
1762947900.2941225,-12.138703346252441,9.509427070617676,1
1762947900.5148954,-11.853083610534668,9.52939510345459,1
1762947900.5148954,-16.558626174926758,11.898979187011719,1
1762947900.5306025,-19.321889877319336,12.354475021362305,1
1762947900.5306025,-16.327543258666992,11.549606323242188,1
1762947900.5306025,-18.77215003967285,12.103836059570312,1
1762947900.76672,-19.448488235473633,12.668622970581055,1
1762947900.76672,-13.00980281829834,15.84047794342041,1
1762947900.76672,-12.027873039245605,10.974955558776855,1
1762947900.76672,-13.067479133605957,14.998347282409668,1
1762947900.782475,-12.188758850097656,11.227642059326172,1
1762947901.0205078,-12.157305717468262,11.025572776794434,1
1762947901.0205078,-12.13309383392334,13.646782875061035,1
1762947901.0205078,-11.373616218566895,12.17296314239502,1
1762947901.0205078,-12.16041088104248,13.643839836120605,1
1762947901.0362098,-11.560925483703613,13.240267753601074,1
1762947901.2585735,-11.424453735351562,12.605438232421875,1
1762947901.2585735,-13.073837280273438,12.681880950927734,1
1762947901.2585735,-12.621841430664062,14.102680206298828,1
1762947901.2585735,-13.283902168273926,13.015854835510254,1
1762947901.2744453,-12.308337211608887,13.564608573913574,1
1762947901.4817727,-12.296749114990234,14.545330047607422,1
1762947901.4817727,-13.413887023925781,13.445165634155273,1
1762947901.4978764,-13.634730339050293,11.612225532531738,1
1762947901.4978764,-13.046170234680176,13.30056095123291,1
1762947901.4978764,-13.920842170715332,11.74904727935791,1
1762947901.7367036,-13.7809419631958,11.802319526672363,1
1762947901.7367036,-10.27338695526123,9.714537620544434,1
1762947901.7367036,-11.581295013427734,8.878929138183594,1
1762947901.7367036,-10.466181755065918,8.77833080291748,1
1762947901.752504,-11.666915893554688,8.98929214477539,1
1762947901.97561,-11.71704387664795,8.622635841369629,1
1762947901.97561,-13.318249702453613,13.453783988952637,1
1762947901.97561,-14.45091724395752,11.396098136901855,1
1762947901.97561,-12.98888111114502,13.192910194396973,1
1762947901.9914742,-13.834709167480469,11.112384796142578,1
1762947902.213142,-14.032137870788574,10.437216758728027,1
1762947902.213142,-10.079712867736816,9.88390827178955,1
1762947902.2290893,-12.897784233093262,12.3698091506958,1
1762947902.2290893,-10.329090118408203,9.761377334594727,1
1762947902.2290893,-12.986648559570312,10.805400848388672,1
1762947902.4674897,-12.757468223571777,11.369229316711426,1
1762947902.4674897,-14.09720516204834,10.963984489440918,1
1762947902.4674897,-17.136545181274414,13.87775993347168,1
1762947902.4674897,-13.843661308288574,11.577713966369629,1
1762947902.483506,-16.801376342773438,13.00510025024414,1
1762947902.7060242,-16.84731101989746,12.761028289794922,1
1762947902.7060242,-11.331124305725098,11.436797142028809,1
1762947902.722067,-13.760787963867188,9.13243293762207,1
1762947902.722067,-11.176883697509766,11.314456939697266,1
1762947902.722067,-13.674601554870605,9.170104026794434,1
1762947902.9611216,-13.541829109191895,9.494353294372559,1
1762947902.9611216,-10.946091651916504,11.370007514953613,1
1762947902.9611216,-12.841388702392578,10.339494705200195,1
1762947902.976884,-10.783275604248047,11.383407592773438,1
1762947902.976884,-13.201732635498047,10.428285598754883,1
1762947903.230171,-12.97919750213623,9.658751487731934,1
1762947903.230171,-10.699947357177734,10.911346435546875,1
1762947903.230171,-10.287938117980957,11.905426979064941,1
1762947903.230171,-10.703177452087402,10.256550788879395,1
1762947903.2462916,-10.409066200256348,12.065693855285645,1
1762947903.4842496,-10.794185638427734,11.974586486816406,1
1762947903.4842496,-12.831825256347656,10.373817443847656,1
1762947903.4842496,-11.618115425109863,16.379504203796387,1
1762947903.4842496,-13.107659339904785,10.53284740447998,1
1762947903.5002477,-11.906184196472168,14.891007423400879,1
1762947903.7387624,-11.721173286437988,15.347357749938965,1
1762947903.7387624,-11.572280883789062,10.085412979125977,1
1762947903.7545152,-12.528424263000488,15.349602699279785,1
1762947903.7545152,-11.065460205078125,9.691902160644531,1
1762947903.7614324,-12.458109855651855,14.545125007629395,1
1762947903.9937823,-12.5635404586792,14.6288423538208,1
1762947903.9937823,-9.064576148986816,10.133452415466309,1
1762947903.9937823,-11.190025329589844,9.392457962036133,1
1762947903.9937823,-9.171053886413574,9.839335441589355,1
1762947904.0098896,-11.04423999786377,9.676695823669434,1
1762947904.2479239,-11.229104042053223,9.32726001739502,1
1762947904.2479239,-12.597461700439453,11.196155548095703,1
1762947904.2479239,-11.207127571105957,9.01992130279541,1
1762947904.2479239,-12.464184761047363,11.092244148254395,1
1762947904.263756,-11.267036437988281,8.932130813598633,1
1762947904.5036116,-11.601283073425293,9.020745277404785,1
1762947904.5036116,-13.068757057189941,11.546595573425293,1
1762947904.5036116,-13.561461448669434,12.050959587097168,1
1762947904.5036116,-13.11205005645752,12.543427467346191,1
1762947904.5196333,-13.955538749694824,12.69086742401123,1
1762947904.7623458,-13.723220825195312,12.241867065429688,1
1762947904.7623458,-14.037545204162598,10.213898658752441,1
1762947904.7729974,-13.896624565124512,11.819872856140137,1
1762947904.7729974,-14.103569030761719,10.022783279418945,1
1762947904.7729974,-14.2642822265625,11.788171768188477,1
1762947905.0254002,-13.874743461608887,10.90874195098877,1
1762947905.0254002,-14.12526798248291,11.332844734191895,1
1762947905.0254002,-15.785183906555176,12.256104469299316,1
1762947905.0254002,-14.430069923400879,11.724961280822754,1
1762947905.0411568,-16.082380294799805,12.778343200683594,1
1762947905.280362,-16.114595413208008,11.720468521118164,1
1762947905.280362,-13.116920471191406,12.215190887451172,1
1762947905.2962747,-12.413128852844238,10.095990180969238,1
1762947905.2962747,-12.751998901367188,11.273744583129883,1
1762947905.2962747,-12.6010160446167,11.23336124420166,1
1762947905.5699325,-12.2570161819458,11.021929740905762,1
1762947905.5699325,-14.138514518737793,11.376463890075684,1
1762947905.573348,-16.346351623535156,12.127878189086914,1
1762947905.573348,-14.19751262664795,10.754002571105957,1
1762947905.5853472,-16.183984756469727,11.751922607421875,1
1762947905.8403227,-16.94710350036621,12.283145904541016,1
1762947905.8403227,-18.194002151489258,13.50149154663086,1
1762947905.8457654,-15.697192192077637,13.359444618225098,1
1762947905.8457654,-17.977371215820312,13.915616989135742,1
1762947905.8518748,-15.917556762695312,13.50880241394043,1
1762947906.1056128,-15.511275291442871,13.155610084533691,1
1762947906.1056128,-14.706561088562012,10.64156436920166,1
1762947906.121592,-14.526893615722656,14.247535705566406,1
1762947906.121592,-14.88043212890625,11.339750289916992,1
1762947906.121592,-14.86667251586914,15.783502578735352,1
1762947906.3938367,-14.748844146728516,14.643587112426758,1
1762947906.3938367,-12.666502952575684,11.230093955993652,1
1762947906.3989317,-11.571433067321777,12.328038215637207,1
1762947906.3989317,-12.47885513305664,10.700624465942383,1
1762947906.4076707,-11.294697761535645,12.743700981140137,1
1762947906.663192,-11.619881629943848,12.32618236541748,1
1762947906.663192,-15.121197700500488,11.03606128692627,1
1762947906.6782777,-12.316859245300293,9.195530891418457,1
1762947906.6782777,-14.803169250488281,10.94127082824707,1
1762947906.6782777,-12.1199951171875,10.023096084594727,1
1762947906.941653,-11.670844078063965,9.671393394470215,1
1762947906.948865,-13.8193941116333,16.706459999084473,1
1762947906.948865,-11.339591979980469,12.213115692138672,1
1762947906.948865,-13.54333209991455,15.36083698272705,1
1762947906.948865,-11.211734771728516,12.060182571411133,1
1762947907.2040956,-10.887866020202637,11.662034034729004,1
1762947907.2040956,-13.804939270019531,10.274147033691406,1
1762947907.2201333,-14.83599853515625,12.140167236328125,1
1762947907.2201333,-13.935711860656738,10.468214988708496,1
1762947907.2201333,-15.483752250671387,11.020028114318848,1
1762947907.489886,-15.193207740783691,11.543299674987793,1
1762947907.489886,-11.177879333496094,11.345491409301758,1
1762947907.489886,-13.020524024963379,12.218966484069824,1
1762947907.489886,-11.424304008483887,12.052882194519043,1
1762947907.489886,-13.19078540802002,12.438691139221191,1
1762947907.792931,-13.104596138000488,12.769478797912598,1
1762947907.792931,-15.176104545593262,11.81868839263916,1
1762947907.8089094,-15.988627433776855,12.149125099182129,1
1762947907.8089094,-15.134254455566406,12.431739807128906,1
1762947907.8089094,-16.202499389648438,12.570026397705078,1
1762947908.094733,-15.780105590820312,12.63485336303711,1
1762947908.094733,-12.967220306396484,13.626836776733398,1
1762947908.094733,-12.985630989074707,11.584532737731934,1
1762947908.094733,-13.082855224609375,12.53200912475586,1
1762947908.109913,-13.045310974121094,13.045934677124023,1
1762947908.3782153,-13.192538261413574,12.619111061096191,1
1762947908.3782153,-12.597746849060059,10.854657173156738,1
1762947908.3782153,-14.590250968933105,10.320197105407715,1
1762947908.3782153,-12.91256332397461,10.410577774047852,1
1762947908.3782153,-14.81386947631836,10.610565185546875,1
1762947908.6506705,-14.99375057220459,10.710007667541504,1
1762947908.6506705,-12.779404640197754,9.870291709899902,1
1762947908.6644325,-12.381415367126465,12.84824275970459,1
1762947908.6644325,-12.756858825683594,11.021326065063477,1
1762947908.6644325,-12.414860725402832,11.715252876281738,1
1762947908.9321508,-12.012531280517578,11.129388809204102,1
1762947908.9480994,-14.858473777770996,13.509533882141113,1
1762947908.9480994,-16.186983108520508,11.263704299926758,1
1762947908.9480994,-15.014243125915527,14.067519187927246,1
1762947908.9480994,-16.461158752441406,11.503778457641602,1
1762947909.233255,-16.103487014770508,11.151712417602539,1
1762947909.233255,-13.843836784362793,10.749302864074707,1
1762947909.233255,-13.570502281188965,11.468972206115723,1
1762947909.233255,-13.940811157226562,11.004838943481445,1
1762947909.2489605,-14.016417503356934,12.35556697845459,1
1762947909.5183027,-13.667556762695312,13.433660507202148,1
1762947909.5183027,-11.062786102294922,12.072822570800781,1
1762947909.5183027,-11.778822898864746,13.94600772857666,1
1762947909.5183027,-11.276158332824707,12.867838859558105,1
1762947909.5183027,-11.639041900634766,12.535797119140625,1
1762947909.7889948,-11.48540210723877,12.788840293884277,1
1762947909.7889948,-15.529430389404297,13.220146179199219,1
1762947909.7889948,-12.696003913879395,14.388516426086426,1
1762947909.7889948,-15.885154724121094,13.405237197875977,1
1762947909.805131,-12.645069122314453,14.809148788452148,1
1762947910.0657125,-12.509864807128906,14.07497787475586,1
1762947910.0657125,-13.851226806640625,11.166074752807617,1
1762947910.0748584,-12.73047924041748,10.857697486877441,1
1762947910.0748584,-13.83240795135498,11.470887184143066,1
1762947910.0748584,-13.02597713470459,10.95234203338623,1
1762947910.3449388,-13.536181449890137,10.406264305114746,1
1762947910.3449388,-14.982884407043457,13.199978828430176,1
1762947910.3606646,-14.558517456054688,12.190641403198242,1
1762947910.3606646,-14.628809928894043,12.993231773376465,1
1762947910.3659587,-14.887118339538574,12.435553550720215,1
1762947910.6465895,-14.626606941223145,12.27098560333252,1
1762947910.6465895,-18.7203426361084,13.408483505249023,1
1762947910.6465895,-18.471267700195312,13.927310943603516,1
1762947910.6465895,-19.09303092956543,13.281091690063477,1
1762947910.6667824,-18.240800857543945,12.099721908569336,1
1762947910.9323485,-17.93900489807129,11.6414794921875,1
1762947910.9323485,-15.490089416503906,12.066112518310547,1
1762947910.9323485,-14.62841796875,11.037286758422852,1
1762947910.9323485,-15.942462921142578,14.819648742675781,1
1762947910.9323485,-15.388781547546387,11.123080253601074,1
1762947911.217974,-16.355318069458008,11.308252334594727,1
1762947911.217974,-22.31928062438965,12.566995620727539,1
1762947911.217974,-16.994657516479492,10.743209838867188,1
1762947911.217974,-21.753433227539062,13.16796875,1
1762947911.217974,-16.665775299072266,9.888179779052734,1
1762947911.4868686,-17.191181182861328,10.701597213745117,1
1762947911.4868686,-19.961057662963867,10.947212219238281,1
1762947911.5029614,-19.43265724182129,11.376495361328125,1
1762947911.5029614,-21.234272003173828,13.744392395019531,1
1762947911.5029614,-19.74635124206543,12.616106033325195,1
1762947911.8049462,-19.42506980895996,11.980997085571289,1
1762947911.8049462,-22.90025520324707,14.17448616027832,1
1762947911.8049462,-20.18456268310547,11.437114715576172,1
1762947911.8049462,-22.136560440063477,13.512853622436523,1
1762947911.8207831,-19.568710327148438,10.875041961669922,1
1762947912.090578,-19.661426544189453,11.931158065795898,1
1762947912.090578,-20.40877342224121,11.897787094116211,1
1762947912.090578,-19.659149169921875,11.499860763549805,1
1762947912.1065812,-20.57706642150879,11.45823860168457,1
1762947912.1065812,-19.887903213500977,12.406671524047852,1
1762947912.392204,-19.8686580657959,12.742650985717773,1
1762947912.392204,-18.404695510864258,12.136724472045898,1
1762947912.407981,-18.533472061157227,10.786808013916016,1
1762947912.407981,-18.672582626342773,13.436967849731445,1
1762947912.407981,-18.342308044433594,10.534687042236328,1
1762947912.7101138,-18.0806884765625,10.284908294677734,1
1762947912.7101138,-16.811491012573242,12.06910514831543,1
1762947912.7101138,-16.875829696655273,10.487264633178711,1
1762947912.7101138,-16.708114624023438,11.785491943359375,1
1762947912.7224658,-17.009660720825195,12.026800155639648,1
1762947913.0121925,-16.86671257019043,11.473297119140625,1
1762947913.0121925,-13.09906005859375,10.105993270874023,1
1762947913.0121925,-14.63971996307373,13.78409481048584,1
1762947913.0121925,-12.775596618652344,10.678094863891602,1
1762947913.0288801,-14.781018257141113,13.532320976257324,1
1762947913.3138008,-14.7908353805542,13.727591514587402,1
1762947913.3138008,-13.181065559387207,11.037701606750488,1
1762947913.3138008,-15.332928657531738,12.668208122253418,1
1762947913.3138008,-13.344315528869629,10.797307014465332,1
1762947913.3294508,-15.469551086425781,12.693096160888672,1
1762947913.6086547,-15.306401252746582,11.661206245422363,1
1762947913.6086547,-20.019193649291992,10.948331832885742,1
1762947913.6151233,-20.09347915649414,13.144412994384766,1
1762947913.6151233,-21.138296127319336,11.207796096801758,1
1762947913.6151233,-20.125646591186523,12.444700241088867,1
1762947913.9001093,-21.004379272460938,12.260414123535156,1
1762947913.9001093,-16.589624404907227,10.658933639526367,1
1762947913.9157388,-17.075342178344727,12.397438049316406,1
1762947913.9157388,-15.831779479980469,10.193521499633789,1
1762947913.9157388,-17.04587745666504,11.484153747558594,1
1762947914.2194653,-16.977575302124023,12.467411041259766,1
1762947914.2194653,-16.35919952392578,13.405166625976562,1
1762947914.2194653,-18.631715774536133,11.156736373901367,1
1762947914.2194653,-16.364028930664062,12.080791473388672,1
1762947914.235306,-19.17716407775879,11.643239974975586,1
1762947914.521844,-18.78236198425293,11.589094161987305,1
1762947914.521844,-18.269561767578125,15.315059661865234,1
1762947914.537977,-16.333860397338867,9.771114349365234,1
1762947914.537977,-18.658903121948242,13.739015579223633,1
1762947914.537977,-15.929879188537598,9.841828346252441,1
1762947914.8402963,-16.04998207092285,10.007692337036133,1
1762947914.8402963,-20.100860595703125,14.138912200927734,1
1762947914.8402963,-23.193872451782227,15.992860794067383,1
1762947914.8402963,-20.550317764282227,13.65379524230957,1
1762947914.8402963,-23.076156616210938,14.798511505126953,1
1762947915.1250126,-22.999746322631836,13.182035446166992,1
1762947915.1250126,-19.009613037109375,14.852413177490234,1
1762947915.1407502,-19.277820587158203,11.551715850830078,1
1762947915.1407502,-18.44463348388672,12.967493057250977,1
1762947915.1407502,-18.300920486450195,11.272106170654297,1
1762947915.4670117,-17.9355411529541,10.76478385925293,1
1762947915.4670117,-18.772253036499023,11.729324340820312,1
1762947915.4730988,-16.58542823791504,12.203929901123047,1
1762947915.4730988,-18.89638328552246,12.246360778808594,1
1762947915.4730988,-17.138717651367188,11.718734741210938,1
1762947915.7716758,-17.018310546875,10.977272033691406,1
1762947915.7716758,-17.54269027709961,11.247798919677734,1
1762947915.787597,-15.383801460266113,9.829562187194824,1
1762947915.787597,-17.305261611938477,10.944917678833008,1
1762947915.787597,-15.602320671081543,10.142508506774902,1
1762947916.073028,-15.213994026184082,9.481169700622559,1
1762947916.073028,-17.526308059692383,10.883668899536133,1
1762947916.0890443,-18.161497116088867,10.803642272949219,1
1762947916.0890443,-17.86878204345703,11.170011520385742,1
1762947916.0890443,-18.26682472229004,11.423521041870117,1
1762947916.3905108,-18.12261199951172,11.34473991394043,1
1762947916.3905108,-22.28779411315918,13.679014205932617,1
1762947916.4062045,-21.109357833862305,11.922544479370117,1
1762947916.4062045,-22.750085830688477,13.59931755065918,1
1762947916.4062045,-21.485898971557617,11.476144790649414,1
1762947916.7089093,-21.978897094726562,12.305633544921875,1
1762947916.7089093,-33.429443359375,6.093498229980469,0
1762947916.7248213,-33.367984771728516,7.342929840087891,0
1762947916.7248213,-33.31837844848633,6.786411285400391,0
1762947916.7248213,-33.64326095581055,8.053657531738281,0
1762947917.02722,-34.875,8.27895736694336,1
1762947917.02722,-33.054115295410156,7.642589569091797,0
1762947917.0431104,-32.960975646972656,7.140289306640625,0
1762947917.0431104,-34.76921463012695,7.420684814453125,0
1762947917.0431104,-33.505470275878906,7.416175842285156,0
1762947917.3624532,-35.56235885620117,9.661155700683594,1
1762947917.3624532,-32.301246643066406,6.798896789550781,0
1762947917.3739414,-34.461612701416016,6.021877288818359,0
1762947917.3739414,-33.81482696533203,8.072929382324219,0
1762947917.3784873,-33.524513244628906,8.30307388305664,1
1762947917.7106025,-34.17075729370117,6.018001556396484,0
1762947917.7106025,-34.66309356689453,8.782417297363281,1
1762947917.7106025,-31.536727905273438,6.347023010253906,0
1762947917.7106025,-33.15936279296875,7.598335266113281,0
1762947917.7106025,-34.17155456542969,6.5710296630859375,0
1762947918.042547,-33.4051399230957,7.8689117431640625,0
1762947918.042547,-30.589265823364258,6.324853897094727,0
1762947918.042547,-33.58221435546875,7.505126953125,0
1762947918.042547,-34.94063186645508,8.01694107055664,0
1762947918.0596986,-31.454736709594727,7.150945663452148,0
1762947918.3755655,-34.39284896850586,8.719860076904297,1
1762947918.3755655,-31.4573974609375,7.447410583496094,0
1762947918.3807213,-34.65494155883789,7.884098052978516,0
1762947918.3807213,-33.787139892578125,6.2181549072265625,0
1762947918.3914986,-33.41228485107422,5.271514892578125,0
1762947918.6909273,-34.623863220214844,8.135932922363281,1
1762947918.6909273,-34.592655181884766,7.943050384521484,0
1762947918.706586,-34.45298767089844,9.396469116210938,1
1762947918.706586,-33.766300201416016,7.40191650390625,0
1762947918.706586,-34.37539291381836,6.930278778076172,0
1762947919.008024,-33.62428283691406,7.284477233886719,0
1762947919.008024,-33.56524658203125,7.3426666259765625,0
1762947919.0238605,-33.64763259887695,7.096302032470703,0
1762947919.0238605,-34.8045654296875,6.771495819091797,0
1762947919.0238605,-32.75288009643555,7.724842071533203,0
1762947919.342442,-32.28959274291992,8.134777069091797,1
1762947919.342442,-34.26216506958008,8.180744171142578,1
1762947919.3581207,-33.9965705871582,7.798088073730469,0
1762947919.3581207,-34.37794494628906,7.7865753173828125,0
1762947919.3581207,-34.3380126953125,6.824687957763672,0
1762947919.6916537,-33.648799896240234,7.78985595703125,0
1762947919.6916537,-33.370296478271484,8.139972686767578,1
1762947919.6916537,-33.349369049072266,6.514080047607422,0
1762947919.6916537,-33.39077377319336,6.998882293701172,0
1762947919.6916537,-33.45390319824219,6.812816619873047,0
1762947920.038762,-33.54946517944336,8.512657165527344,1
1762947920.038762,-31.8848876953125,6.448333740234375,0
1762947920.038762,-34.13822555541992,7.575527191162109,0
1762947920.038762,-32.198211669921875,6.57257080078125,0
1762947920.038762,-34.598087310791016,6.797237396240234,0
1762947920.3872628,-34.06089401245117,7.7450408935546875,0
1762947920.3872628,-33.95090103149414,7.2298736572265625,0
1762947920.3872628,-33.04002380371094,6.756591796875,0
1762947920.3872628,-32.87655258178711,6.6776885986328125,0
1762947920.4029324,-31.448976516723633,8.013277053833008,0
1762947920.7199373,-33.775840759277344,7.562770843505859,0
1762947920.7199373,-33.92206573486328,7.099117279052734,0
1762947920.7199373,-33.18757247924805,7.8099822998046875,0
1762947920.7199373,-35.670143127441406,6.991260528564453,0
1762947920.735654,-33.89638137817383,8.048053741455078,0
1762947921.0346878,-33.76935958862305,8.247947692871094,1
1762947921.0346878,-29.925247192382812,6.517829895019531,0
1762947921.0346878,-30.764089584350586,7.766725540161133,0
1762947921.0346878,-6.293437957763672,7.543587684631348,0
1762947921.0346878,-32.302642822265625,6.1723175048828125,0
1762947921.3187904,-32.4676513671875,7.4142608642578125,0
1762947921.3187904,-32.93571853637695,7.475166320800781,0
1762947921.3344774,-34.74415588378906,6.256744384765625,0
1762947921.3344774,-33.86834716796875,7.5694122314453125,0
1762947921.3344774,-34.35617446899414,7.779140472412109,0
1762947921.6345925,-35.038639068603516,7.805149078369141,0
1762947921.6345925,-14.135833740234375,10.661460876464844,1
1762947921.6505024,-31.304784774780273,8.230684280395508,1
1762947921.6505024,-32.01029968261719,8.449413299560547,1
1762947921.6505024,-3.5650932788848877,7.569102048873901,0
1762947921.935364,-32.6538200378418,11.086456298828125,1
1762947921.935364,-33.4881591796875,7.6950225830078125,0
1762947921.935364,-33.841548919677734,7.68408203125,0
1762947921.935364,-34.52318572998047,6.799518585205078,0
1762947921.9510431,-5.2460174560546875,7.815118789672852,0
1762947922.2511547,-33.418724060058594,8.191909790039062,1
1762947922.2511547,-34.85969543457031,8.261669158935547,1
1762947922.2511547,-33.0136604309082,7.8419036865234375,0
1762947922.2511547,-34.7400016784668,8.337467193603516,1
1762947922.2668643,-10.503134727478027,7.5912275314331055,0
1762947922.5675015,-34.55620193481445,10.256031036376953,1
1762947922.5675015,-15.600387573242188,11.553911209106445,1
1762947922.5675015,-17.188016891479492,12.741975784301758,1
1762947922.5675015,-15.44572925567627,10.921502113342285,1
1762947922.5786827,-16.949241638183594,11.318014144897461,1
1762947922.8819742,-16.85219383239746,11.64828872680664,1
1762947922.8819742,-10.945504188537598,11.934218406677246,1
1762947922.8880274,-10.88513469696045,12.557452201843262,1
1762947922.8880274,-10.698142051696777,11.925858497619629,1
1762947922.8980415,-10.5554838180542,12.054825782775879,1
1762947923.1827223,-10.302800178527832,12.465218544006348,1
1762947923.1827223,-11.532288551330566,10.304564476013184,1
1762947923.1827223,-9.061039924621582,10.931107521057129,1
1762947923.1979935,-11.570358276367188,10.35240364074707,1
1762947923.1979935,-9.242083549499512,10.857684135437012,1
1762947923.4827764,-9.692065238952637,11.081475257873535,1
1762947923.4827764,-16.299972534179688,9.907970428466797,1
1762947923.4985788,-15.432257652282715,13.00951099395752,1
1762947923.4985788,-16.16797637939453,10.385047912597656,1
1762947923.4985788,-14.602755546569824,10.775017738342285,1
1762947923.7985566,-14.170729637145996,11.851916313171387,1
1762947923.7985566,-14.494232177734375,10.956693649291992,1
1762947923.7985566,-12.661018371582031,10.214611053466797,1
1762947923.7985566,-14.425579071044922,11.854606628417969,1
1762947923.8142776,-12.495818138122559,9.291522026062012,1
1762947924.1298232,-13.290382385253906,9.9912109375,1
1762947924.1298232,-18.626731872558594,10.099977493286133,1
1762947924.1298232,-17.978940963745117,13.61338996887207,1
1762947924.1298232,-17.881418228149414,9.037496566772461,1
1762947924.1455677,-17.272125244140625,13.298582077026367,1
1762947924.4618118,-16.547616958618164,12.380104064941406,1
1762947924.4618118,-11.398048400878906,10.900016784667969,1
1762947924.4618118,-13.414584159851074,16.12150478363037,1
1762947924.4618118,-11.49158000946045,11.147236824035645,1
1762947924.4800668,-13.500225067138672,15.779415130615234,1
1762947924.9531753,-13.377098083496094,16.176603317260742,1
1762947924.9531753,-11.977375984191895,14.427210807800293,1
1762947924.9531753,-12.042128562927246,11.613932609558105,1
1762947924.9531753,-12.083534240722656,14.930761337280273,1
1762947924.9688954,-11.856688499450684,11.101912498474121,1
1762947925.2684684,-11.72742748260498,10.605372428894043,1
1762947925.2684684,-15.845816612243652,12.330899238586426,1
1762947925.281052,-14.94456958770752,12.670428276062012,1
1762947925.281052,-15.183277130126953,11.618415832519531,1
1762947925.2841644,-14.555384635925293,11.54198169708252,1
1762947925.5829859,-14.804527282714844,11.44732666015625,1
1762947925.5986404,-15.142781257629395,12.807957649230957,1
1762947925.5986404,-16.288076400756836,11.286216735839844,1
1762947925.5986404,-15.03643798828125,12.137487411499023,1
1762947925.5986404,-16.52777099609375,12.529449462890625,1
1762947925.945853,-15.787371635437012,11.301657676696777,1
1762947925.945853,-12.640434265136719,10.60030746459961,1
1762947925.9619524,-13.68276309967041,11.64653491973877,1
1762947925.9619524,-11.680407524108887,10.89186954498291,1
1762947925.9619524,-13.639689445495605,10.388337135314941,1
1762947926.2612112,-13.855006217956543,10.587370872497559,1
1762947926.2612112,-14.567883491516113,15.286486625671387,1
1762947926.2769074,-15.86471176147461,14.408008575439453,1
1762947926.2769074,-14.217803001403809,14.160843849182129,1
1762947926.2829812,-21.624135971069336,11.202909469604492,1
1762947926.5611727,-16.06818962097168,14.19217300415039,1
1762947926.5611727,-18.700111389160156,13.227224349975586,1
1762947926.577209,-14.307144165039062,10.162042617797852,1
1762947926.577209,-18.854583740234375,12.234018325805664,1
1762947926.5832589,-14.36828327178955,10.527750968933105,1
1762947926.8834066,-14.315296173095703,12.264387130737305,1
1762947926.8834066,-16.575695037841797,14.11941909790039,1
1762947926.8929658,-11.032295227050781,12.570695877075195,1
1762947926.8929658,-16.23615837097168,14.564722061157227,1
1762947926.8929658,-11.32953929901123,12.775084495544434,1
1762947927.1926346,-12.133662223815918,13.59174633026123,1
1762947927.1926346,-14.519482612609863,11.705233573913574,1
1762947927.1926346,-13.102892875671387,11.437630653381348,1
1762947927.1926346,-14.852534294128418,12.532605171203613,1
1762947927.208535,-12.86419677734375,12.083589553833008,1
1762947927.516078,-12.856301307678223,11.363760948181152,1
1762947927.5168386,-14.615684509277344,13.993171691894531,1
1762947927.5224535,-8.631152153015137,11.981226921081543,1
1762947927.5224535,-14.619011878967285,14.405243873596191,1
1762947927.5306153,-8.656192779541016,14.120500564575195,1
1762947927.8247373,-8.795406341552734,14.084661483764648,1
1762947927.8247373,-9.054781913757324,14.328007698059082,1
1762947927.840747,-14.618247032165527,13.633902549743652,1
1762947927.840747,-8.9732027053833,14.610617637634277,1
1762947927.840747,-14.846253395080566,14.718417167663574,1
1762947928.15601,-14.379290580749512,13.368325233459473,1
1762947928.15601,-12.81296157836914,14.561481475830078,1
1762947928.15601,-10.980945587158203,11.559598922729492,1
1762947928.15601,-12.079949378967285,11.278443336486816,1
1762947928.1721218,-11.2442045211792,11.300114631652832,1
1762947928.488356,-11.278636932373047,11.325506210327148,1
1762947928.488356,-12.305401802062988,12.599383354187012,1
1762947928.488356,-14.244888305664062,12.214225769042969,1
1762947928.488356,-12.181635856628418,11.324759483337402,1
1762947928.5040596,-14.254490852355957,11.171557426452637,1
1762947928.804251,-14.120007514953613,11.8211088180542,1
1762947928.804251,-13.610145568847656,13.071640014648438,1
1762947928.8204234,-10.64779281616211,10.884405136108398,1
1762947928.8204234,-13.457855224609375,12.498371124267578,1
1762947928.8204234,-10.74596881866455,11.3948335647583,1
1762947929.1217337,-10.594120025634766,12.681224822998047,1
1762947929.1217337,-10.643577575683594,10.36196517944336,1
1762947929.137457,-11.975616455078125,9.76783561706543,1
1762947929.137457,-10.996414184570312,10.379444122314453,1
1762947929.137457,-11.900238037109375,9.500120162963867,1
1762947929.453035,-11.865081787109375,9.671375274658203,1
1762947929.453035,-9.91043472290039,10.662210464477539,1
1762947929.4687636,-11.764756202697754,12.075095176696777,1
1762947929.4687636,-9.794384002685547,10.667631149291992,1
1762947929.4687636,-11.597737312316895,11.969752311706543,1
1762947929.7857406,-11.796982765197754,11.5507230758667,1
1762947929.7857406,-9.76285171508789,9.84286117553711,1
1762947929.7857406,-18.56666374206543,10.992362976074219,1
1762947929.8006496,-9.737588882446289,9.554670333862305,1
1762947929.8006496,-10.035361289978027,18.177495002746582,1
1762947930.1325872,-9.731600761413574,17.783377647399902,1
1762947930.1325872,-11.89651107788086,14.908323287963867,1
1762947930.1325872,-9.781524658203125,9.605401992797852,1
1762947930.1325872,-11.988624572753906,14.467681884765625,1
1762947930.1483033,-9.695305824279785,9.631415367126465,1
1762947930.4640808,-9.895129203796387,10.026169776916504,1
1762947930.4640808,-11.23376178741455,9.870491981506348,1
1762947930.4640808,-12.015276908874512,11.7162446975708,1
1762947930.4640808,-11.722989082336426,11.285996437072754,1
1762947930.479778,-12.224715232849121,11.632039070129395,1
1762947930.796263,-12.28751277923584,11.72887897491455,1
1762947930.796263,-11.06099796295166,12.352683067321777,1
1762947930.8121073,-11.312748908996582,10.113430976867676,1
1762947930.8121073,-11.646702766418457,12.340256690979004,1
1762947930.8121073,-11.435356140136719,10.448297500610352,1
1762947931.1273227,-11.541473388671875,10.165994644165039,1
1762947931.1273227,-13.432934761047363,15.842368125915527,1
1762947931.1430504,-12.535957336425781,11.808658599853516,1
1762947931.1430504,-13.220736503601074,14.259949684143066,1
1762947931.1430504,-12.230735778808594,11.128442764282227,1
1762947931.4753664,-12.496098518371582,11.469147682189941,1
1762947931.4753664,-12.22612476348877,10.461358070373535,1
1762947931.4753664,-10.879277229309082,13.137166023254395,1
1762947931.4753664,-12.325772285461426,10.135172843933105,1
1762947931.4914997,-10.95329761505127,12.862183570861816,1
1762947931.8238454,-10.766475677490234,13.851762771606445,1
1762947931.8238454,-12.300483703613281,12.813362121582031,1
1762947931.8238454,-11.86185073852539,10.635786056518555,1
1762947931.8238454,-12.200079917907715,12.608588218688965,1
1762947931.8238454,-12.25536060333252,10.825858116149902,1
1762947932.1394067,-12.097088813781738,11.04145336151123,1
1762947932.1394067,-17.310161590576172,13.782918930053711,1
1762947932.1552367,-13.743412017822266,12.9427490234375,1
1762947932.1552367,-17.184377670288086,12.485305786132812,1
1762947932.1552367,-13.44501781463623,12.612015724182129,1
1762947932.5070982,-13.475341796875,12.907936096191406,1
1762947932.5076709,-11.290397644042969,9.970575332641602,1
1762947932.5116308,-10.783287048339844,11.641986846923828,1
1762947932.5116308,-11.279618263244629,9.51339054107666,1
1762947932.5220551,-10.54596996307373,11.834395408630371,1
1762947932.8348339,-10.645243644714355,12.969889640808105,1
1762947932.8348339,-11.477873802185059,16.294623374938965,1
1762947932.8348339,-9.070416450500488,10.739922523498535,1
1762947932.8348339,-11.604668617248535,16.040717124938965,1
1762947932.8505328,-9.089215278625488,11.145617485046387,1
1762947933.1846895,-8.904816627502441,11.514754295349121,1
1762947933.1846895,-11.736201286315918,11.213471412658691,1
1762947933.1895986,-12.301663398742676,13.0518217086792,1
1762947933.1895986,-11.954815864562988,10.791007041931152,1
1762947933.2005236,-12.639966011047363,11.45188045501709,1
1762947933.5167801,-12.509124755859375,12.592910766601562,1
1762947933.5167801,-13.364745140075684,9.360669136047363,1
1762947933.5326858,-12.121848106384277,13.373282432556152,1
1762947933.5326858,-13.578654289245605,9.913722038269043,1
1762947933.5326858,-12.322819709777832,14.244881629943848,1
1762947933.8646305,-12.106490135192871,15.106553077697754,1
1762947933.8646305,-13.329612731933594,11.45376968383789,1
1762947933.8806043,-14.207732200622559,9.591862678527832,1
1762947933.8806043,-13.534008979797363,11.750897407531738,1
1762947933.8806043,-13.892803192138672,9.732940673828125,1
1762947934.2111092,-14.121696472167969,10.122997283935547,1
1762947934.2111092,-12.11303424835205,14.288050651550293,1
1762947934.2111092,-11.074206352233887,12.647690773010254,1
1762947934.2269635,-11.932235717773438,13.406576156616211,1
1762947934.2269635,-11.033336639404297,13.184993743896484,1
1762947934.5751464,-10.76907730102539,12.451852798461914,1
1762947934.5751464,-11.818148612976074,10.318205833435059,1
1762947934.5751464,-11.798881530761719,11.241750717163086,1
1762947934.5751464,-11.657023429870605,10.911585807800293,1
1762947934.5907261,-11.924942016601562,11.719350814819336,1
1762947934.9056332,-11.967249870300293,11.421584129333496,1
1762947934.9056332,-11.035876274108887,9.326733589172363,1
1762947934.9214044,-9.942519187927246,10.816670417785645,1
1762947934.9214044,-11.283950805664062,9.750879287719727,1
1762947934.9214044,-9.842571258544922,11.147577285766602,1
1762947935.2538686,-10.116080284118652,11.100895881652832,1
1762947935.2538686,-10.794474601745605,10.602896690368652,1
1762947935.2699132,-10.676648139953613,13.228558540344238,1
1762947935.2699132,-10.746703147888184,9.82913875579834,1
1762947935.2699132,-10.602214813232422,13.741983413696289,1
1762947935.5858107,-10.577052116394043,13.861950874328613,1
1762947935.5858107,-12.62169361114502,11.311060905456543,1
1762947935.591887,-13.097249031066895,10.774134635925293,1
1762947935.591887,-12.477849006652832,11.558974266052246,1
1762947935.601888,-12.949997901916504,11.354805946350098,1
1762947935.9184077,-13.169390678405762,10.937941551208496,1
1762947935.9184077,-11.54955005645752,10.696221351623535,1
1762947935.9341433,-12.415390014648438,15.524669647216797,1
1762947935.9341433,-11.586627006530762,10.889931678771973,1
1762947935.9341433,-12.816052436828613,15.298792839050293,1
1762947936.2498355,-12.791152954101562,15.223148345947266,1
1762947936.2498355,-13.457613945007324,16.064005851745605,1
1762947936.2498355,-11.615574836730957,13.475935935974121,1
1762947936.2498355,-13.351140022277832,16.217392921447754,1
1762947936.265592,-11.82728099822998,14.809355735778809,1
1762947936.5818634,-11.971640586853027,14.274678230285645,1
1762947936.5818634,-13.956448554992676,12.639809608459473,1
1762947936.5929356,-13.025202751159668,12.163399696350098,1
1762947936.5929356,-14.302937507629395,12.709210395812988,1
1762947936.5979562,-12.92686939239502,12.60071849822998,1
1762947936.9141655,-12.819862365722656,11.970705032348633,1
1762947936.9141655,-10.828051567077637,10.240462303161621,1
1762947936.9141655,-12.330126762390137,12.347365379333496,1
1762947936.9141655,-10.783721923828125,11.04916763305664,1
1762947936.9298534,-12.55945110321045,12.87714672088623,1
1762947937.2295232,-12.371676445007324,12.399928092956543,1
1762947937.2295232,-9.861407279968262,11.5309476852417,1
1762947937.245184,-12.470710754394531,15.76663589477539,1
1762947937.245184,-10.089570045471191,11.337065696716309,1
1762947937.245184,-12.750933647155762,16.84447193145752,1
1762947937.5762634,-12.573158264160156,15.698482513427734,1
1762947937.5762634,-14.665931701660156,10.863054275512695,1
1762947937.5940788,-11.514622688293457,9.930031776428223,1
1762947937.5940788,-13.922423362731934,11.263699531555176,1
1762947937.5940788,-11.494331359863281,9.530061721801758,1
1762947938.0031006,-11.523574829101562,10.252090454101562,1
1762947938.0031006,-11.328986167907715,10.540852546691895,1
1762947938.0031006,-12.486124992370605,13.134467124938965,1
1762947938.0031006,-11.502140998840332,10.614628791809082,1
1762947938.0187693,-12.605216979980469,14.148523330688477,1
1762947938.6047206,-12.250702857971191,13.44657039642334,1
1762947938.6047206,-9.333109855651855,9.911494255065918,1
1762947938.6203034,-13.238506317138672,15.932746887207031,1
1762947938.6203034,-9.34689998626709,10.099873542785645,1
1762947938.6203034,-13.073681831359863,16.30477237701416,1
1762947939.2676895,-13.492280006408691,16.605801582336426,1
1762947939.2676895,-14.259258270263672,11.742149353027344,1
1762947939.2676895,-11.477391242980957,17.873923301696777,1
1762947939.2676895,-14.627253532409668,13.908562660217285,1
1762947939.283385,-11.4310941696167,19.443446159362793,1
1762947940.0902004,-11.082122802734375,17.73659324645996,1
1762947940.0902004,-8.341944694519043,10.593365669250488,1
1762947940.0958257,-9.061945915222168,15.971680641174316,1
1762947940.0958257,-8.26243782043457,10.064626693725586,1
1762947940.1058843,-8.936726570129395,16.012564659118652,1
1762947940.7228532,-8.801098823547363,14.353489875793457,1
1762947940.7228532,-10.819637298583984,11.918252944946289,1
1762947940.7228532,-10.492253303527832,9.18378734588623,1
1762947940.7228532,-10.715594291687012,11.445540428161621,1
1762947940.7228532,-10.594626426696777,9.81722354888916,1
1762947941.405968,-10.628421783447266,9.17530632019043,1
1762947941.405968,-12.63818645477295,12.804020881652832,1
1762947941.405968,-13.41396427154541,10.778159141540527,1
1762947941.405968,-12.229151725769043,12.854743003845215,1
1762947941.4220798,-13.379521369934082,10.445883750915527,1
1762947942.0218742,-13.263392448425293,10.825165748596191,1
1762947942.03757,-8.694972038269043,12.834868431091309,1
1762947942.03757,-8.539301872253418,12.581875801086426,1
1762947942.03757,-8.672947883605957,12.102107048034668,1
1762947942.03757,-8.714797019958496,12.547221183776855,1
1762947942.798995,-8.433066368103027,12.233841896057129,1
1762947942.798995,-12.00171184539795,13.24498462677002,1
1762947942.798995,-11.8825044631958,13.225600242614746,1
1762947942.798995,-11.89409351348877,11.631020545959473,1
1762947942.8120213,-11.665657043457031,12.623291015625,1
1762947943.4295547,-11.42186450958252,12.337922096252441,1
1762947943.4295547,-9.623708724975586,10.46101188659668,1
1762947943.445294,-10.202656745910645,13.02783489227295,1
1762947943.445294,-9.571087837219238,9.869112968444824,1
1762947943.445294,-10.289166450500488,13.661547660827637,1
1762947944.0950258,-10.337055206298828,14.588668823242188,1
1762947944.0950258,-14.77367115020752,12.9254732131958,1
1762947944.1006649,-10.097247123718262,11.160639762878418,1
1762947944.1006649,-14.519761085510254,13.155716896057129,1
1762947944.1107576,-10.189770698547363,11.289298057556152,1
1762947944.7451491,-10.247347831726074,10.700787544250488,1
1762947944.7451491,-13.747004508972168,13.16319751739502,1
1762947944.7608712,-8.909285545349121,9.815377235412598,1
1762947944.7608712,-13.74184799194336,11.794130325317383,1
1762947944.7608712,-8.54769229888916,9.283726692199707,1
1762947945.4090893,-8.508957862854004,9.309876441955566,1
1762947945.4090893,-11.615046501159668,13.239567756652832,1
1762947945.4090893,-14.234695434570312,12.559272766113281,1
1762947945.4090893,-11.872516632080078,13.02130126953125,1
1762947945.4248326,-14.418963432312012,12.47951602935791,1
1762947946.0743542,-14.284320831298828,12.842931747436523,1
1762947946.0743542,-10.51830768585205,12.091404914855957,1
1762947946.0743542,-10.284842491149902,12.663939476013184,1
1762947946.0900273,-10.481250762939453,11.786846160888672,1
1762947946.0900273,-10.402424812316895,11.933003425598145,1
1762947946.943727,-10.443099021911621,12.034340858459473,1
1762947946.943727,-34.0665168762207,7.207012176513672,0
1762947946.959583,-34.91838455200195,8.947246551513672,1
1762947946.959583,-34.552703857421875,6.85736083984375,0
1762947946.959583,-34.049808502197266,7.380207061767578,0
1762947947.5921156,-33.03772735595703,6.243160247802734,0
1762947947.5921156,-32.52167892456055,7.877109527587891,0
1762947947.5921156,-34.02769088745117,7.7024078369140625,0
1762947947.5921156,-36.1155891418457,8.099597930908203,0
1762947947.6053388,-33.5382194519043,10.111289978027344,1
1762947948.2888238,-34.68033218383789,7.432777404785156,0
1762947948.2888238,-34.48859405517578,8.127555847167969,1
1762947948.3055284,-36.19887924194336,7.200752258300781,0
1762947948.3055284,-35.44844436645508,7.816230773925781,0
1762947948.3055284,-33.304656982421875,7.296047210693359,0
1762947949.0543525,-33.297672271728516,8.66839599609375,1
1762947949.0543525,-34.76456832885742,7.229393005371094,0
1762947949.0543525,-35.16551208496094,7.860691070556641,0
1762947949.0543525,-34.81190490722656,9.918647766113281,1
1762947949.0543525,-34.05830383300781,7.274940490722656,0
1762947949.9765613,-34.404510498046875,7.016334533691406,0
1762947949.9776678,-34.59150314331055,7.887382507324219,0
1762947949.9840643,-34.58353042602539,8.009346008300781,0
1762947949.984575,-33.11981201171875,7.130138397216797,0
1762947949.9912457,-34.313480377197266,8.40560531616211,1
1762947950.6660283,-33.78865051269531,6.427570343017578,0
1762947950.6660283,-31.602243423461914,7.25670051574707,0
1762947950.6820388,-34.29063034057617,7.775791168212891,0
1762947950.6820388,-28.259611129760742,7.216753005981445,0
1762947950.6820388,-34.11109161376953,6.788825988769531,0
1762947951.3656135,-34.788841247558594,7.996372222900391,0
1762947951.3656135,-32.053955078125,6.647594451904297,0
1762947951.372565,-30.386770248413086,7.007699966430664,0
1762947951.3735783,-32.507102966308594,8.678470611572266,1
1762947951.380603,-32.60605239868164,7.888343811035156,0
1762947952.3712003,-33.89393997192383,7.699771881103516,0
1762947952.3712003,-33.860103607177734,6.552196502685547,0
1762947952.3798182,-30.616241455078125,6.658363342285156,0
1762947952.3798182,-35.41255187988281,7.061367034912109,0
1762947952.3864937,-31.757781982421875,7.779071807861328,0
1762947953.0455358,-31.4888973236084,8.323453903198242,1
1762947953.0455358,-34.00466537475586,7.564918518066406,0
1762947953.0455358,-33.58778762817383,6.515155792236328,0
1762947953.0455358,-35.293670654296875,7.498020172119141,0
1762947953.0566604,-33.74807357788086,7.116489410400391,0
1762947953.767508,-33.12137985229492,7.478199005126953,0
1762947953.7695093,-2.3289546966552734,7.665607452392578,0
1762947953.7745068,-34.250179290771484,8.354938507080078,1
1762947953.775507,-34.47477340698242,7.038932800292969,0
1762947953.7827048,-33.0459098815918,6.650886535644531,0
1762947954.5063384,-34.338985443115234,5.965564727783203,0
1762947954.5063384,-8.974376678466797,12.658985137939453,1
1762947954.5133793,-9.85666275024414,10.701231002807617,1
1762947954.5133793,-8.636484146118164,11.939544677734375,1
1762947954.520263,-9.779947280883789,11.024015426635742,1
1762947955.5114002,-9.868408203125,11.539752960205078,1
1762947955.5114002,-11.081366539001465,12.258988380432129,1
1762947955.5184429,-10.161882400512695,12.918684005737305,1
1762947955.5184429,-11.292040824890137,13.047833442687988,1
1762947955.5184429,-10.470056533813477,11.924135208129883,1
1762947956.3340316,-10.653498649597168,11.745816230773926,1
1762947956.3340316,-9.5075044631958,10.635331153869629,1
1762947956.3340316,-11.480483055114746,12.258416175842285,1
1762947956.3340316,-9.698803901672363,10.200806617736816,1
1762947956.3455837,-11.454608917236328,11.357376098632812,1
1762947957.1030097,-10.898524284362793,11.465958595275879,1
1762947957.1030097,-14.79072093963623,9.99620532989502,1
1762947957.1186695,-17.610212326049805,11.692510604858398,1
1762947957.1186695,-14.926735877990723,9.687712669372559,1
1762947957.1186695,-17.83528709411621,11.309856414794922,1
1762947957.8912766,-17.599164962768555,10.148353576660156,1
1762947957.8912766,-9.459282875061035,13.774554252624512,1
1762947957.8912766,-9.44471549987793,10.951019287109375,1
1762947957.8912766,-9.699955940246582,13.186484336853027,1
1762947957.9070022,-9.509754180908203,10.533149719238281,1
1762947958.7400208,-9.593173027038574,11.209319114685059,1
1762947958.7460723,-11.493304252624512,9.6220121383667,1
1762947958.7460723,-12.060462951660156,11.826910018920898,1
1762947958.7460723,-11.717875480651855,9.580077171325684,1
1762947958.7460723,-11.587593078613281,11.181612014770508,1
1762947959.4395163,-11.769204139709473,11.155768394470215,1
1762947959.4395163,-11.092391967773438,10.495115280151367,1
1762947959.4551666,-13.082079887390137,12.03026294708252,1
1762947959.4551666,-10.732429504394531,10.615406036376953,1
1762947959.4551666,-12.92584228515625,11.555208206176758,1
1762947960.2271588,-12.84218978881836,11.834718704223633,1
1762947960.2271588,-10.478251457214355,11.206192970275879,1
1762947960.2428923,-10.757716178894043,11.668574333190918,1
1762947960.2428923,-10.519850730895996,11.992854118347168,1
1762947960.2428923,-10.93626880645752,11.235344886779785,1
1762947961.0180755,-11.186333656311035,11.881402015686035,1
1762947961.0180755,-10.699688911437988,11.766324043273926,1
1762947961.0180755,-10.363120079040527,10.026593208312988,1
1762947961.0330036,-10.818120002746582,12.1150541305542,1
1762947961.0330036,-10.24828052520752,10.136590003967285,1
1762947961.901144,-9.885388374328613,10.203145027160645,1
1762947961.901144,-10.838414192199707,10.709507942199707,1
1762947961.901144,-10.8294038772583,15.071089744567871,1
1762947961.917261,-10.856860160827637,10.4268159866333,1
1762947961.918769,-10.40976333618164,14.645212173461914,1
1762947962.7395828,-10.366637229919434,16.440552711486816,1
1762947962.7395828,-15.725632667541504,13.561572074890137,1
1762947962.7395828,-11.177261352539062,11.240398406982422,1
1762947962.7395828,-15.694973945617676,13.416462898254395,1
1762947962.7552133,-11.092007637023926,11.739911079406738,1
1762947963.6545234,-11.06192398071289,11.687807083129883,1
1762947963.6545234,-12.290496826171875,10.897279739379883,1
1762947963.670631,-12.620862007141113,10.651883125305176,1
1762947963.670631,-12.281051635742188,10.865541458129883,1
1762947963.670631,-12.535456657409668,10.315651893615723,1
1762947964.8992732,-12.858375549316406,11.440258026123047,1
1762947964.8992732,-14.287442207336426,14.312317848205566,1
1762947964.9046965,-12.169939994812012,11.816405296325684,1
1762947964.9046965,-14.58807373046875,13.36642074584961,1
1762947964.9046965,-12.091240882873535,11.895384788513184,1
1762947966.1439888,-12.23941707611084,11.527094841003418,1
1762947966.1439888,-12.600682258605957,13.016615867614746,1
1762947966.1439888,-11.606614112854004,13.324063301086426,1
1762947966.1439888,-12.828627586364746,12.547457695007324,1
1762947966.1439888,-11.725319862365723,13.43566608428955,1
1762947967.363058,-11.803940773010254,13.13487720489502,1
1762947967.363058,-9.227380752563477,12.543298721313477,1
1762947967.363058,-13.359466552734375,12.511600494384766,1
1762947967.363058,-9.295188903808594,13.219511032104492,1
1762947967.363058,-13.640591621398926,12.997811317443848,1
1762947968.4387717,-13.396485328674316,12.840130805969238,1
1762947968.4387717,-9.298895835876465,13.227730751037598,1
1762947968.4547787,-8.865899085998535,14.132689476013184,1
1762947968.4547787,-9.194624900817871,13.867709159851074,1
1762947968.4547787,-8.869866371154785,13.476962089538574,1
1762947969.5362563,-8.885628700256348,14.324664115905762,1
1762947969.5362563,-14.736109733581543,14.476401329040527,1
1762947969.5522227,-11.53075122833252,10.352633476257324,1
1762947969.5522227,-15.100186347961426,14.8858060836792,1
1762947969.5522227,-11.740452766418457,10.826870918273926,1
1762947970.663,-11.787518501281738,11.111044883728027,1
1762947970.663,-10.738632202148438,13.812030792236328,1
1762947970.663,-11.268974304199219,12.810979843139648,1
1762947970.663,-10.835623741149902,13.388846397399902,1
1762947970.6786542,-10.962486267089844,11.643302917480469,1
1762947971.8546364,-11.020057678222656,12.545658111572266,1
1762947971.8546364,-9.968375205993652,15.56897258758545,1
1762947971.8546364,-7.55044412612915,10.318467617034912,1
1762947971.8546364,-9.97553539276123,16.29987621307373,1
1762947971.8705,-7.881799221038818,10.686623096466064,1
1762947973.033941,-7.990299701690674,10.284013271331787,1
1762947973.033941,-12.085368156433105,13.566985130310059,1
1762947973.033941,-12.438786506652832,13.464215278625488,1
1762947973.033941,-12.01483154296875,14.865493774414062,1
1762947973.0495775,-12.367599487304688,11.558027267456055,1
1762947974.1475291,-12.354554176330566,13.709382057189941,1
1762947974.1475291,-8.314472198486328,12.21931266784668,1
1762947974.1475291,-12.1710786819458,13.074477195739746,1
1762947974.1475291,-8.152996063232422,11.724664688110352,1
1762947974.163669,-12.277134895324707,14.654267311096191,1
1762947975.2388544,-12.004353523254395,14.209490776062012,1
1762947975.2388544,-7.587715148925781,12.026142120361328,1
1762947975.2388544,-6.911226749420166,9.930934429168701,1
1762947975.2388544,-7.553530216217041,12.251990795135498,1
1762947975.2549164,-6.950578212738037,9.706236362457275,1
1762947976.189287,-6.925187587738037,9.849766254425049,1
1762947976.189287,-30.932825088500977,7.537656784057617,0
1762947976.2049568,-33.813655853271484,8.912303924560547,1
1762947976.2049568,-33.36587142944336,7.138145446777344,0
1762947976.2049568,-32.7401008605957,7.586360931396484,0
1762947977.2343707,-33.29037857055664,6.493812561035156,0
1762947977.2353714,-32.98040771484375,6.276496887207031,0
1762947977.2423866,-33.2378044128418,8.380271911621094,1
1762947977.2433696,-32.97795486450195,7.5807342529296875,0
1762947977.2493846,-31.41413116455078,8.503215789794922,1
1762947978.5657997,-33.350460052490234,8.918701171875,1
1762947978.5657997,-33.653411865234375,7.9015045166015625,0
1762947978.573239,-34.97581481933594,7.537300109863281,0
1762947978.573239,-34.432796478271484,8.974006652832031,1
1762947978.573239,-33.48755645751953,8.332759857177734,1
1762947980.0199878,-34.69291305541992,7.2705841064453125,0
1762947980.0199878,-32.93252182006836,8.546741485595703,1
1762947980.0231183,-33.39774703979492,7.895160675048828,0
1762947980.0231183,-35.46115493774414,9.545547485351562,1
1762947980.035925,-33.80802917480469,7.954021453857422,0
