Timestamp,Mean_PSD_dB,SNR_dB,PU_Present
1762947369.2559133,-12.089665412902832,11.168145179748535,1
1762947369.2569149,-9.77780532836914,11.198001861572266,1
1762947369.2579148,-9.688216209411621,12.69592571258545,1
1762947369.2649112,-10.321124076843262,12.746142387390137,1
1762947369.2649112,-10.338116645812988,12.717656135559082,1
1762947369.2730935,-11.584382057189941,11.430846214294434,1
1762947369.28009,-11.300850868225098,12.334794044494629,1
1762947369.297195,-9.563926696777344,12.467735290527344,1
1762947369.3289654,-9.590371131896973,12.35387897491455,1
1762947369.3605814,-9.43275260925293,11.828119277954102,1
1762947369.3931763,-9.44991397857666,11.781472206115723,1
1762947369.4258168,-9.613385200500488,11.582350730895996,1
1762947369.4568298,-9.847082138061523,11.641962051391602,1
1762947369.489511,-9.593464851379395,11.583418846130371,1
1762947369.521714,-9.873177528381348,11.701775550842285,1
1762947369.5527682,-9.648945808410645,11.618029594421387,1
1762947369.5846136,-9.416172981262207,11.768826484680176,1
1762947369.6166103,-9.501851081848145,12.273259162902832,1
1762947369.6490357,-9.390002250671387,12.412613868713379,1
1762947369.680463,-9.57521915435791,11.918992042541504,1
1762947369.7130709,-9.747302055358887,12.097514152526855,1
1762947369.7445662,-10.172210693359375,12.205345153808594,1
1762947369.7764869,-10.81293773651123,11.783448219299316,1
1762947369.803382,-11.773550987243652,11.777331352233887,1
1762947369.8352067,-13.039031982421875,12.947324752807617,1
1762947369.8673482,-14.130534172058105,11.316815376281738,1
1762947369.8990862,-15.449031829833984,11.641983032226562,1
1762947369.9309945,-16.75042724609375,11.772449493408203,1
1762947369.9631577,-17.62978172302246,11.635213851928711,1
1762947369.9946947,-17.540315628051758,12.333492279052734,1
1762947370.0263627,-17.37242317199707,11.805936813354492,1
1762947370.0582006,-16.904687881469727,12.195087432861328,1
1762947370.0900493,-16.464754104614258,11.512083053588867,1
1762947370.12168,-16.05884552001953,11.682376861572266,1
1762947370.1598625,-16.617597579956055,12.372257232666016,1
1762947370.1854205,-17.71500587463379,10.967891693115234,1
1762947370.2171016,-21.380903244018555,10.920930862426758,1
1762947370.249305,-23.104318618774414,12.146097183227539,1
1762947370.2825654,-19.48251724243164,12.567508697509766,1
1762947370.3135612,-16.272125244140625,11.512214660644531,1
1762947370.3458252,-13.964378356933594,12.707710266113281,1
1762947370.3855686,-12.387451171875,12.139728546142578,1
1762947370.4081254,-11.644645690917969,13.128084182739258,1
1762947370.4399006,-10.984532356262207,12.826336860656738,1
1762947370.4719505,-10.203744888305664,12.380542755126953,1
1762947370.506488,-9.845486640930176,12.409024238586426,1
1762947370.535727,-9.273813247680664,11.813072204589844,1
1762947370.5671482,-8.758814811706543,12.370671272277832,1
1762947370.5989296,-8.469813346862793,11.79102611541748,1
1762947370.6319292,-8.213028907775879,12.063082695007324,1
1762947370.6625173,-7.784891605377197,12.736569881439209,1
1762947370.6948822,-7.906840801239014,12.521673679351807,1
1762947370.7269704,-7.76214075088501,11.82197904586792,1
1762947370.7585304,-7.444289684295654,12.045109272003174,1
1762947370.7980978,-7.746730327606201,12.436192035675049,1
1762947370.822295,-7.741292476654053,11.851723194122314,1
1762947370.8543317,-7.8879241943359375,11.965888977050781,1
1762947370.896693,-8.148026466369629,12.587388038635254,1
1762947370.9175956,-8.318270683288574,12.029480934143066,1
1762947370.9495409,-8.33160400390625,11.895788192749023,1
1762947370.983512,-8.383858680725098,11.910212516784668,1
1762947371.0132468,-8.771862983703613,12.221919059753418,1
1762947371.0454159,-8.971589088439941,12.8490629196167,1
1762947371.083501,-9.482504844665527,12.694584846496582,1
1762947371.109546,-9.574009895324707,12.0653657913208,1
1762947371.1417794,-9.5964937210083,12.363358497619629,1
1762947371.1835504,-9.825183868408203,12.54052734375,1
1762947371.2058365,-9.993416786193848,11.695630073547363,1
1762947371.2381318,-10.331127166748047,12.56509017944336,1
1762947371.270144,-10.150967597961426,11.986287117004395,1
1762947371.301864,-10.561366081237793,12.342671394348145,1
1762947371.3338308,-10.59307861328125,11.890848159790039,1
1762947371.3655665,-10.724059104919434,11.97785472869873,1
1762947371.3975863,-10.856460571289062,12.015933990478516,1
1762947371.4298942,-11.05340576171875,12.009984970092773,1
1762947371.4618642,-11.273634910583496,12.041172981262207,1
1762947371.4936285,-11.223243713378906,12.096136093139648,1
1762947371.5256875,-11.4067964553833,11.87404727935791,1
1762947371.557931,-11.567095756530762,11.603035926818848,1
1762947371.5901463,-11.6769380569458,11.030797004699707,1
1762947371.6215596,-13.88430404663086,10.701469421386719,1
1762947371.6532774,-12.219552040100098,11.827532768249512,1
1762947371.6854165,-12.584702491760254,11.790753364562988,1
1762947371.7176394,-13.007206916809082,11.383681297302246,1
1762947371.749574,-13.570308685302734,11.79493522644043,1
1762947371.784399,-14.40449047088623,11.630349159240723,1
1762947371.8130286,-14.96977710723877,11.226513862609863,1
1762947371.84483,-15.928956031799316,12.253294944763184,1
1762947371.8844619,-16.83422088623047,11.488147735595703,1
1762947371.9084508,-17.035921096801758,11.726966857910156,1
1762947371.9402044,-16.35500144958496,11.960908889770508,1
1762947371.9845853,-15.480057716369629,11.723780632019043,1
1762947372.003945,-14.701109886169434,12.227181434631348,1
1762947372.035559,-13.388875007629395,11.553894996643066,1
1762947372.0674758,-12.518750190734863,12.182454109191895,1
1762947372.1095707,-11.685452461242676,11.96349811553955,1
1762947372.1313128,-10.869857788085938,12.087574005126953,1
1762947372.1635497,-10.589577674865723,12.178116798400879,1
1762947372.1953022,-10.389449119567871,12.577044486999512,1
1762947372.227333,-10.333569526672363,12.38737964630127,1
1762947372.2591598,-9.984814643859863,13.280922889709473,1
1762947372.29089,-9.163100242614746,13.325242042541504,1
1762947372.322933,-8.427023887634277,12.356951713562012,1
1762947372.3545275,-7.72723913192749,13.069347858428955,1
1762947372.3861108,-7.441963195800781,12.246553421020508,1
1762947372.4184613,-7.237759113311768,13.960708141326904,1
1762947372.450402,-6.930613040924072,12.757228374481201,1
1762947372.4849334,-7.030706882476807,14.085095882415771,1
1762947372.514067,-6.975698471069336,13.179241180419922,1
1762947372.5459852,-7.007681369781494,13.23141622543335,1
1762947372.5849533,-7.757012844085693,13.003185749053955,1
1762947372.609426,-8.694697380065918,13.511139869689941,1
1762947372.6417422,-9.918901443481445,15.008171081542969,1
1762947372.6851473,-10.767623901367188,11.69944953918457,1
1762947372.7063284,-11.126376152038574,11.570508003234863,1
1762947372.7382576,-11.828174591064453,12.049785614013672,1
1762947372.7696953,-12.859951972961426,12.535252571105957,1
1762947372.8170595,-14.158665657043457,11.9009428024292,1
1762947372.849292,-14.406166076660156,11.331304550170898,1
1762947372.8808045,-14.552369117736816,11.124932289123535,1
1762947372.9109483,-13.779452323913574,11.370081901550293,1
1762947372.9431336,-12.056597709655762,11.85157299041748,1
1762947372.9749212,-10.040606498718262,11.10942554473877,1
1762947373.0085888,-8.353400230407715,11.992169380187988,1
1762947373.0384378,-7.457753658294678,12.369818210601807,1
1762947373.070633,-6.182106018066406,11.750259399414062,1
1762947373.1018212,-5.765840530395508,11.98103141784668,1
1762947373.133264,-5.136889934539795,12.355356693267822,1
1762947373.1652758,-4.697422027587891,12.10396957397461,1
1762947373.1968105,-4.389191627502441,13.023608207702637,1
1762947373.2284398,-4.122913837432861,12.116984844207764,1
1762947373.2604504,-3.9016330242156982,12.483859300613403,1
1762947373.2922914,-3.9507853984832764,12.08280873298645,1
1762947373.3239267,-3.7692291736602783,12.039188146591187,1
1762947373.3559873,-4.124179840087891,12.045658111572266,1
1762947373.3875375,-4.072227478027344,12.290061950683594,1
1762947373.4193869,-4.017426490783691,12.806015968322754,1
1762947373.451344,-4.179272174835205,12.083096981048584,1
1762947373.4868193,-4.482511043548584,12.108826160430908,1
1762947373.5153131,-4.78314208984375,13.011209487915039,1
1762947373.5469158,-4.755870819091797,12.733854293823242,1
1762947373.5787997,-4.920511245727539,12.402118682861328,1
1762947373.610723,-6.317928314208984,12.130041122436523,1
1762947373.6427717,-8.046955108642578,12.981124877929688,1
1762947373.6748064,-8.410956382751465,12.198513984680176,1
1762947373.7065725,-8.729769706726074,12.00252628326416,1
1762947373.739073,-8.756251335144043,12.09069538116455,1
1762947373.7697878,-8.599006652832031,12.95555305480957,1
1762947373.8014462,-8.393375396728516,12.405576705932617,1
1762947373.8329034,-8.656578063964844,12.558116912841797,1
1762947373.8644097,-8.779845237731934,12.698081016540527,1
1762947373.89613,-8.756454467773438,13.079288482666016,1
1762947373.9277747,-9.169512748718262,12.846903800964355,1
1762947373.9600315,-9.112497329711914,12.741579055786133,1
1762947373.9917321,-9.054789543151855,12.91205883026123,1
1762947374.0252864,-8.968256950378418,11.958670616149902,1
1762947374.0561569,-9.005593299865723,12.349730491638184,1
1762947374.0879514,-8.916851997375488,12.737048149108887,1
1762947374.119727,-8.880635261535645,12.11226749420166,1
1762947374.1514413,-8.647933006286621,13.094754219055176,1
1762947374.1879358,-8.733771324157715,12.192437171936035,1
1762947374.2155457,-8.92447566986084,12.472050666809082,1
1762947374.2473464,-8.57642650604248,12.60869312286377,1
1762947374.287886,-8.57781982421875,11.587898254394531,1
1762947374.311052,-8.048562049865723,12.110211372375488,1
1762947374.342524,-7.513784885406494,12.292066097259521,1
1762947374.374004,-7.162286281585693,12.341616153717041,1
1762947374.4058857,-6.714132308959961,12.160751342773438,1
1762947374.4379332,-6.079111576080322,11.942433834075928,1
1762947374.4701545,-5.837812900543213,12.14652967453003,1
1762947374.5019572,-5.565074443817139,11.915754795074463,1
1762947374.533513,-5.332322120666504,11.799504280090332,1
1762947374.5650454,-5.265227794647217,11.882273197174072,1
1762947374.5967112,-5.422822952270508,12.720205307006836,1
1762947374.6282518,-5.436382293701172,12.317176818847656,1
1762947374.6603365,-5.529358386993408,11.111676692962646,1
1762947374.69213,-5.505094051361084,11.657665729522705,1
1762947374.7238977,-6.005242824554443,11.53211259841919,1
1762947374.7586386,-6.321775436401367,12.094095230102539,1
1762947374.7884822,-6.777703762054443,11.748671054840088,1
1762947374.8239157,-7.1141533851623535,10.71570348739624,1
1762947374.8508124,-7.9217658042907715,11.070562839508057,1
1762947374.8885944,-8.457779884338379,10.877095222473145,1
1762947374.914023,-9.518025398254395,11.24649715423584,1
1762947374.946045,-10.429083824157715,11.72402286529541,1
1762947374.9887707,-11.365036964416504,11.961077690124512,1
1762947375.0253422,-12.288414001464844,11.491310119628906,1
1762947375.056919,-13.659064292907715,12.08813762664795,1
1762947375.0889454,-15.511883735656738,12.900910377502441,1
1762947375.1204522,-17.11775016784668,12.26223373413086,1
1762947375.152245,-18.9315242767334,12.12289810180664,1
1762947375.183953,-21.039268493652344,11.949874877929688,1
1762947375.2154832,-22.165023803710938,12.66213607788086,1
1762947375.246885,-23.93776512145996,11.860830307006836,1
1762947375.2783859,-23.9647216796875,11.291450500488281,1
1762947375.311886,-24.69342613220215,9.939733505249023,1
1762947375.3420694,-25.25248908996582,11.767194747924805,1
1762947375.3420694,-24.803260803222656,11.929813385009766,1
1762947375.3739362,-24.26329231262207,13.576684951782227,1
1762947375.409363,-22.18778419494629,11.43809700012207,1
1762947375.4414277,-20.167028427124023,13.812475204467773,1
1762947375.4674642,-18.252822875976562,12.847646713256836,1
1762947375.4674642,-18.180265426635742,12.596782684326172,1
1762947375.505299,-16.506742477416992,11.965496063232422,1
1762947375.530813,-15.550711631774902,12.010714530944824,1
1762947375.5629938,-15.250164985656738,12.569653511047363,1
1762947375.5947814,-13.481887817382812,11.386516571044922,1
1762947375.6267362,-11.701085090637207,11.47322940826416,1
1762947375.6587644,-9.903493881225586,10.636341094970703,1
1762947375.6907218,-8.508233070373535,11.216958045959473,1
1762947375.7227707,-8.033204078674316,11.6438627243042,1
1762947375.7549002,-7.5292439460754395,11.631909847259521,1
1762947375.7897382,-7.280789852142334,11.543755054473877,1
1762947375.818385,-7.4983391761779785,11.960385799407959,1
1762947375.8503976,-7.755281448364258,11.37982177734375,1
1762947375.8868375,-8.195069313049316,11.654423713684082,1
1762947375.9135554,-8.916943550109863,11.085341453552246,1
1762947375.9453187,-9.112777709960938,11.139142990112305,1
1762947375.9770315,-8.989079475402832,12.270485877990723,1
1762947376.0090597,-8.747852325439453,11.512645721435547,1
1762947376.0410628,-8.626017570495605,12.631470680236816,1
1762947376.0730712,-7.886239528656006,11.543041706085205,1
1762947376.0730712,-8.299863815307617,14.295370101928711,1
1762947376.1050518,-8.002762794494629,11.672856330871582,1
1762947376.1369214,-7.656341552734375,10.371788024902344,1
1762947376.1686773,-7.4961419105529785,10.97820234298706,1
1762947376.2003098,-7.520357608795166,10.086154460906982,1
1762947376.2003098,-7.754331111907959,13.644123554229736,1
1762947376.232174,-7.5416259765625,11.586149215698242,1
1762947376.2644129,-7.555400848388672,10.362228393554688,1
1762947376.2960734,-7.331111431121826,10.081181049346924,1
1762947376.3278837,-7.599765777587891,12.433338165283203,1
1762947376.3278837,-7.548390865325928,12.445778369903564,1
1762947376.3598187,-7.675721645355225,11.47328805923462,1
1762947376.3920085,-7.621692657470703,11.198368072509766,1
1762947376.4286206,-7.766308307647705,11.201287746429443,1
1762947376.4561706,-7.48711633682251,10.710134029388428,1
1762947376.4561706,-7.708959579467773,12.956371307373047,1
1762947376.4904997,-7.622524261474609,11.295137405395508,1
1762947376.5197856,-7.46698522567749,11.678369998931885,1
1762947376.5515254,-13.295804023742676,10.871624946594238,1
1762947376.5905871,-7.494123935699463,10.857381343841553,1
1762947376.5905871,-7.8502726554870605,10.573252201080322,1
1762947376.6191812,-7.665053844451904,11.916889667510986,1
1762947376.6475708,-7.573912143707275,12.308207988739014,1
1762947376.6793547,-7.713836193084717,13.220091342926025,1
1762947376.7113452,-7.793634414672852,12.053604125976562,1
1762947376.7113452,-8.039477348327637,11.507990837097168,1
1762947376.7433972,-7.81488561630249,12.910152912139893,1
1762947376.7753735,-7.96462869644165,10.697953701019287,1
1762947376.806407,-7.971828460693359,12.114389419555664,1
1762947376.8384936,-8.16965103149414,10.981136322021484,1
1762947376.8384936,-15.935203552246094,11.62746810913086,1
1762947376.8745055,-8.400322914123535,10.29529857635498,1
1762947376.9016054,-8.956822395324707,10.55256175994873,1
1762947376.9488344,-8.987123489379883,10.195270538330078,1
1762947376.9646144,-8.869236946105957,11.30179500579834,1
1762947376.9646144,-9.062191009521484,12.949090957641602,1
1762947376.9964259,-8.70083999633789,11.57960319519043,1
1762947377.0283267,-9.119189262390137,12.086291313171387,1
1762947377.0600522,-10.16263484954834,12.099396705627441,1
1762947377.091861,-10.93812084197998,11.272019386291504,1
1762947377.091861,-11.674614906311035,12.445818901062012,1
1762947377.1236627,-11.056059837341309,11.1638765335083,1
1762947377.1630135,-11.636958122253418,10.7947416305542,1
1762947377.190832,-11.162615776062012,11.433444023132324,1
1762947377.219133,-10.33641529083252,12.570517539978027,1
1762947377.219133,-10.616560935974121,13.842818260192871,1
1762947377.2512395,-9.750567436218262,12.59740161895752,1
1762947377.2909272,-9.95328426361084,12.301749229431152,1
1762947377.3307478,-10.099791526794434,12.424479484558105,1
1762947377.3466122,-10.955845832824707,11.960278511047363,1
1762947377.3466122,-11.606071472167969,14.93980598449707,1
1762947377.3910677,-11.823566436767578,13.171890258789062,1
1762947377.4155757,-12.162094116210938,11.589723587036133,1
1762947377.4573138,-12.200909614562988,14.484850883483887,1
1762947377.4887667,-11.683503150939941,11.691521644592285,1
1762947377.4887667,-18.299440383911133,9.71518325805664,1
1762947377.5203633,-11.113394737243652,13.17346477508545,1
1762947377.552298,-9.738463401794434,12.220097541809082,1
1762947377.5913713,-8.304855346679688,10.79401969909668,1
1762947377.6161382,-7.808838367462158,10.495736598968506,1
1762947377.6161382,-8.14443588256836,13.548683166503906,1
1762947377.6480997,-8.114607810974121,12.250908851623535,1
1762947377.6799128,-7.821630477905273,12.220352172851562,1
1762947377.7115722,-7.742860317230225,12.811663150787354,1
1762947377.7435575,-9.621623039245605,12.947762489318848,1
1762947377.7435575,-10.290937423706055,14.159793853759766,1
1762947377.7751167,-12.269279479980469,13.378658294677734,1
1762947377.8091025,-13.786049842834473,12.255385398864746,1
1762947377.8471918,-12.297183990478516,12.63203239440918,1
1762947377.869279,-11.36688232421875,13.691024780273438,1
1762947377.869279,-11.336400032043457,12.273098945617676,1
1762947377.9015565,-11.64337158203125,12.31716537475586,1
1762947377.933737,-11.989173889160156,13.198751449584961,1
1762947377.9655323,-11.935684204101562,11.889108657836914,1
1762947377.9973176,-10.977559089660645,12.111916542053223,1
1762947377.9973176,-10.683375358581543,12.444743156433105,1
1762947378.0292225,-9.77613353729248,13.571368217468262,1
1762947378.0613577,-9.409817695617676,12.757441520690918,1
1762947378.09318,-9.37169075012207,12.331819534301758,1
1762947378.1248019,-9.474132537841797,13.320516586303711,1
1762947378.1248019,-9.80762767791748,12.860154151916504,1
1762947378.156684,-9.730548858642578,11.192899703979492,1
1762947378.191653,-9.446799278259277,11.328375816345215,1
1762947378.236282,-9.126776695251465,10.098919868469238,1
1762947378.2522852,-9.09316635131836,11.297067642211914,1
1762947378.2522852,-9.878077507019043,14.301192283630371,1
1762947378.2842188,-9.263683319091797,11.001686096191406,1
1762947378.316389,-9.069241523742676,11.087286949157715,1
1762947378.348012,-9.080945014953613,11.226738929748535,1
1762947378.3796265,-9.074694633483887,11.400420188903809,1
1762947378.3796265,-9.860108375549316,13.479241371154785,1
1762947378.411544,-9.434062957763672,10.691204071044922,1
1762947378.4433913,-10.003007888793945,10.37026596069336,1
1762947378.492079,-10.259167671203613,11.620680809020996,1
1762947378.5067565,-10.509879112243652,12.23894214630127,1
1762947378.5067565,-11.167701721191406,13.412025451660156,1
1762947378.5387654,-11.289191246032715,11.294419288635254,1
1762947378.5703402,-11.32762622833252,12.467366218566895,1
1762947378.6174562,-11.321067810058594,11.631832122802734,1
1762947378.6331813,-11.97435474395752,12.402375221252441,1
1762947378.6331813,-12.357172966003418,11.970196723937988,1
1762947378.6653059,-12.28691577911377,13.017868995666504,1
1762947378.6969416,-12.0745267868042,13.426409721374512,1
1762947378.744998,-12.086472511291504,11.75976276397705,1
1762947378.7663932,-11.997252464294434,12.07509708404541,1
1762947378.7663932,-12.444499969482422,12.706670761108398,1
1762947378.7925205,-11.894680976867676,11.932473182678223,1
1762947378.8246186,-12.156664848327637,12.094708442687988,1
1762947378.87231,-12.021153450012207,11.682345390319824,1
1762947378.892773,-12.169975280761719,10.728315353393555,1
1762947378.892773,-12.725312232971191,12.516278266906738,1
1762947378.9200373,-12.130228996276855,10.269148826599121,1
1762947378.9519644,-12.229461669921875,10.03554916381836,1
1762947378.999604,-11.975504875183105,10.134068489074707,1
1762947379.0156734,-11.98595142364502,10.614556312561035,1
1762947379.0156734,-12.926236152648926,13.900797843933105,1
1762947379.0474539,-11.986418724060059,10.467631340026855,1
1762947379.0791266,-11.828571319580078,9.86787223815918,1
1762947379.1269174,-11.897791862487793,11.625557899475098,1
1762947379.1430943,-11.556376457214355,10.79462718963623,1
1762947379.1430943,-12.09350299835205,13.862107276916504,1
1762947379.1749532,-11.075542449951172,10.673675537109375,1
1762947379.2068992,-10.820443153381348,11.673186302185059,1
1762947379.2546003,-10.536829948425293,10.785950660705566,1
1762947379.2705805,-10.219237327575684,12.212450981140137,1
1762947379.2705805,-10.497698783874512,12.862496376037598,1
1762947379.3024588,-9.745026588439941,10.331938743591309,1
1762947379.336026,-9.610810279846191,11.349556922912598,1
1762947379.3979068,-9.070052146911621,12.983790397644043,1
1762947379.3979068,-9.04041576385498,11.84835147857666,1
1762947379.3979068,-9.195642471313477,13.222497940063477,1
1762947379.4296598,-8.591339111328125,13.777719497680664,1
1762947379.4618604,-8.418684959411621,12.677239418029785,1
1762947379.524849,-8.14233112335205,13.149462699890137,1
1762947379.524849,-8.094608306884766,14.352043151855469,1
1762947379.524849,-7.872148036956787,11.79005479812622,1
1762947379.556694,-7.682139873504639,13.32354211807251,1
1762947379.5933013,-7.627481937408447,11.050231456756592,1
1762947379.6522374,-7.4674859046936035,13.295642375946045,1
1762947379.6522374,-7.205829620361328,11.315221786499023,1
1762947379.6522374,-7.039440155029297,12.734270095825195,1
1762947379.6934013,-7.289251804351807,13.95830488204956,1
1762947379.71591,-7.4172797203063965,11.957582950592041,1
1762947379.7792938,-7.286534786224365,11.973795413970947,1
1762947379.7792938,-7.3551154136657715,12.471958637237549,1
1762947379.7792938,-7.115965366363525,11.116065502166748,1
1762947379.8110843,-7.440216541290283,12.426156520843506,1
1762947379.8428648,-7.356107234954834,11.140259265899658,1
1762947379.9057493,-7.4701924324035645,11.603883266448975,1
1762947379.9057493,-7.616055965423584,10.922630786895752,1
1762947379.9215975,-11.986035346984863,11.282120704650879,1
1762947379.9373002,-8.49996280670166,9.733098030090332,1
1762947379.9848495,-9.383234977722168,10.344189643859863,1
1762947380.032502,-10.68328857421875,11.837602615356445,1
1762947380.048554,-11.565640449523926,10.283186912536621,1
1762947380.048554,-11.87458324432373,12.676304817199707,1
1762947380.080359,-10.667350769042969,11.114191055297852,1
1762947380.111987,-9.300975799560547,10.495683670043945,1
1762947380.1755562,-8.377352714538574,10.076272010803223,1
1762947380.1755562,-7.33298921585083,10.232450008392334,1
1762947380.1755562,-7.6395087242126465,14.494213581085205,1
1762947380.207321,-7.056849956512451,10.007938861846924,1
1762947380.2394333,-7.184060573577881,10.991970539093018,1
1762947380.2988205,-8.29236888885498,11.188326835632324,1
1762947380.3048134,-9.473511695861816,11.336596488952637,1
1762947380.305317,-9.203035354614258,11.694242477416992,1
1762947380.3361943,-8.31309986114502,11.583949089050293,1
1762947380.365149,-6.7781219482421875,12.140207290649414,1
1762947380.4283266,-6.377686977386475,12.412205219268799,1
1762947380.429226,-6.568656921386719,12.51541519165039,1
1762947380.429226,-6.837968349456787,12.693649768829346,1
1762947380.4601886,-7.171955108642578,12.614381790161133,1
1762947380.495052,-7.968245983123779,12.545990467071533,1
1762947380.5399034,-8.786901473999023,13.476202011108398,1
1762947380.555674,-8.521722793579102,12.351890563964844,1
1762947380.555674,-8.447178840637207,12.462559700012207,1
1762947380.5877879,-8.013259887695312,13.272216796875,1
1762947380.6199117,-7.881992340087891,12.586671829223633,1
1762947380.6675627,-8.080002784729004,13.63232135772705,1
1762947380.6863909,-7.962622165679932,11.813624858856201,1
1762947380.6863909,-8.111586570739746,10.203492164611816,1
1762947380.7147884,-8.340340614318848,12.310198783874512,1
1762947380.7467737,-8.4566650390625,10.920059204101562,1
1762947380.7960863,-7.715047359466553,11.77234697341919,1
1762947380.8091779,-7.2376322746276855,11.737307071685791,1
1762947380.8091779,-7.229593753814697,11.22774076461792,1
1762947380.8405943,-6.730897426605225,12.054890155792236,1
1762947380.872017,-7.397498607635498,11.663858890533447,1
1762947380.9190156,-7.487873554229736,10.244260311126709,1
1762947380.934723,-7.55098295211792,10.604042530059814,1
1762947380.934723,-7.870399475097656,13.51191520690918,1
1762947380.9661005,-7.663742542266846,11.084840297698975,1
1762947380.9975457,-7.3296380043029785,11.320739269256592,1
1762947381.0603466,-7.840782165527344,11.58218002319336,1
1762947381.0603466,-9.006999015808105,12.479039192199707,1
1762947381.0603466,-9.302238464355469,15.01837158203125,1
1762947381.0958512,-7.9160003662109375,12.353137969970703,1
1762947381.1299179,-7.691671848297119,10.341371059417725,1
1762947381.1865776,-7.65304708480835,11.561108112335205,1
1762947381.1961508,-7.815846920013428,11.149815082550049,1
1762947381.1961508,-8.4359712600708,14.98973560333252,1
1762947381.23355,-7.799971103668213,10.475772380828857,1
1762947381.2649307,-8.127665519714355,12.060517311096191,1
1762947381.312679,-8.446704864501953,10.715980529785156,1
1762947381.328397,-8.639384269714355,12.026202201843262,1
1762947381.328397,-8.908343315124512,12.605433464050293,1
1762947381.3603024,-8.591532707214355,11.314175605773926,1
1762947381.391744,-8.505343437194824,12.978775978088379,1
1762947381.4393,-8.071375846862793,11.077082633972168,1
1762947381.4550226,-7.552361011505127,12.06864881515503,1
1762947381.4550226,-7.685380458831787,12.449320316314697,1
1762947381.4864018,-7.435873031616211,11.58466911315918,1
1762947381.5182314,-7.574232578277588,12.028682231903076,1
1762947381.5655594,-7.542199611663818,12.151054859161377,1
1762947381.5812685,-7.26809549331665,13.924968242645264,1
1762947381.5812685,-7.6680450439453125,11.0465087890625,1
1762947381.6134672,-7.191620349884033,13.00504446029663,1
1762947381.6448903,-7.409383296966553,13.353338718414307,1
1762947381.6966372,-7.462642669677734,11.730976104736328,1
1762947381.7081938,-7.425132751464844,12.559999465942383,1
1762947381.7081938,-7.670801639556885,12.469285488128662,1
1762947381.7396805,-7.363361358642578,12.313817977905273,1
1762947381.7712176,-7.350825786590576,11.51013994216919,1
1762947381.8190129,-7.09949254989624,11.38844347000122,1
1762947381.8347244,-6.978951930999756,10.35479211807251,1
1762947381.8347244,-7.5604567527771,13.621012210845947,1
1762947381.86646,-7.0725555419921875,9.832805633544922,1
1762947381.8982556,-6.8713297843933105,10.758667469024658,1
1762947381.9611223,-6.719203948974609,10.549436569213867,1
1762947381.9611223,-6.954225063323975,9.272667407989502,1
1762947381.9611223,-7.267542362213135,14.73462438583374,1
1762947381.9970345,-6.8061981201171875,10.958307266235352,1
1762947382.0248177,-6.642641544342041,11.036088466644287,1
1762947382.0875738,-6.787059783935547,10.62472915649414,1
1762947382.0875738,-6.582820892333984,10.306953430175781,1
1762947382.0971081,-7.158064365386963,13.275424480438232,1
1762947382.1194403,-6.526361465454102,11.989303588867188,1
1762947382.1512797,-6.610160827636719,11.755338668823242,1
1762947382.2146757,-6.7946085929870605,11.55744218826294,1
1762947382.2146757,-6.80501127243042,10.26873254776001,1
1762947382.2146757,-7.17480993270874,12.20052194595337,1
1762947382.246251,-6.828916072845459,10.592562198638916,1
1762947382.2778172,-6.785457611083984,11.050725936889648,1
1762947382.3410437,-7.136929035186768,11.624389171600342,1
1762947382.3410437,-7.561098575592041,13.746423244476318,1
1762947382.3729763,-7.162050724029541,11.227857112884521,1
1762947382.3729763,-7.2186713218688965,14.14757776260376,1
1762947382.4046438,-7.062757968902588,12.518514156341553,1
1762947382.467442,-7.014913558959961,13.454399108886719,1
1762947382.467442,-6.953488826751709,13.121893405914307,1
1762947382.467442,-7.171281814575195,11.963479995727539,1
1762947382.4991379,-14.426440238952637,10.447968482971191,1
1762947382.5305622,-8.28383731842041,11.152552604675293,1
1762947382.6097178,-7.387498378753662,10.616121768951416,1
1762947382.6097178,-6.1487860679626465,10.972446918487549,1
1762947382.6357808,-6.508246898651123,9.600468158721924,1
1762947382.641352,-6.520221710205078,10.106857299804688,1
1762947382.672749,-6.855434417724609,10.843050003051758,1
1762947382.735774,-7.076882839202881,9.946144580841064,1
1762947382.735774,-6.8875603675842285,12.290297985076904,1
1762947382.767138,-6.929776668548584,11.750133991241455,1
1762947382.767138,-6.923987865447998,11.938896656036377,1
1762947382.8001533,-6.888889312744141,13.268804550170898,1
1762947382.8674734,-6.795760631561279,11.736679553985596,1
1762947382.8681037,-6.739099025726318,10.863169193267822,1
1762947382.8929117,-6.6306633949279785,13.081904888153076,1
1762947382.8929117,-6.703978061676025,11.845029354095459,1
1762947382.924716,-6.959117889404297,11.179327011108398,1
1762947382.9877515,-7.208974838256836,11.154260635375977,1
1762947382.9877515,-7.395498275756836,12.276201248168945,1
1762947383.0188227,-7.635429859161377,11.294751644134521,1
1762947383.0188227,-7.888876438140869,13.21002721786499,1
1762947383.0504494,-7.617820739746094,10.437234878540039,1
1762947383.1137764,-7.668576717376709,10.449255466461182,1
1762947383.1137764,-7.834920883178711,13.780508041381836,1
1762947383.145597,-7.866607189178467,10.788832187652588,1
1762947383.145597,-7.822206974029541,13.099807262420654,1
1762947383.177396,-7.7514872550964355,10.968966007232666,1
1762947383.240895,-7.896808624267578,11.137779235839844,1
1762947383.2566094,-7.866715908050537,12.38271188735962,1
1762947383.2726302,-8.350565910339355,12.204562187194824,1
1762947383.2726302,-8.282792091369629,11.247759819030762,1
1762947383.3044572,-8.482501983642578,10.391332626342773,1
1762947383.3675904,-8.506119728088379,10.87756633758545,1
1762947383.3675904,-8.407599449157715,11.591187477111816,1
1762947383.398768,-8.673402786254883,12.80497932434082,1
1762947383.398768,-8.789278984069824,12.312748908996582,1
1762947383.430511,-8.525242805480957,12.778265953063965,1
1762947383.4988334,-8.703858375549316,13.19013500213623,1
1762947383.4988334,-8.791509628295898,10.824888229370117,1
1762947383.5250545,-8.617500305175781,13.831354141235352,1
1762947383.5250545,-8.850207328796387,11.576336860656738,1
1762947383.5568004,-8.714217185974121,13.696560859680176,1
1762947383.6356156,-8.618565559387207,13.3408784866333,1
1762947383.6356156,-8.5586576461792,12.925517082214355,1
1762947383.6513336,-8.303389549255371,13.696974754333496,1
1762947383.6513336,-8.387935638427734,11.862279891967773,1
1762947383.682834,-8.30274486541748,12.5768461227417,1
1762947383.7618146,-8.46541690826416,13.937827110290527,1
1762947383.7618146,-8.595274925231934,14.037837028503418,1
1762947383.7778091,-8.4192476272583,13.618037223815918,1
1762947383.7778091,-8.936211585998535,13.29411792755127,1
1762947383.809607,-8.520758628845215,13.27451229095459,1
1762947383.904282,-8.847273826599121,15.155774116516113,1
1762947383.904282,-10.055045127868652,13.829197883605957,1
1762947383.9202151,-9.606411933898926,14.363604545593262,1
1762947383.9202151,-10.313529968261719,13.92177963256836,1
1762947383.951749,-9.852272033691406,14.111989974975586,1
1762947384.0150318,-9.947648048400879,13.21819019317627,1
1762947384.0150318,-10.82824993133545,13.863202095031738,1
1762947384.0464516,-10.298316955566406,13.493093490600586,1
1762947384.0464516,-10.68554973602295,13.152445793151855,1
1762947384.0778193,-10.21904468536377,12.94602108001709,1
1762947384.1410978,-10.106446266174316,14.459237098693848,1
1762947384.1410978,-10.602344512939453,14.275169372558594,1
1762947384.1729434,-10.302794456481934,13.404583930969238,1
1762947384.1729434,-11.078575134277344,14.256479263305664,1
1762947384.204742,-10.842971801757812,12.945049285888672,1
1762947384.2677312,-10.610247611999512,12.427428245544434,1
1762947384.2677312,-11.025699615478516,14.31053352355957,1
1762947384.2992942,-11.18651294708252,10.717637062072754,1
1762947384.2992942,-12.107295036315918,13.396061897277832,1
1762947384.3306663,-11.620427131652832,11.679427146911621,1
1762947384.3992746,-11.616307258605957,13.021750450134277,1
1762947384.3992746,-12.360032081604004,12.581664085388184,1
1762947384.42594,-12.228589057922363,10.848278999328613,1
1762947384.42594,-13.063673973083496,11.812506675720215,1
1762947384.4574254,-12.658363342285156,11.581209182739258,1
1762947384.53672,-11.959449768066406,10.871585845947266,1
1762947384.53672,-12.282944679260254,12.800930976867676,1
1762947384.552427,-12.386149406433105,12.697632789611816,1
1762947384.552427,-13.237401008605957,10.685412406921387,1
1762947384.5837727,-13.536107063293457,11.140477180480957,1
1762947384.6625936,-14.225997924804688,11.862833023071289,1
1762947384.6625936,-15.780269622802734,11.035238265991211,1
1762947384.678264,-16.356176376342773,11.035894393920898,1
1762947384.678264,-17.20064926147461,11.383867263793945,1
1762947384.7100506,-17.531042098999023,12.346431732177734,1
1762947384.7886896,-18.234046936035156,9.753519058227539,1
1762947384.7886896,-20.836111068725586,11.101306915283203,1
1762947384.804788,-21.53487205505371,11.273038864135742,1
1762947384.804788,-22.050153732299805,9.70775032043457,1
1762947384.8363273,-23.918411254882812,10.601276397705078,1
1762947384.9152064,-26.5441951751709,12.514638900756836,1
1762947384.9152064,-28.40325927734375,10.64950942993164,1
1762947384.930923,-28.894033432006836,9.279592514038086,1
1762947384.930923,-30.218507766723633,10.553289413452148,1
1762947384.9624724,-30.63210105895996,10.14628791809082,1
1762947385.0414934,-28.285552978515625,9.785491943359375,1
1762947385.0414934,-28.73072052001953,10.799209594726562,1
1762947385.0728965,-27.317495346069336,9.367258071899414,1
1762947385.0728965,-28.267959594726562,9.696430206298828,1
1762947385.104969,-27.49715232849121,10.488588333129883,1
1762947385.1838906,-27.48046875,10.957035064697266,1
1762947385.1838906,-29.064430236816406,11.950714111328125,1
1762947385.2000785,-26.282583236694336,10.668813705444336,1
1762947385.2000785,-26.1618709564209,11.207605361938477,1
1762947385.2315295,-25.11488914489746,9.611333847045898,1
1762947385.3108838,-25.082420349121094,12.550365447998047,1
1762947385.3108838,-24.53252601623535,12.572454452514648,1
1762947385.327878,-22.599699020385742,11.939985275268555,1
1762947385.327878,-23.879783630371094,11.689895629882812,1
1762947385.3606489,-22.551950454711914,12.232236862182617,1
1762947385.4369917,-22.316497802734375,11.155834197998047,1
1762947385.4369917,-22.96388816833496,12.077054977416992,1
1762947385.4537199,-22.71714973449707,11.733682632446289,1
1762947385.4537199,-23.081199645996094,11.373088836669922,1
1762947385.4849286,-22.110998153686523,11.182405471801758,1
1762947385.5637782,-23.1561336517334,12.452840805053711,1
1762947385.5637782,-25.69969940185547,11.903045654296875,1
1762947385.5795221,-24.29418182373047,9.324974060058594,1
1762947385.5795221,-26.463930130004883,11.318704605102539,1
1762947385.611257,-27.066110610961914,9.486063003540039,1
1762947385.6904685,-30.50865936279297,9.500579833984375,1
1762947385.6904685,-32.78095626831055,6.898082733154297,0
1762947385.7061696,-29.490209579467773,9.969903945922852,1
1762947385.7061696,-30.5275821685791,8.912137985229492,1
1762947385.73773,-27.6884708404541,10.132474899291992,1
1762947385.8166254,-26.307510375976562,10.0572509765625,1
1762947385.8166254,-24.894485473632812,9.902812957763672,1
1762947385.8323123,-24.61541175842285,9.69392204284668,1
1762947385.8323123,-25.72076416015625,11.894325256347656,1
1762947385.8637168,-24.14333152770996,10.365102767944336,1
1762947385.9429946,-23.365707397460938,10.355716705322266,1
1762947385.9429946,-23.205833435058594,10.048088073730469,1
1762947385.9587412,-23.071319580078125,10.769920349121094,1
1762947385.9587412,-23.63559913635254,12.24055290222168,1
1762947386.0012317,-21.893136978149414,11.07805061340332,1
1762947386.069081,-21.966079711914062,9.911273956298828,1
1762947386.069081,-20.68086814880371,11.677812576293945,1
1762947386.0848327,-18.454858779907227,10.241628646850586,1
1762947386.0848327,-18.689199447631836,11.334722518920898,1
1762947386.1165674,-20.621431350708008,10.332618713378906,1
1762947386.2016847,-20.978660583496094,12.377140045166016,1
1762947386.2016847,-17.53388214111328,13.289678573608398,1
1762947386.2117057,-17.03034782409668,11.811395645141602,1
1762947386.2117057,-17.208112716674805,13.41257095336914,1
1762947386.2431045,-19.309133529663086,12.603397369384766,1
1762947386.3385508,-19.619850158691406,10.758630752563477,1
1762947386.3385508,-20.071624755859375,10.76529312133789,1
1762947386.3385508,-20.122751235961914,11.418838500976562,1
1762947386.3385508,-20.92408561706543,11.581705093383789,1
1762947386.3699899,-19.401670455932617,11.81202507019043,1
1762947386.4648178,-18.979093551635742,12.23872184753418,1
1762947386.4648178,-18.303369522094727,13.046318054199219,1
1762947386.4805405,-17.55369758605957,12.216482162475586,1
1762947386.4805405,-17.543413162231445,13.63730239868164,1
1762947386.51263,-16.126493453979492,12.252220153808594,1
1762947386.591712,-15.943591117858887,10.97502613067627,1
1762947386.591712,-15.99284839630127,11.917670249938965,1
1762947386.607402,-16.02712059020996,11.833406448364258,1
1762947386.607402,-15.177691459655762,11.300158500671387,1
1762947386.6387818,-15.65246868133545,12.198042869567871,1
1762947386.7176926,-14.792915344238281,11.7059326171875,1
1762947386.7176926,-13.045809745788574,12.166766166687012,1
1762947386.7333863,-12.858071327209473,12.66098690032959,1
1762947386.7333863,-12.24657917022705,13.125325202941895,1
1762947386.765183,-12.794727325439453,13.298105239868164,1
1762947386.8445623,-13.3212251663208,13.751975059509277,1
1762947386.8445623,-14.543403625488281,13.144407272338867,1
1762947386.8602753,-14.152572631835938,13.868488311767578,1
1762947386.8602753,-13.148239135742188,11.858884811401367,1
1762947386.8919547,-14.226116180419922,16.414621353149414,1
1762947386.9707806,-15.564953804016113,16.399712562561035,1
1762947386.9707806,-14.465816497802734,13.029546737670898,1
1762947386.9865022,-13.614275932312012,15.483658790588379,1
1762947386.9865022,-12.137362480163574,12.441336631774902,1
1762947387.0182006,-12.963093757629395,14.619841575622559,1
1762947387.1130114,-15.441424369812012,13.60607624053955,1
1762947387.1130114,-15.402274131774902,13.450325965881348,1
1762947387.1130114,-15.236018180847168,13.009007453918457,1
1762947387.1130114,-14.464842796325684,11.435456275939941,1
1762947387.1445155,-13.654194831848145,13.312521934509277,1
1762947387.223659,-11.986061096191406,12.008527755737305,1
1762947387.223659,-10.466068267822266,12.170339584350586,1
1762947387.2395191,-10.179287910461426,12.8193998336792,1
1762947387.2395191,-9.593435287475586,11.657575607299805,1
1762947387.2710874,-9.769693374633789,13.396018981933594,1
1762947387.365438,-9.46435260772705,12.048480033874512,1
1762947387.365438,-8.858750343322754,11.98305606842041,1
1762947387.365438,-8.875626564025879,12.79834270477295,1
1762947387.365438,-8.859875679016113,12.65849781036377,1
1762947387.4025447,-8.879700660705566,11.818284034729004,1
1762947387.4763644,-8.574694633483887,11.262362480163574,1
1762947387.4763644,-8.656901359558105,11.372267723083496,1
1762947387.5025024,-8.452420234680176,11.055890083312988,1
1762947387.5025024,-8.75445556640625,11.65047836303711,1
1762947387.5237305,-8.642117500305176,11.66140079498291,1
1762947387.6180537,-8.585837364196777,12.11731243133545,1
1762947387.6180537,-9.140345573425293,12.508414268493652,1
1762947387.6338959,-8.515521049499512,12.603560447692871,1
1762947387.6338959,-8.8720121383667,11.2643461227417,1
1762947387.665401,-8.728316307067871,13.35814380645752,1
1762947387.745298,-9.00192928314209,11.658337593078613,1
1762947387.745298,-9.226186752319336,12.417919158935547,1
1762947387.7609992,-8.721980094909668,11.507285118103027,1
1762947387.7609992,-9.107684135437012,14.4224271774292,1
1762947387.7931137,-8.651061058044434,10.902569770812988,1
1762947387.8715534,-8.511979103088379,11.585619926452637,1
1762947387.8821666,-8.805013656616211,11.52690315246582,1
1762947387.887913,-8.320578575134277,11.274785041809082,1
1762947387.887913,-8.88824462890625,13.391998291015625,1
1762947387.9190602,-8.273330688476562,11.570030212402344,1
1762947388.0137694,-8.225956916809082,11.94789981842041,1
1762947388.0137694,-8.931836128234863,11.63564395904541,1
1762947388.0137694,-8.83311939239502,11.927922248840332,1
1762947388.0137694,-9.07645320892334,12.283347129821777,1
1762947388.045131,-8.347882270812988,11.194052696228027,1
1762947388.139701,-7.983433246612549,11.159972667694092,1
1762947388.139701,-9.12372875213623,10.23106861114502,1
1762947388.139701,-8.709040641784668,11.895520210266113,1
1762947388.139701,-8.736397743225098,11.50556468963623,1
1762947388.1710677,-8.661458015441895,10.564379692077637,1
1762947388.2656305,-9.196708679199219,12.265890121459961,1
1762947388.2656305,-9.638866424560547,11.886894226074219,1
1762947388.2656305,-9.113567352294922,11.982900619506836,1
1762947388.281314,-9.27872371673584,12.193461418151855,1
1762947388.3037858,-9.049994468688965,12.450928688049316,1
1762947388.403971,-9.021129608154297,11.023496627807617,1
1762947388.403971,-9.182445526123047,13.591573715209961,1
1762947388.407532,-9.331820487976074,12.557103157043457,1
1762947388.407532,-9.475672721862793,12.135912895202637,1
1762947388.4234543,-9.55333423614502,12.654309272766113,1
1762947388.5183504,-10.117165565490723,13.024733543395996,1
1762947388.5183504,-10.492121696472168,13.000290870666504,1
1762947388.5342398,-10.466950416564941,13.077820777893066,1
1762947388.5342398,-10.66591739654541,14.523537635803223,1
1762947388.549974,-10.63480281829834,14.555129051208496,1
1762947388.6613553,-10.336370468139648,13.581674575805664,1
1762947388.6613553,-10.11102294921875,13.463752746582031,1
1762947388.6613553,-9.965106964111328,14.939117431640625,1
1762947388.6613553,-10.331257820129395,13.860974311828613,1
1762947388.677058,-9.954952239990234,13.916709899902344,1
1762947388.7714171,-10.541531562805176,14.836592674255371,1
1762947388.7870986,-11.476208686828613,14.134076118469238,1
1762947388.7870986,-11.955222129821777,12.928839683532715,1
1762947388.7870986,-11.958553314208984,14.909021377563477,1
1762947388.8053536,-13.244827270507812,13.838010787963867,1
1762947388.9128559,-14.80173110961914,14.419195175170898,1
1762947388.9128559,-17.45832633972168,12.910627365112305,1
1762947388.9128559,-17.645715713500977,12.541862487792969,1
1762947388.9128559,-18.673364639282227,12.973630905151367,1
1762947388.9445522,-19.047719955444336,13.057470321655273,1
1762947389.0408664,-17.127260208129883,11.667373657226562,1
1762947389.0408664,-14.283873558044434,13.520691871643066,1
1762947389.0408664,-12.784263610839844,12.247751235961914,1
1762947389.0408664,-12.611183166503906,12.311824798583984,1
1762947389.072314,-11.713730812072754,14.391716957092285,1
1762947389.168909,-10.830920219421387,12.908371925354004,1
1762947389.168909,-10.556538581848145,11.223843574523926,1
1762947389.168909,-9.825346946716309,11.117592811584473,1
1762947389.168909,-9.875164985656738,12.451394081115723,1
1762947389.198758,-9.246935844421387,11.912837028503418,1
1762947389.293402,-8.999988555908203,11.654052734375,1
1762947389.293402,-9.014122009277344,12.972070693969727,1
1762947389.305449,-8.829429626464844,12.017833709716797,1
1762947389.305449,-9.27108383178711,13.411212921142578,1
1762947389.3251884,-8.5721435546875,12.351734161376953,1
1762947389.4202425,-9.156231880187988,12.625945091247559,1
1762947389.4202425,-10.08857250213623,13.347769737243652,1
1762947389.4359949,-9.852622985839844,12.652170181274414,1
1762947389.4359949,-10.382092475891113,12.22315502166748,1
1762947389.4517825,-10.077326774597168,12.913680076599121,1
1762947389.546989,-9.82889175415039,12.116704940795898,1
1762947389.546989,-9.51784610748291,11.332062721252441,1
1762947389.546989,-8.924559593200684,11.901532173156738,1
1762947389.546989,-8.958063125610352,12.200347900390625,1
1762947389.5789027,-8.400877952575684,12.974165916442871,1
1762947389.67348,-7.706826686859131,13.141645908355713,1
1762947389.67348,-7.161220550537109,13.178974151611328,1
1762947389.689232,-6.160041332244873,12.358713626861572,1
1762947389.689232,-6.248632907867432,11.69744062423706,1
1762947389.7126193,-5.748452663421631,12.738012790679932,1
1762947389.8060422,-5.487393856048584,13.37966012954712,1
1762947389.8060422,-6.342504024505615,12.073797702789307,1
1762947389.8161237,-6.992215633392334,11.931301593780518,1
1762947389.8161237,-7.103799343109131,12.613497257232666,1
1762947389.8320017,-7.488314151763916,13.52226209640503,1
1762947389.9488263,-6.989109516143799,13.45357084274292,1
1762947389.9488263,-7.12249755859375,12.250059127807617,1
1762947389.9488263,-7.883434772491455,12.61119031906128,1
1762947389.9488263,-8.029412269592285,12.010022163391113,1
1762947389.9585996,-7.940032482147217,12.260387897491455,1
1762947390.0690181,-6.519813537597656,14.304981231689453,1
1762947390.0690181,-5.087820529937744,11.913415431976318,1
1762947390.0690181,-5.5689263343811035,12.41526746749878,1
1762947390.0690181,-5.618326663970947,12.530120372772217,1
1762947390.084775,-6.756406307220459,11.55458688735962,1
1762947390.19543,-7.365133762359619,12.110620021820068,1
1762947390.19543,-6.054102420806885,12.750522136688232,1
1762947390.2112248,-5.782277584075928,12.504482746124268,1
1762947390.2112248,-6.302222728729248,12.55654764175415,1
1762947390.2256382,-7.752607822418213,11.429839611053467,1
1762947390.3200252,-9.914999961853027,11.112488746643066,1
1762947390.3200252,-11.343998908996582,11.855212211608887,1
1762947390.3359108,-10.910284996032715,11.28868579864502,1
1762947390.3359108,-11.079407691955566,10.066243171691895,1
1762947390.3519685,-10.63980484008789,12.318710327148438,1
1762947390.4470074,-11.202969551086426,11.952157020568848,1
1762947390.4470074,-12.281991004943848,14.357035636901855,1
1762947390.4628086,-12.59959888458252,12.359391212463379,1
1762947390.4628086,-13.216519355773926,12.602469444274902,1
1762947390.4785738,-14.121849060058594,12.635202407836914,1
1762947390.5736184,-15.547497749328613,11.444470405578613,1
1762947390.5736184,-16.9258975982666,13.453680038452148,1
1762947390.5893745,-15.830023765563965,11.596976280212402,1
1762947390.5893745,-16.297548294067383,12.72551155090332,1
1762947390.6070888,-14.72973918914795,11.59575366973877,1
1762947390.7070346,-14.037123680114746,11.806229591369629,1
1762947390.7070346,-14.196681022644043,12.81064510345459,1
1762947390.7165544,-13.777634620666504,12.187796592712402,1
1762947390.7165544,-13.959444999694824,12.322953224182129,1
1762947390.7322228,-13.323147773742676,12.807934761047363,1
1762947390.8432543,-13.09376049041748,13.089804649353027,1
1762947390.8432543,-13.418464660644531,11.92074966430664,1
1762947390.8432543,-13.461335182189941,11.274588584899902,1
1762947390.8432543,-14.385372161865234,11.389078140258789,1
1762947390.859024,-14.33991527557373,12.709616661071777,1
1762947390.9703078,-15.49914264678955,13.291518211364746,1
1762947390.9703078,-16.270166397094727,12.148698806762695,1
1762947390.9703078,-15.85120677947998,12.216387748718262,1
1762947390.9703078,-15.633009910583496,13.001194953918457,1
1762947390.98615,-14.965426445007324,11.580718040466309,1
1762947391.096879,-14.601412773132324,12.008770942687988,1
1762947391.096879,-13.85931396484375,11.821287155151367,1
1762947391.1074321,-13.582438468933105,12.90477466583252,1
1762947391.1074321,-13.352206230163574,12.78781795501709,1
1762947391.1129842,-13.096809387207031,12.649765014648438,1
1762947391.2230499,-12.467880249023438,11.661127090454102,1
1762947391.2230499,-11.952099800109863,11.649476051330566,1
1762947391.2230499,-10.981144905090332,10.623353004455566,1
1762947391.2230499,-10.910216331481934,12.345986366271973,1
1762947391.2387304,-10.432716369628906,11.601593017578125,1
1762947391.3489666,-9.593422889709473,12.095831871032715,1
1762947391.3489666,-8.87746524810791,12.726283073425293,1
1762947391.3647325,-8.232272148132324,13.372662544250488,1
1762947391.3647325,-7.956002712249756,12.717297077178955,1
1762947391.3647325,-7.832948207855225,12.198750019073486,1
1762947391.475662,-7.36200475692749,13.054979801177979,1
1762947391.475662,-6.826071262359619,10.718024730682373,1
1762947391.4913883,-6.90875768661499,12.506802082061768,1
1762947391.4913883,-6.527018070220947,11.56774091720581,1
1762947391.5002859,-6.319433689117432,11.95963430404663,1
1762947391.6181145,-6.271112442016602,13.375371932983398,1
1762947391.6181145,-6.0409111976623535,13.061913967132568,1
1762947391.6262403,-6.036754608154297,11.181549072265625,1
1762947391.6262403,-6.483702182769775,13.746486186981201,1
1762947391.634102,-6.083774566650391,12.79617691040039,1
1762947391.7449193,-6.436553955078125,12.32928466796875,1
1762947391.7449193,-6.5759735107421875,13.663354873657227,1
1762947391.7449193,-6.3522491455078125,11.635137557983398,1
1762947391.7449193,-6.848506450653076,13.465956211090088,1
1762947391.7606921,-6.332339763641357,12.247557163238525,1
1762947391.8712223,-6.424001216888428,12.335314273834229,1
1762947391.8712223,-6.951202392578125,12.464277267456055,1
1762947391.8712223,-6.851676940917969,12.230484008789062,1
1762947391.8712223,-7.216911315917969,12.550668716430664,1
1762947391.8869388,-6.976101398468018,12.72767972946167,1
1762947391.997758,-6.963215351104736,12.786984920501709,1
1762947391.997758,-7.446065425872803,13.025951862335205,1
1762947391.997758,-6.782263278961182,10.98162031173706,1
1762947391.997758,-7.3660712242126465,12.343382358551025,1
1762947392.0135431,-6.542754650115967,11.741180896759033,1
1762947392.1243246,-6.6061692237854,11.02135419845581,1
1762947392.1243246,-7.1513671875,12.715402603149414,1
1762947392.1243246,-6.429445743560791,10.954869747161865,1
1762947392.1243246,-6.809691905975342,12.744415760040283,1
1762947392.1400447,-6.2198405265808105,11.653198719024658,1
1762947392.2513652,-6.141485214233398,12.06544303894043,1
1762947392.2513652,-6.428415775299072,13.098023891448975,1
1762947392.2513652,-5.998841762542725,11.98552942276001,1
1762947392.2513652,-6.4174652099609375,12.637434005737305,1
1762947392.2672985,-6.158528804779053,11.122286319732666,1
1762947392.377439,-6.014049530029297,13.33675765991211,1
1762947392.377439,-6.1726226806640625,11.769813537597656,1
1762947392.3933973,-5.998410701751709,13.418034076690674,1
1762947392.3933973,-6.394989013671875,12.742879867553711,1
1762947392.3933973,-6.302409648895264,12.686281681060791,1
1762947392.5101824,-6.753076553344727,12.491134643554688,1
1762947392.5101824,-7.213510036468506,12.561127185821533,1
1762947392.51972,-7.205155849456787,12.148382663726807,1
1762947392.51972,-7.357606410980225,12.321794986724854,1
1762947392.51972,-7.311270236968994,13.824124813079834,1
1762947392.6463737,-7.576515197753906,14.540111541748047,1
1762947392.6463737,-8.167817115783691,11.80260181427002,1
1762947392.6463737,-8.31806468963623,14.329283714294434,1
1762947392.6463737,-8.339329719543457,12.432976722717285,1
1762947392.6620765,-8.399397850036621,13.453524589538574,1
1762947392.787811,-8.618876457214355,12.709040641784668,1
1762947392.787811,-8.488694190979004,12.275116920471191,1
1762947392.787811,-8.565861701965332,14.45957088470459,1
1762947392.787811,-8.609637260437012,12.834864616394043,1
1762947392.787811,-8.683493614196777,13.282105445861816,1
1762947392.9218488,-8.575655937194824,13.416203498840332,1
1762947392.9218488,-8.09843921661377,12.259675025939941,1
1762947392.929868,-8.42883014678955,12.824782371520996,1
1762947392.929868,-8.172045707702637,13.013142585754395,1
1762947392.9385345,-8.081957817077637,12.187775611877441,1
1762947393.0562987,-7.937979221343994,12.394303798675537,1
1762947393.0562987,-7.918816089630127,12.674800395965576,1
1762947393.0562987,-8.000969886779785,11.76937198638916,1
1762947393.0562987,-8.013197898864746,12.990469932556152,1
1762947393.0720074,-7.885016918182373,13.819626331329346,1
1762947393.1831875,-13.893470764160156,11.254753112792969,1
1762947393.1831875,-7.859527111053467,13.376129627227783,1
1762947393.1989043,-7.925190448760986,14.066224575042725,1
1762947393.1989043,-7.842153072357178,12.217630863189697,1
1762947393.2093215,-7.957126617431641,12.614603042602539,1
1762947393.3253605,-8.0983304977417,12.423907279968262,1
1762947393.3253605,-8.93919563293457,12.940996170043945,1
1762947393.3253605,-9.029677391052246,12.094923973083496,1
1762947393.3253605,-9.114790916442871,12.697752952575684,1
1762947393.3410902,-9.343392372131348,11.778063774108887,1
1762947393.4526033,-9.60509967803955,12.010649681091309,1
1762947393.4526033,-9.305781364440918,11.220139503479004,1
1762947393.4683137,-10.030570983886719,12.44472885131836,1
1762947393.4683137,-9.430367469787598,12.46677303314209,1
1762947393.4683137,-10.058905601501465,12.145316123962402,1
1762947393.5948963,-9.831937789916992,13.78054428100586,1
1762947393.5948963,-8.445531845092773,11.030187606811523,1
1762947393.5948963,-7.308687686920166,13.017327785491943,1
1762947393.5948963,-7.875939846038818,12.296534061431885,1
1762947393.6101515,-6.815937519073486,12.628194332122803,1
1762947393.7213323,-6.253570556640625,12.201299667358398,1
1762947393.7213323,-7.340246677398682,13.803054332733154,1
1762947393.7370443,-5.252636432647705,12.271411418914795,1
1762947393.7370443,-7.1249542236328125,13.828302383422852,1
1762947393.7370443,-5.073660373687744,12.743592739105225,1
1762947393.863752,-4.885314464569092,13.16978120803833,1
1762947393.863752,-5.056596279144287,13.336052417755127,1
1762947393.879501,-5.3800835609436035,13.318385601043701,1
1762947393.879501,-5.090292453765869,12.574885845184326,1
1762947393.879501,-5.4397053718566895,13.738046169281006,1
1762947394.0108287,-5.29099702835083,13.635491847991943,1
1762947394.0208998,-5.770839214324951,12.840769290924072,1
1762947394.0208998,-5.272575378417969,14.16411018371582,1
1762947394.0208998,-6.468099117279053,11.10738229751587,1
1762947394.0208998,-5.763136386871338,13.903172969818115,1
1762947394.1475046,-5.789602279663086,13.272726058959961,1
1762947394.1475046,-6.77081298828125,11.809295654296875,1
1762947394.1632733,-6.474695682525635,11.517497539520264,1
1762947394.1632733,-6.637683868408203,11.368219375610352,1
1762947394.1718516,-6.384838104248047,13.029394149780273,1
1762947394.2892141,-6.440090179443359,12.40306282043457,1
1762947394.2892141,-7.283814907073975,12.026806354522705,1
1762947394.2892141,-8.386361122131348,13.357403755187988,1
1762947394.2892141,-7.085437774658203,13.411520004272461,1
1762947394.3049695,-8.164620399475098,12.930937767028809,1
1762947394.4150374,-7.913782596588135,13.230430126190186,1
1762947394.4150374,-10.524128913879395,11.004191398620605,1
1762947394.4307792,-5.3898024559021,11.462807178497314,1
1762947394.4307792,-5.419896602630615,11.51886796951294,1
1762947394.4307792,-5.365746974945068,11.41542100906372,1
1762947394.5569074,-5.433727264404297,10.772661209106445,1
1762947394.5569074,-6.97637414932251,10.707183361053467,1
1762947394.5569074,-5.938319683074951,12.55779504776001,1
1762947394.5569074,-6.972461700439453,10.90576171875,1
1762947394.572668,-5.7728729248046875,12.736553192138672,1
1762947394.699238,-5.825990200042725,12.395119190216064,1
1762947394.699238,-5.561434268951416,10.680909633636475,1
1762947394.711866,-4.899782180786133,11.032336235046387,1
1762947394.711866,-5.57988166809082,11.48182487487793,1
1762947394.7149632,-4.752191066741943,11.346802234649658,1
1762947394.8257751,-4.916697025299072,11.462117671966553,1
1762947394.8415396,-4.639279842376709,11.362993717193604,1
1762947394.8415396,-5.615453720092773,13.086668014526367,1
1762947394.8415396,-4.711477756500244,11.443494319915771,1
1762947394.8415396,-5.587133884429932,12.39762830734253,1
1762947394.9681594,-5.55632209777832,12.501611709594727,1
1762947394.9681594,-4.938424587249756,11.845316410064697,1
1762947394.9681594,-5.599192142486572,12.362624645233154,1
1762947394.9681594,-4.798866271972656,11.935646057128906,1
1762947394.9841478,-5.6974778175354,11.954932689666748,1
1762947395.1125617,-5.360689640045166,11.537717342376709,1
1762947395.1125617,-5.426448822021484,10.32976245880127,1
1762947395.1265547,-4.4066948890686035,11.685515880584717,1
1762947395.1265547,-5.243499755859375,10.734843254089355,1
1762947395.1265547,-4.560024261474609,11.889841079711914,1
1762947395.2779415,-4.432730197906494,11.532605648040771,1
1762947395.278725,-5.410948276519775,11.2632155418396,1
1762947395.2859259,-5.654539585113525,11.917630672454834,1
1762947395.287164,-5.271775722503662,11.789270877838135,1
1762947395.2930214,-5.631262302398682,11.432427883148193,1
1762947395.4553995,-5.688563823699951,12.528194904327393,1
1762947395.4553995,-4.939570903778076,11.664980411529541,1
1762947395.463419,-5.1280694007873535,12.521604061126709,1
1762947395.464402,-4.846444606781006,10.30295991897583,1
1762947395.4704037,-5.097347736358643,13.04241132736206,1
1762947395.6229153,-5.224253177642822,13.196418285369873,1
1762947395.6239145,-5.0092854499816895,12.643880367279053,1
1762947395.630913,-6.885950088500977,12.041650772094727,1
1762947395.631912,-4.99885892868042,12.660126209259033,1
1762947395.636926,-6.938985824584961,11.90306282043457,1
1762947395.8026607,-6.997188091278076,11.196794986724854,1
1762947395.8026607,-6.187413692474365,12.56813669204712,1
1762947395.8101778,-6.174887180328369,12.118905544281006,1
1762947395.8101778,-6.338586330413818,12.133326053619385,1
1762947395.8172739,-6.140018463134766,11.97113037109375,1
1762947395.981969,-6.1396484375,11.429302215576172,1
1762947395.9829695,-5.7667999267578125,13.43118667602539,1
1762947395.9889839,-7.648160457611084,11.004663944244385,1
1762947395.9899702,-5.821038722991943,13.721899509429932,1
1762947395.9969718,-7.5404205322265625,11.749626159667969,1
1762947396.1513188,-7.468265533447266,10.737495422363281,1
1762947396.152317,-6.501067638397217,15.451855182647705,1
1762947396.1573017,-4.47079610824585,12.778460025787354,1
1762947396.1583056,-6.4620537757873535,15.029399394989014,1
1762947396.16532,-4.572380065917969,12.501379013061523,1
1762947396.323738,-4.628589630126953,12.581949234008789,1
1762947396.323738,-5.585524082183838,11.72116994857788,1
1762947396.323738,-6.7414116859436035,11.79353666305542,1
1762947396.323738,-5.536027908325195,11.790599822998047,1
1762947396.3383021,-6.850101470947266,11.823410034179688,1
1762947396.4666946,-6.84039831161499,12.217394351959229,1
1762947396.4808288,-6.7444024085998535,12.716516017913818,1
1762947396.4808288,-8.372611045837402,12.668292045593262,1
1762947396.4808288,-6.690389156341553,12.621923923492432,1
1762947396.4808288,-8.515965461730957,11.86214542388916,1
1762947396.612796,-8.413542747497559,11.85084056854248,1
1762947396.612796,-6.817625522613525,11.31152868270874,1
1762947396.623316,-7.4530348777771,12.454958438873291,1
1762947396.623316,-6.968777179718018,11.793521404266357,1
1762947396.623316,-7.457796573638916,12.412137508392334,1
1762947396.7656074,-7.15392541885376,12.129519939422607,1
1762947396.7656074,-7.537473201751709,11.888000965118408,1
1762947396.7656074,-7.069643497467041,13.54546308517456,1
1762947396.7813642,-7.287343502044678,11.912695407867432,1
1762947396.7813642,-6.796274662017822,12.850921154022217,1
1762947396.9134452,-6.951438903808594,12.96343994140625,1
1762947396.9134452,-6.758073806762695,12.979013442993164,1
1762947396.923489,-6.555810451507568,12.526669025421143,1
1762947396.923489,-6.856932163238525,14.25376272201538,1
1762947396.923489,-6.63433837890625,12.344358444213867,1
1762947397.0500164,-6.495685577392578,12.171516418457031,1
1762947397.0500164,-7.5688796043396,11.760756015777588,1
1762947397.065784,-5.906485080718994,13.39204740524292,1
1762947397.065784,-7.53408670425415,11.271413326263428,1
1762947397.065784,-5.879518032073975,11.823704242706299,1
1762947397.2075787,-6.006117343902588,13.00031042098999,1
1762947397.2075787,-6.253541469573975,12.029747486114502,1
1762947397.213683,-8.176827430725098,10.87330150604248,1
1762947397.213683,-6.324466228485107,11.290152072906494,1
1762947397.2237027,-8.166343688964844,11.492143630981445,1
1762947397.3660808,-8.526597023010254,10.813679695129395,1
1762947397.3660808,-8.406811714172363,11.568266868591309,1
1762947397.3660808,-5.966749668121338,12.289641857147217,1
1762947397.3660808,-8.31823444366455,12.23383617401123,1
1762947397.3660808,-5.924316883087158,11.800391674041748,1
1762947397.5243726,-5.949394702911377,12.433722972869873,1
1762947397.5243726,-6.950063228607178,12.114609241485596,1
1762947397.5403605,-7.706650257110596,11.540721416473389,1
1762947397.5403605,-7.117056369781494,12.67659330368042,1
1762947397.5403605,-7.692385196685791,12.288337230682373,1
1762947397.7013092,-7.722179412841797,12.236515045166016,1
1762947397.7019262,-8.392130851745605,12.2886381149292,1
1762947397.7085552,-8.512297630310059,11.96707820892334,1
1762947397.7097032,-8.332534790039062,11.811384201049805,1
1762947397.7158754,-8.4392671585083,11.173270225524902,1
1762947397.8794954,-8.60833740234375,12.157205581665039,1
1762947397.8804908,-9.294063568115234,12.81382942199707,1
1762947397.8864908,-7.643428802490234,12.81529426574707,1
1762947397.8874958,-8.946589469909668,11.865609169006348,1
1762947397.8944898,-8.036968231201172,11.993122100830078,1
1762947398.0705547,-8.031601905822754,12.502902030944824,1
1762947398.0705547,-8.375617980957031,13.251180648803711,1
1762947398.0785937,-7.498540878295898,10.461002349853516,1
1762947398.0785937,-8.48971176147461,13.163766860961914,1
1762947398.0855505,-7.789775371551514,10.618290424346924,1
1762947398.2575748,-7.958920955657959,10.509777545928955,1
1762947398.2585754,-9.489124298095703,12.481075286865234,1
1762947398.2645907,-8.917684555053711,13.735113143920898,1
1762947398.2655916,-9.703169822692871,11.526700019836426,1
1762947398.272583,-9.08521556854248,13.000723838806152,1
1762947398.4566538,-8.95104694366455,12.618046760559082,1
1762947398.4566538,-9.866747856140137,11.330096244812012,1
1762947398.4636567,-10.19540023803711,13.191734313964844,1
1762947398.4636567,-9.80944538116455,11.724472999572754,1
1762947398.4706688,-9.85800838470459,11.978875160217285,1
1762947398.6501207,-10.290247917175293,11.89327335357666,1
1762947398.6531532,-10.520136833190918,12.772843360900879,1
1762947398.657112,-10.521147727966309,13.074519157409668,1
1762947398.657112,-10.411319732666016,12.685688018798828,1
1762947398.6641982,-10.8381929397583,12.278254508972168,1
1762947398.8410213,-10.890780448913574,12.241745948791504,1
1762947398.8410213,-10.111520767211914,12.701543807983398,1
1762947398.8571732,-10.370002746582031,12.888896942138672,1
1762947398.8571732,-10.048087120056152,13.594611167907715,1
1762947398.8571732,-10.536087989807129,11.888623237609863,1
1762947399.030789,-10.289275169372559,12.116045951843262,1
1762947399.030789,-12.518176078796387,10.710808753967285,1
1762947399.030789,-10.776612281799316,12.160061836242676,1
1762947399.030789,-12.423794746398926,11.514859199523926,1
1762947399.0467346,-10.912010192871094,11.946495056152344,1
1762947399.2050202,-11.142105102539062,12.444448471069336,1
1762947399.2050202,-11.082298278808594,11.265848159790039,1
1762947399.215595,-10.493868827819824,12.127060890197754,1
1762947399.215595,-11.067340850830078,12.909494400024414,1
1762947399.2206922,-10.38150691986084,12.132315635681152,1
1762947399.3785655,-10.232028007507324,11.788409233093262,1
1762947399.3785655,-11.39642333984375,11.3453369140625,1
1762947399.394339,-11.577528953552246,12.98294734954834,1
1762947399.394339,-12.0975341796875,11.415077209472656,1
1762947399.394339,-12.645968437194824,13.503214836120605,1
1762947399.5361955,-12.423077583312988,12.636218070983887,1
1762947399.5361955,-11.932101249694824,11.817805290222168,1
1762947399.5521524,-11.292866706848145,12.756131172180176,1
1762947399.5521524,-11.567898750305176,12.304919242858887,1
1762947399.5521524,-10.734919548034668,11.108325004577637,1
1762947399.7109387,-10.275862693786621,11.716729164123535,1
1762947399.716034,-9.358185768127441,12.175324440002441,1
1762947399.716034,-7.19575834274292,11.71407175064087,1
1762947399.716034,-8.889954566955566,11.21098804473877,1
1762947399.7265928,-7.442359447479248,11.531605243682861,1
1762947399.8850043,-7.1853156089782715,12.832767963409424,1
1762947399.8850043,-7.296040058135986,11.112311840057373,1
1762947399.8850043,-8.228351593017578,12.477434158325195,1
1762947399.9006827,-6.962801456451416,10.33380651473999,1
1762947399.9006827,-7.860480785369873,12.342176914215088,1
1762947400.0585098,-7.6549835205078125,12.60675048828125,1
1762947400.0585098,-5.977198123931885,12.213494777679443,1
1762947400.074236,-33.535648345947266,7.509635925292969,1
1762947400.074236,-32.95530319213867,7.486858367919922,1
1762947400.074236,-34.14870834350586,7.992118835449219,1
1762947400.2491693,-33.222843170166016,7.939334869384766,1
1762947400.249777,-33.954715728759766,7.90228271484375,1
1762947400.255909,-34.09791946411133,5.7322235107421875,0
1762947400.2571993,-32.81693649291992,7.33294677734375,1
1762947400.2634714,-33.84091567993164,7.62176513671875,1
1762947400.4216077,-32.4042854309082,6.9729461669921875,0
1762947400.4216077,-33.01852035522461,7.964527130126953,1
1762947400.4216077,-32.97694778442383,7.832542419433594,1
1762947400.4216077,-33.830055236816406,7.813213348388672,1
1762947400.437553,-33.942867279052734,8.364921569824219,1
1762947400.5800376,-33.11856460571289,7.895515441894531,1
1762947400.5800376,-33.87302780151367,6.458751678466797,0
1762947400.596099,-32.30307388305664,8.459197998046875,1
1762947400.596099,-35.23158645629883,7.576320648193359,1
1762947400.596099,-33.64645004272461,7.565391540527344,1
1762947400.7544146,-33.007320404052734,6.955821990966797,0
1762947400.7544146,-32.65686798095703,9.590599060058594,1
1762947400.7703686,-32.86511993408203,7.1731414794921875,1
1762947400.7703686,-33.03386306762695,6.807621002197266,0
1762947400.7703686,-35.2920036315918,9.179679870605469,1
1762947400.9292011,-33.25613784790039,8.61862564086914,1
1762947400.9292011,-32.46034622192383,7.084968566894531,1
1762947400.9449675,-33.4228401184082,7.288242340087891,1
1762947400.9449675,-32.888729095458984,7.273036956787109,1
1762947400.9449675,-34.58436965942383,7.012561798095703,1
1762947401.1033068,-33.36042785644531,6.878078460693359,0
1762947401.1033068,-32.868961334228516,7.280052185058594,1
1762947401.1192164,-34.525779724121094,6.903568267822266,0
1762947401.1192164,-34.26182174682617,7.910984039306641,1
1762947401.1192164,-33.907066345214844,8.006385803222656,1
1762947401.29362,-32.521305084228516,7.566913604736328,1
1762947401.29362,-32.74012756347656,7.093719482421875,1
1762947401.29362,-33.7127799987793,9.306709289550781,1
1762947401.29362,-32.96381759643555,8.601547241210938,1
1762947401.309427,-34.18967056274414,8.247367858886719,1
1762947401.4677672,-34.67793273925781,6.767452239990234,0
1762947401.4677672,-34.44545364379883,8.97092056274414,1
1762947401.4839904,-34.622188568115234,7.233070373535156,1
1762947401.4839904,-33.70578384399414,7.7391357421875,1
1762947401.4839904,-33.780460357666016,6.73846435546875,0
1762947401.6583202,-33.11240768432617,7.270210266113281,1
1762947401.6583202,-33.63715744018555,7.1620025634765625,1
1762947401.6583202,-32.866859436035156,7.382251739501953,1
1762947401.6583202,-33.520294189453125,7.636688232421875,1
1762947401.6740308,-34.256900787353516,7.281745910644531,1
1762947401.8323328,-34.794986724853516,7.705699920654297,1
1762947401.8323328,-35.157745361328125,8.220813751220703,1
1762947401.848346,-33.25271224975586,6.390590667724609,0
1762947401.848346,-33.769222259521484,6.901298522949219,0
1762947401.848346,-32.8812370300293,8.208972930908203,1
1762947402.021685,-34.36956787109375,7.849212646484375,1
1762947402.021685,-33.29110336303711,7.600372314453125,1
1762947402.021685,-34.70730972290039,8.321475982666016,1
1762947402.037352,-32.75276565551758,5.927242279052734,0
1762947402.037352,-31.53850555419922,6.305915832519531,0
1762947402.2114236,-31.715890884399414,6.529943466186523,0
1762947402.2189956,-34.8536262512207,7.598606109619141,1
1762947402.2189956,-34.71323013305664,7.156719207763672,1
1762947402.2189956,-34.048484802246094,7.489528656005859,1
1762947402.2275193,-34.72023391723633,8.497180938720703,1
1762947402.4021258,-33.837833404541016,7.440620422363281,1
1762947402.4021258,-34.8741569519043,6.303775787353516,0
1762947402.4021258,-34.28521728515625,7.1630096435546875,1
1762947402.4021258,-34.73384094238281,7.252017974853516,1
1762947402.4178457,-34.6491813659668,7.694370269775391,1
1762947402.5915785,-32.536834716796875,5.7574920654296875,0
1762947402.5915785,-34.61777114868164,8.055801391601562,1
1762947402.5915785,-34.696590423583984,8.068115234375,1
1762947402.5915785,-33.82735824584961,8.092632293701172,1
1762947402.607318,-33.52592086791992,7.214290618896484,1
1762947402.7866333,-34.373870849609375,8.527446746826172,1
1762947402.787189,-32.01474380493164,6.529243469238281,0
1762947402.7901828,-34.199951171875,5.902675628662109,0
1762947402.7901828,-34.727664947509766,6.920555114746094,0
1762947402.8010833,-33.97867202758789,5.202465057373047,0
1762947402.9708712,-33.303253173828125,8.568592071533203,1
1762947402.9708712,-33.82182312011719,6.873863220214844,0
1762947402.9708712,-32.43718338012695,7.666847229003906,1
1762947402.9708712,-31.268646240234375,6.817657470703125,0
1762947402.9708712,-33.596412658691406,9.101783752441406,1
1762947403.1450605,-32.53653335571289,6.788196563720703,0
1762947403.1450605,-31.763879776000977,6.099874496459961,0
1762947403.160783,-33.15031814575195,7.3331298828125,1
1762947403.160783,-33.89316940307617,7.696929931640625,1
1762947403.160783,-33.43996047973633,8.11654281616211,1
1762947403.3348477,-32.51313018798828,7.811321258544922,1
1762947403.3348477,-33.30857467651367,5.5746002197265625,0
1762947403.3505633,-33.45090103149414,8.256366729736328,1
1762947403.3505633,-33.00203323364258,6.519252777099609,0
1762947403.3505633,-33.02077102661133,7.195232391357422,1
1762947403.540478,-32.24264907836914,8.18655776977539,1
1762947403.540478,-32.973960876464844,7.718387603759766,1
1762947403.540478,-33.969871520996094,9.155323028564453,1
1762947403.540478,-33.064693450927734,7.400096893310547,1
1762947403.5562077,-34.52891540527344,7.433567047119141,1
1762947403.7300985,-34.20315933227539,8.57717514038086,1
1762947403.7300985,-32.80380630493164,6.537952423095703,0
1762947403.745818,-34.79171371459961,7.477725982666016,1
1762947403.745818,-35.6408805847168,9.815433502197266,1
1762947403.745818,-35.37047576904297,8.434585571289062,1
1762947403.9361694,-34.85511779785156,7.054332733154297,1
1762947403.9361694,-33.28597640991211,6.37158203125,0
1762947403.9361694,-34.08012008666992,8.286422729492188,1
1762947403.9361694,-35.1242561340332,7.615203857421875,1
1762947403.951867,-34.607444763183594,5.878791809082031,0
1762947404.1426666,-31.660669326782227,7.744436264038086,1
1762947404.1426666,-34.404354095458984,7.045196533203125,1
1762947404.1426666,-34.7828254699707,6.964485168457031,0
1762947404.1426666,-34.374202728271484,7.0610198974609375,1
1762947404.1583405,-34.007991790771484,9.068370819091797,1
1762947404.3489916,-34.09542465209961,7.088172912597656,1
1762947404.3489916,-33.27585983276367,7.419883728027344,1
1762947404.3489916,-34.367374420166016,9.381019592285156,1
1762947404.3489916,-34.47878646850586,7.942359924316406,1
1762947404.3489916,-34.56123352050781,8.015033721923828,1
1762947404.5385792,-34.57518768310547,7.461669921875,1
1762947404.5385792,-33.6503791809082,6.540500640869141,0
1762947404.5542815,-31.952239990234375,7.849140167236328,1
1762947404.5542815,-35.350894927978516,6.9726715087890625,0
1762947404.5542815,-32.5850830078125,8.98614501953125,1
1762947404.7280211,-30.49403190612793,6.779321670532227,0
1762947404.7437134,-33.43350601196289,7.993133544921875,1
1762947404.7437134,-33.75554275512695,8.018844604492188,1
1762947404.7437134,-36.75138854980469,7.697547912597656,1
1762947404.7437134,-34.81222152709961,6.567745208740234,0
1762947404.9329731,-33.99696350097656,8.617774963378906,1
1762947404.9329731,-33.53725051879883,8.277755737304688,1
1762947404.9487028,-32.85063171386719,6.412189483642578,0
1762947404.9487028,-34.27865219116211,8.028518676757812,1
1762947404.9487028,-34.25362014770508,6.266544342041016,0
1762947405.138006,-35.12642288208008,7.0491943359375,1
1762947405.138006,-30.966806411743164,6.900842666625977,0
1762947405.1541321,-34.0760612487793,7.1158905029296875,1
1762947405.1541321,-33.001983642578125,6.565277099609375,0
1762947405.1556888,-33.86568069458008,7.321014404296875,1
1762947405.3431349,-33.70842361450195,7.053916931152344,1
1762947405.3431349,-34.06126403808594,7.784534454345703,1
1762947405.3589878,-34.110923767089844,8.73800277709961,1
1762947405.3589878,-32.87394714355469,7.553340911865234,1
1762947405.3589878,-33.9652214050293,7.140342712402344,1
1762947405.5488598,-33.927425384521484,7.476207733154297,1
1762947405.5488598,-33.118988037109375,7.8905181884765625,1
1762947405.5645757,-33.60226058959961,6.331386566162109,0
1762947405.5645757,-33.446258544921875,8.35397720336914,1
1762947405.5645757,-32.69767379760742,7.723197937011719,1
1762947405.7536275,-32.03711700439453,7.017017364501953,1
1762947405.7536275,-32.998451232910156,7.611114501953125,1
1762947405.7694035,-33.80770492553711,7.2998199462890625,1
1762947405.7694035,-34.61328125,7.105194091796875,1
1762947405.7694035,-35.020286560058594,7.029052734375,1
1762947405.9583333,-33.96079635620117,8.443344116210938,1
1762947405.9583333,-33.34926223754883,7.284152984619141,1
1762947405.9583333,-33.7213020324707,7.178478240966797,1
1762947405.9583333,-33.75571060180664,6.8680572509765625,0
1762947405.9740057,-32.52810287475586,7.2753143310546875,1
1762947406.1470945,-34.68177795410156,8.62301254272461,1
1762947406.1470945,-33.7042350769043,8.142646789550781,1
1762947406.1629114,-33.62968826293945,7.5074005126953125,1
1762947406.1629114,-33.160579681396484,7.636909484863281,1
1762947406.1629114,-35.68712615966797,7.133827209472656,1
1762947406.3530672,-34.4032096862793,8.094863891601562,1
1762947406.3530672,-33.37208938598633,6.715755462646484,0
1762947406.3530672,-2.3790695667266846,8.33274245262146,1
1762947406.3530672,-32.472408294677734,6.829677581787109,0
1762947406.3689392,-16.426177978515625,10.776338577270508,1
1762947406.5582526,-3.206062078475952,8.504671335220337,1
1762947406.5582526,-7.414883136749268,8.576676845550537,1
1762947406.5582526,-34.38328170776367,7.787021636962891,1
1762947406.5582526,-32.59783935546875,5.765098571777344,0
1762947406.5739315,-32.554378509521484,8.336536407470703,1
1762947406.7484405,-34.40066909790039,7.510616302490234,1
1762947406.7484405,-32.52350997924805,7.191265106201172,1
1762947406.7641835,-9.562036514282227,16.341026306152344,1
1762947406.7641835,-2.0242502689361572,10.373433828353882,1
1762947406.7641835,-34.137332916259766,6.846519470214844,0
1762947406.953832,-34.959468841552734,8.4793701171875,1
1762947406.953832,-34.31540298461914,7.834831237792969,1
1762947406.953832,-34.21707534790039,8.131591796875,1
1762947406.953832,-35.1573600769043,7.449581146240234,1
1762947406.9695842,-33.39727020263672,7.911945343017578,1
1762947407.1580532,-34.621360778808594,7.358882904052734,1
1762947407.1580532,-34.61561965942383,7.9227294921875,1
1762947407.1580532,-32.027610778808594,8.072635650634766,1
1762947407.1580532,-1.5666545629501343,8.743093132972717,1
1762947407.1778,-33.956634521484375,7.287273406982422,1
1762947407.3630748,-31.46363067626953,7.928882598876953,1
1762947407.3630748,-33.12497329711914,7.605197906494141,1
1762947407.3630748,-32.05953598022461,6.759128570556641,0
1762947407.3630748,-3.492999315261841,9.014079809188843,1
1762947407.3788412,-32.536495208740234,8.132232666015625,1
1762947407.569791,-29.835012435913086,8.312471389770508,1
1762947407.569791,-33.69602584838867,8.121356964111328,1
1762947407.569791,-10.122654914855957,8.732136726379395,1
1762947407.569791,-13.54266357421875,15.335445404052734,1
1762947407.569791,-33.58417892456055,6.871776580810547,0
1762947407.780283,-35.35190200805664,7.24267578125,1
1762947407.7813914,-33.173946380615234,7.3202972412109375,1
1762947407.7875316,-29.71136474609375,9.29928970336914,1
1762947407.788041,-4.086460590362549,8.344720363616943,1
1762947407.7946658,-33.730281829833984,6.591693878173828,0
1762947407.9787316,-32.44387435913086,7.834857940673828,1
1762947407.9787316,-6.464845180511475,11.833181858062744,1
1762947407.994398,-4.509517669677734,12.113826751708984,1
1762947407.994398,-6.050068378448486,12.949510097503662,1
1762947407.994398,-3.8009727001190186,12.789736986160278,1
1762947408.1837442,-3.3351871967315674,13.179367780685425,1
1762947408.1837442,-3.846576690673828,11.728126525878906,1
1762947408.1994634,-4.194635391235352,13.271392822265625,1
1762947408.1994634,-3.737025499343872,10.869499921798706,1
1762947408.1994634,-5.515878200531006,12.87935495376587,1
1762947408.4053605,-6.958554744720459,13.716684818267822,1
1762947408.4053605,-5.0483527183532715,11.755804538726807,1
1762947408.4053605,-4.107142925262451,13.304958820343018,1
1762947408.4053605,-4.3285813331604,12.06076192855835,1
1762947408.4212067,-3.1794326305389404,13.861735582351685,1
1762947408.6113229,-2.6905410289764404,12.820024728775024,1
1762947408.625041,-2.733729600906372,11.982052564620972,1
1762947408.6270902,-4.270583629608154,11.32721471786499,1
1762947408.6270902,-3.338665008544922,11.776202201843262,1
1762947408.6270902,-4.995241165161133,11.573495864868164,1
1762947408.8331764,-5.749895095825195,11.893579483032227,1
1762947408.8331764,-7.2635111808776855,11.468437671661377,1
1762947408.8331764,-6.091270923614502,12.215156078338623,1
1762947408.8331764,-7.275012969970703,11.916778564453125,1
1762947408.8488152,-6.17295503616333,12.375827312469482,1
1762947409.0383189,-5.951898574829102,12.346343994140625,1
1762947409.0383189,-6.06103515625,13.479455947875977,1
1762947409.0540388,-4.162634372711182,12.996066570281982,1
1762947409.0540388,-5.588472843170166,13.179070949554443,1
1762947409.0540388,-3.46239972114563,12.6775062084198,1
1762947409.2534847,-2.8056046962738037,12.401176691055298,1
1762947409.2534847,-2.884040117263794,12.109564542770386,1
1762947409.2600346,-4.1468505859375,10.537837028503418,1
1762947409.2600346,-3.187751531600952,12.181673288345337,1
1762947409.2600346,-4.632782459259033,10.622859477996826,1
1762947409.4652457,-5.775894641876221,10.064704418182373,1
1762947409.4652457,-11.407267570495605,13.187249183654785,1
1762947409.4652457,-13.680027961730957,11.73920726776123,1
1762947409.4652457,-13.811871528625488,12.740035057067871,1
1762947409.4652457,-14.760315895080566,11.766457557678223,1
1762947409.671134,-16.431161880493164,12.39010238647461,1
1762947409.671134,-17.924448013305664,11.920862197875977,1
1762947409.671134,-15.466029167175293,11.697062492370605,1
1762947409.671134,-15.26562213897705,11.460972785949707,1
1762947409.6868136,-14.816798210144043,9.466021537780762,1
1762947409.8923998,-13.270545959472656,10.493621826171875,1
1762947409.8923998,-9.888248443603516,11.46982192993164,1
1762947409.8923998,-8.818730354309082,12.810458183288574,1
1762947409.8923998,-10.152838706970215,11.028388023376465,1
1762947409.9081736,-8.460504531860352,12.139644622802734,1
1762947410.1134677,-7.163909912109375,11.945150375366211,1
1762947410.1134677,-12.871528625488281,11.966123580932617,1
1762947410.1134677,-12.673393249511719,13.460851669311523,1
1762947410.1134677,-12.767451286315918,10.883048057556152,1
1762947410.1291642,-13.16833782196045,12.147793769836426,1
1762947410.3356023,-16.977882385253906,13.577163696289062,1
1762947410.3356023,-12.942595481872559,11.639174461364746,1
1762947410.3356023,-12.56850814819336,12.766538619995117,1
1762947410.3512883,-12.314796447753906,11.313871383666992,1
1762947410.356374,-9.913946151733398,12.839664459228516,1
1762947410.5570729,-8.86404037475586,11.949481964111328,1
1762947410.5570729,-13.965367317199707,11.34898853302002,1
1762947410.5570729,-8.006860733032227,12.815185546875,1
1762947410.5570729,-9.018123626708984,12.639760971069336,1
1762947410.5728219,-6.001330852508545,12.951160907745361,1
1762947410.7635124,-7.099730014801025,12.731095790863037,1
1762947410.7635124,-9.482842445373535,12.414233207702637,1
1762947410.7792442,-8.886178016662598,12.085064888000488,1
1762947410.7792442,-8.220763206481934,11.508387565612793,1
1762947410.7792442,-7.888368129730225,12.010284900665283,1
1762947410.9853237,-6.745975494384766,11.912057876586914,1
1762947410.9853237,-3.312650680541992,11.217652320861816,1
1762947411.0014458,-3.788357973098755,10.836599111557007,1
1762947411.0014458,-3.0577430725097656,11.237405776977539,1
1762947411.0014458,-3.9781110286712646,11.085536241531372,1
1762947411.192779,-4.296918869018555,11.259366035461426,1
1762947411.2086773,-9.72762393951416,11.140191078186035,1
1762947411.2086773,-7.9092020988464355,12.75806474685669,1
1762947411.2086773,-10.52221393585205,11.319746971130371,1
1762947411.2086773,-8.641297340393066,12.815295219421387,1
1762947411.4269679,-8.161726951599121,12.343876838684082,1
1762947411.4269679,-5.791800022125244,11.234914302825928,1
1762947411.4318898,-6.0816216468811035,11.240508556365967,1
1762947411.4318898,-6.051805019378662,11.598074436187744,1
1762947411.4318898,-6.641302108764648,11.378520965576172,1
1762947411.6370187,-7.043984889984131,11.938633441925049,1
1762947411.6370187,-7.379208087921143,13.438443660736084,1
1762947411.6527734,-11.834383964538574,12.171771049499512,1
1762947411.6527734,-8.01903247833252,13.20811939239502,1
1762947411.6527734,-10.758030891418457,12.804699897766113,1
1762947411.8592432,-9.890484809875488,12.281739234924316,1
1762947411.8592432,-5.177160739898682,13.189584255218506,1
1762947411.8592432,-7.346248626708984,11.05020523071289,1
1762947411.8592432,-5.511119842529297,11.337015151977539,1
1762947411.8749723,-7.720358371734619,12.343818187713623,1
1762947412.080667,-7.549605846405029,11.419382572174072,1
1762947412.080667,-5.967716217041016,13.136199951171875,1
1762947412.080667,-8.417478561401367,13.126850128173828,1
1762947412.0968444,-7.042881011962891,12.69503402709961,1
1762947412.0968444,-9.451632499694824,13.410014152526855,1
1762947412.303314,-10.439781188964844,12.812885284423828,1
1762947412.303314,-19.32176971435547,12.14659309387207,1
1762947412.303314,-20.039491653442383,11.00108528137207,1
1762947412.303314,-21.037857055664062,12.16180419921875,1
1762947412.3194582,-20.118024826049805,11.512336730957031,1
1762947412.5281765,-18.388395309448242,11.40138053894043,1
1762947412.5281765,-13.186882019042969,11.840570449829102,1
1762947412.5405974,-12.008834838867188,12.702369689941406,1
1762947412.5405974,-13.154159545898438,12.933670043945312,1
1762947412.5508149,-11.24941635131836,12.495250701904297,1
1762947412.7761455,-11.860580444335938,11.565303802490234,1
1762947412.7761455,-12.996052742004395,11.056536674499512,1
1762947412.79364,-13.537895202636719,13.791494369506836,1
1762947412.7942219,-14.662808418273926,11.053030967712402,1
1762947412.8008087,-15.541651725769043,12.373805046081543,1
1762947413.0450811,-13.285737037658691,14.20809268951416,1
1762947413.0450811,-8.894013404846191,10.957488059997559,1
1762947413.0450811,-7.056433200836182,12.65153455734253,1
1762947413.0450811,-8.503690719604492,10.26220703125,1
1762947413.0609133,-6.670677661895752,12.90254545211792,1
1762947413.2832155,-6.278153896331787,12.602898120880127,1
1762947413.2832155,-11.703618049621582,12.833024024963379,1
1762947413.2832155,-11.283856391906738,11.054070472717285,1
1762947413.2832155,-11.357460021972656,11.49360466003418,1
1762947413.2832155,-11.245924949645996,12.381226539611816,1
1762947413.5208895,-10.8278169631958,11.254185676574707,1
1762947413.5208895,-7.625127792358398,11.881793975830078,1
1762947413.5295086,-8.377907752990723,12.43393611907959,1
1762947413.5295086,-7.568897724151611,11.220582485198975,1
1762947413.5366316,-8.298194885253906,12.412263870239258,1
1762947413.7586706,-8.695574760437012,12.945155143737793,1
1762947413.7586706,-8.960376739501953,11.651006698608398,1
1762947413.7586706,-9.927619934082031,12.427545547485352,1
1762947413.7586706,-8.963434219360352,12.320959091186523,1
1762947413.7744133,-9.797035217285156,11.874547958374023,1
1762947413.9810047,-10.668014526367188,12.026214599609375,1
1762947413.9810047,-13.796310424804688,12.03179931640625,1
1762947413.9967456,-12.917125701904297,11.532684326171875,1
1762947413.9967456,-12.220372200012207,12.68156909942627,1
1762947413.9967456,-10.632208824157715,11.019953727722168,1
1762947414.2306108,-8.977276802062988,10.699427604675293,1
1762947414.2348797,-6.644008636474609,11.777860641479492,1
1762947414.2348797,-6.5153326988220215,12.553259372711182,1
1762947414.2348797,-6.505706787109375,11.440895080566406,1
1762947414.2348797,-6.500919342041016,13.075851440429688,1
1762947414.4718015,-6.839534759521484,12.004100799560547,1
1762947414.4718015,-11.809261322021484,13.28891372680664,1
1762947414.4718015,-9.908305168151855,13.426234245300293,1
1762947414.4718015,-10.670145988464355,13.134100914001465,1
1762947414.487538,-8.44159984588623,13.920466423034668,1
1762947414.7311897,-8.720738410949707,14.294415473937988,1
1762947414.7311897,-4.732254505157471,12.939353466033936,1
1762947414.7311897,-5.088568210601807,13.49390172958374,1
1762947414.7422774,-9.225357055664062,12.72747802734375,1
1762947414.7422774,-4.994682788848877,14.017587184906006,1
1762947414.9645116,-4.833863735198975,13.315662860870361,1
1762947414.9645116,-3.4629008769989014,11.98171067237854,1
1762947414.9645116,-2.2824530601501465,11.903865337371826,1
1762947414.9645116,-3.4899027347564697,12.419616460800171,1
1762947414.9803498,-2.4163005352020264,11.736461877822876,1
1762947415.2024863,-2.68495774269104,12.236321210861206,1
1762947415.2024863,-7.725929260253906,13.152698516845703,1
1762947415.2184272,-7.403955936431885,12.179257869720459,1
1762947415.2184272,-8.910603523254395,12.684683799743652,1
1762947415.2184272,-8.233559608459473,12.218735694885254,1
1762947415.4379516,-8.523266792297363,11.268235206604004,1
1762947415.4379516,-9.57757568359375,11.85055923461914,1
1762947415.4536188,-10.772603034973145,11.4652738571167,1
1762947415.4536188,-9.840535163879395,11.026473045349121,1
1762947415.4536188,-10.924819946289062,12.340940475463867,1
1762947415.6913161,-11.380207061767578,11.098648071289062,1
1762947415.6913161,-11.867866516113281,12.475797653198242,1
1762947415.6913161,-13.046488761901855,11.968178749084473,1
1762947415.6913161,-13.378288269042969,11.569908142089844,1
1762947415.7070866,-14.132563591003418,12.203299522399902,1
1762947415.9284072,-15.375289916992188,11.487340927124023,1
1762947415.932237,-12.953299522399902,12.618281364440918,1
1762947415.932237,-12.409557342529297,11.770605087280273,1
1762947415.932237,-12.705313682556152,12.10159969329834,1
1762947415.9443147,-11.874794006347656,11.553644180297852,1
1762947416.15039,-12.080300331115723,11.58153247833252,1
1762947416.15039,-11.9733247756958,11.806321144104004,1
1762947416.1661947,-12.53978443145752,11.814539909362793,1
1762947416.1661947,-12.412708282470703,13.14097785949707,1
1762947416.1661947,-13.616765022277832,12.144379615783691,1
1762947416.403297,-15.482684135437012,12.15048885345459,1
1762947416.403297,-16.72069549560547,11.303674697875977,1
1762947416.403297,-15.736747741699219,12.016342163085938,1
1762947416.403297,-17.365503311157227,11.557249069213867,1
1762947416.403297,-16.529504776000977,11.528797149658203,1
1762947416.6413946,-17.099027633666992,11.37225341796875,1
1762947416.6413946,-11.637476921081543,11.64146900177002,1
1762947416.6413946,-10.790509223937988,13.193238258361816,1
1762947416.6413946,-10.59992504119873,12.339741706848145,1
1762947416.6574225,-9.745352745056152,12.705109596252441,1
1762947416.8788793,-8.507625579833984,12.949237823486328,1
1762947416.8788793,-6.6324615478515625,11.576740264892578,1
1762947416.894546,-8.293681144714355,13.416998863220215,1
1762947416.894546,-6.346675872802734,12.1925048828125,1
1762947416.894546,-7.535003662109375,13.220573425292969,1
1762947417.1344373,-7.525087833404541,14.595012187957764,1
1762947417.1344373,-6.57227087020874,13.596605777740479,1
1762947417.1344373,-7.218851566314697,10.983680248260498,1
1762947417.1344373,-6.536125183105469,14.010469436645508,1
1762947417.1480153,-7.35869836807251,11.1594557762146,1
1762947417.3694947,-7.307398319244385,11.844970226287842,1
1762947417.3694947,-3.9324417114257812,12.675018310546875,1
1762947417.3694947,-6.5075764656066895,13.30934476852417,1
1762947417.3694947,-3.97224497795105,13.36495327949524,1
1762947417.3851442,-6.3791351318359375,11.623170852661133,1
1762947417.621085,-6.5659003257751465,11.57807207107544,1
1762947417.621085,-5.914129734039307,13.211440563201904,1
1762947417.636769,-4.383884906768799,13.343692302703857,1
1762947417.636769,-5.68604850769043,12.697656631469727,1
1762947417.636769,-4.197290420532227,13.110130310058594,1
1762947417.8736432,-4.029255390167236,13.211434841156006,1
1762947417.8736432,-2.3885138034820557,12.513147115707397,1
1762947417.8894334,-3.373771905899048,11.61500334739685,1
1762947417.8894334,-2.430839776992798,11.301735639572144,1
1762947417.8937252,-3.2748708724975586,10.786508560180664,1
1762947418.1353552,-3.311992645263672,11.460729598999023,1
1762947418.1353552,-2.4966630935668945,12.042640686035156,1
1762947418.1419795,-4.444221019744873,14.331116199493408,1
1762947418.1419795,-2.7439279556274414,11.51636791229248,1
1762947418.1419795,-4.579720497131348,13.989291191101074,1
1762947418.380076,-4.265441417694092,13.847330570220947,1
1762947418.380076,-4.348483562469482,14.553114414215088,1
1762947418.380076,-3.17187762260437,12.259428262710571,1
1762947418.380076,-4.130370616912842,13.429796695709229,1
1762947418.39595,-3.0599777698516846,11.347976446151733,1
1762947418.6357737,-2.8731906414031982,11.358999490737915,1
1762947418.6357737,-3.649155855178833,11.749544858932495,1
1762947418.6458979,-3.359818458557129,11.006804466247559,1
1762947418.6458979,-3.6118900775909424,11.629152059555054,1
1762947418.6510046,-3.4189605712890625,10.193563461303711,1
1762947418.8882267,-3.391967535018921,11.197437524795532,1
1762947418.8882267,-3.3482778072357178,13.432241678237915,1
1762947418.8882267,-5.167758941650391,11.687295913696289,1
1762947418.8882267,-3.3652727603912354,13.529174566268921,1
1762947418.9039023,-5.356104373931885,11.537427425384521,1
1762947419.1427853,-5.664974212646484,11.1873779296875,1
1762947419.1427853,-6.1187286376953125,10.643316268920898,1
1762947419.1427853,-4.769107341766357,12.752367496490479,1
1762947419.1427853,-5.982275485992432,11.404796123504639,1
1762947419.1586614,-4.653195858001709,13.199741840362549,1
1762947419.3960783,-4.484137058258057,12.917195796966553,1
1762947419.3960783,-4.788604736328125,11.173396110534668,1
1762947419.4118137,-4.154232025146484,12.367170333862305,1
1762947419.4118137,-4.818975448608398,10.880456924438477,1
1762947419.4118137,-4.169139385223389,13.74598741531372,1
1762947419.6650717,-4.232049465179443,12.438114643096924,1
1762947419.6650717,-4.994052410125732,13.653664112091064,1
1762947419.6810787,-5.081790447235107,11.048811435699463,1
1762947419.6810787,-4.9798760414123535,12.9300856590271,1
1762947419.6810787,-5.238340854644775,11.040481090545654,1
1762947419.9367206,-5.335142612457275,10.945260524749756,1
1762947419.9367206,-4.873565673828125,11.226175308227539,1
1762947419.9367206,-5.433251857757568,13.590567111968994,1
1762947419.9367206,-4.953430652618408,11.190062999725342,1
1762947419.9367206,-5.4229888916015625,12.914323806762695,1
1762947420.2040737,-5.501771450042725,10.833881855010986,1
1762947420.2040737,-3.656702756881714,12.074456453323364,1
1762947420.2040737,-5.069006443023682,13.114772319793701,1
1762947420.2040737,-3.372853994369507,11.955790758132935,1
1762947420.2197769,-5.071521282196045,12.597065448760986,1
1762947420.5183136,-4.845460891723633,12.930261611938477,1
1762947420.5183136,-5.029642105102539,12.604146957397461,1
1762947420.5183136,-7.091087341308594,12.598308563232422,1
1762947420.5183136,-4.811185359954834,12.829695224761963,1
1762947420.5183136,-6.807020664215088,11.89436674118042,1
1762947420.7711613,-7.210636615753174,13.74603796005249,1
1762947420.7711613,-3.8052189350128174,12.290796995162964,1
1762947420.7711613,-2.6049485206604004,12.707493305206299,1
1762947420.7711613,-3.0657780170440674,11.795319318771362,1
1762947420.7711613,-1.9197403192520142,12.597666144371033,1
1762947421.02425,-1.4385954141616821,12.89901864528656,1
1762947421.02425,-8.015228271484375,9.330644607543945,1
1762947421.039894,-2.4315245151519775,12.627544164657593,1
1762947421.039894,-8.935331344604492,10.256589889526367,1
1762947421.039894,-3.4767262935638428,12.379225015640259,1
1762947421.2929182,-4.651888370513916,12.341630458831787,1
1762947421.2929182,-6.765376567840576,14.090229511260986,1
1762947421.3085587,-6.135202884674072,15.242665767669678,1
1762947421.3085587,-5.848384857177734,13.643926620483398,1
1762947421.3085587,-5.521209716796875,15.813133239746094,1
1762947421.5612545,-4.661401748657227,14.669906616210938,1
1762947421.5612545,-1.6121931076049805,12.355257987976074,1
1762947421.5612545,-0.8268722891807556,12.574659883975983,1
1762947421.5612545,-1.7315689325332642,12.136552214622498,1
1762947421.5769181,-0.7384603023529053,12.406038522720337,1
1762947421.8139844,-0.7760451436042786,12.984683692455292,1
1762947421.8139844,-1.2909562587738037,14.317702531814575,1
1762947421.8296201,-1.7785754203796387,12.456187725067139,1
1762947421.8296201,-1.5350409746170044,15.440503001213074,1
1762947421.8386343,-2.056246042251587,12.446395635604858,1
1762947422.0663548,-2.198162794113159,12.48959469795227,1
1762947422.0663548,-5.624427795410156,13.28422737121582,1
1762947422.082071,-4.380316257476807,12.60560941696167,1
1762947422.082071,-6.035690784454346,13.691956996917725,1
1762947422.082071,-4.583049297332764,12.715273380279541,1
1762947422.3194158,-5.021266937255859,13.088457107543945,1
1762947422.3194158,-7.218292236328125,12.447376251220703,1
1762947422.3350475,-6.486609935760498,12.067196369171143,1
1762947422.3350475,-7.1114277839660645,11.646390438079834,1
1762947422.3387547,-6.7348103523254395,12.460410594940186,1
1762947422.571878,-6.671667575836182,12.814843654632568,1
1762947422.571878,-6.945069789886475,11.270859241485596,1
1762947422.5875614,-4.971166133880615,11.92885446548462,1
1762947422.5875614,-6.153126239776611,11.094747066497803,1
1762947422.5875614,-4.164328575134277,11.32374382019043,1
1762947422.8468764,-3.4827651977539062,11.496663093566895,1
1762947422.8475127,-1.1397956609725952,13.325189232826233,1
1762947422.8517346,-1.083831787109375,11.902249336242676,1
1762947422.8549256,-1.490512490272522,12.838955283164978,1
1762947422.8549256,-1.7036701440811157,11.65336263179779,1
1762947423.1068795,-2.400339126586914,11.968788146972656,1
1762947423.1068795,-4.1293253898620605,13.836412906646729,1
1762947423.1068795,-7.780836582183838,11.976359844207764,1
1762947423.1068795,-5.603635311126709,13.186876773834229,1
1762947423.1068795,-9.69028091430664,10.76534652709961,1
1762947423.3442469,-9.724959373474121,11.358733177185059,1
1762947423.3442469,-10.50766658782959,11.373774528503418,1
1762947423.3598886,-10.34848403930664,12.693092346191406,1
1762947423.3598886,-10.359945297241211,11.002376556396484,1
1762947423.3598886,-10.131665229797363,11.889138221740723,1
1762947423.5955656,-10.182576179504395,12.644654273986816,1
1762947423.5955656,-7.1395416259765625,14.657865524291992,1
1762947423.6114757,-6.129666805267334,11.50478219985962,1
1762947423.6114757,-7.435123443603516,14.220804214477539,1
1762947423.622399,-6.378180027008057,12.502637386322021,1
1762947423.8645377,-5.764827728271484,12.068668365478516,1
1762947423.8645377,-3.4717910289764404,12.416592836380005,1
1762947423.8645377,-3.963108777999878,11.3973867893219,1
1762947423.8645377,-3.439390182495117,11.480777740478516,1
1762947423.880195,-4.650946617126465,13.59836483001709,1
1762947424.1166494,-4.304576396942139,11.472837924957275,1
1762947424.1166494,-2.5624284744262695,12.191781997680664,1
1762947424.1166494,-4.002505302429199,11.504685401916504,1
1762947424.1166494,-2.518683433532715,12.234964370727539,1
1762947424.132447,-3.272165298461914,11.718877792358398,1
1762947424.3744035,-2.7734737396240234,11.78085708618164,1
1762947424.3744035,-1.7366561889648438,12.81751537322998,1
1762947424.3744035,-0.5097094774246216,11.943376421928406,1
1762947424.3744035,-1.4551061391830444,13.010149598121643,1
1762947424.3855119,-0.2718420922756195,12.331651598215103,1
1762947424.6220706,-0.3461909294128418,12.014177799224854,1
1762947424.6366751,-5.078857898712158,11.992541790008545,1
1762947424.6407652,-5.988732814788818,13.201672077178955,1
1762947424.6407652,-6.023420810699463,13.77370023727417,1
1762947424.6455262,-6.538486003875732,13.518833637237549,1
1762947424.8905027,-6.246680736541748,13.15692949295044,1
1762947424.8905027,-4.821914196014404,12.919636249542236,1
1762947424.8905027,-5.504268646240234,12.760065078735352,1
1762947424.8905027,-4.817806720733643,13.315772533416748,1
1762947424.8905027,-4.909469127655029,12.604197025299072,1
1762947425.1586986,-4.09901762008667,12.283810138702393,1
1762947425.1586986,-3.121005058288574,13.485182762145996,1
1762947425.1586986,-2.2802932262420654,12.671118974685669,1
1762947425.1586986,-2.9940097332000732,14.733237504959106,1
1762947425.174654,-2.4897310733795166,12.918226957321167,1
1762947425.4419844,-2.6588613986968994,12.361379384994507,1
1762947425.4419844,-3.8610823154449463,13.353631734848022,1
1762947425.4419844,-5.184013843536377,11.657983303070068,1
1762947425.4419844,-6.04295015335083,13.15799856185913,1
1762947425.4580019,-6.76315450668335,10.961855411529541,1
1762947425.7104785,-7.314371585845947,11.654305934906006,1
1762947425.7104785,-4.086226940155029,11.195133686065674,1
1762947425.7104785,-5.338321685791016,11.3963623046875,1
1762947425.7104785,-5.78680944442749,10.700905323028564,1
1762947425.7314627,-5.910022735595703,12.074747085571289,1
1762947425.9944296,-6.8707451820373535,13.771783351898193,1
1762947425.9944296,-9.37710189819336,12.603919982910156,1
1762947425.9944296,-9.311113357543945,13.877723693847656,1
1762947425.9944296,-9.74011516571045,11.464808464050293,1
1762947426.010279,-9.67249870300293,12.985776901245117,1
1762947426.2636096,-9.664668083190918,12.75566577911377,1
1762947426.2636096,-6.493505001068115,12.108686923980713,1
1762947426.2636096,-7.847690582275391,14.600452423095703,1
1762947426.2636096,-5.56182861328125,12.819496154785156,1
1762947426.2794466,-7.257297515869141,12.015127182006836,1
1762947426.5422895,-6.837953090667725,14.065914630889893,1
1762947426.5422895,-5.958459377288818,13.660641193389893,1
1762947426.548347,-4.339188098907471,10.683159351348877,1
1762947426.548347,-6.139524936676025,13.545899868011475,1
1762947426.548347,-4.404469013214111,10.638288021087646,1
1762947426.8180487,-4.6308274269104,10.544470310211182,1
1762947426.8180487,-5.784224033355713,11.746558666229248,1
1762947426.8338456,-6.258410930633545,12.568020343780518,1
1762947426.8338456,-5.820259094238281,11.626520156860352,1
1762947426.8426845,-6.261577606201172,12.072715759277344,1
1762947427.0883908,-6.2236785888671875,11.753349304199219,1
1762947427.0883908,-5.757259368896484,12.512466430664062,1
1762947427.1041045,-6.0800018310546875,12.786928176879883,1
1762947427.1041045,-5.8584818840026855,12.446131229400635,1
1762947427.1041045,-5.849694728851318,12.260080814361572,1
1762947427.374254,-5.962665557861328,12.511163711547852,1
1762947427.374254,-4.110910415649414,10.94620132446289,1
1762947427.3902872,-4.24279260635376,11.127013683319092,1
1762947427.3902872,-3.7732155323028564,11.954071760177612,1
1762947427.3902872,-3.92156720161438,11.250933408737183,1
1762947427.6737785,-3.6314380168914795,10.96424126625061,1
1762947427.6737785,-3.3624305725097656,13.580131530761719,1
1762947427.6737785,-1.8736680746078491,12.850038170814514,1
1762947427.6737785,-3.0540037155151367,12.292418479919434,1
1762947427.6895103,-1.6243888139724731,13.019295573234558,1
1762947427.958044,-1.5254265069961548,12.849967360496521,1
1762947427.958044,-3.3077430725097656,14.581369400024414,1
1762947427.958044,-3.7343196868896484,11.43073558807373,1
1762947427.973949,-3.4620206356048584,13.948471307754517,1
1762947427.973949,-3.5342061519622803,11.165355920791626,1
1762947428.257937,-3.3572165966033936,11.34361481666565,1
1762947428.257937,-1.5906085968017578,11.69853401184082,1
1762947428.257937,-1.3896595239639282,12.943970084190369,1
1762947428.273605,-1.581016182899475,12.143215537071228,1
1762947428.273605,-1.2626854181289673,13.16896665096283,1
1762947428.5577908,-1.1041680574417114,12.585427165031433,1
1762947428.5577908,-2.3515682220458984,12.693670272827148,1
1762947428.5577908,-1.4307184219360352,11.733588218688965,1
1762947428.5577908,-2.116077423095703,12.429037094116211,1
1762947428.5734918,-1.3513931035995483,11.199822068214417,1
1762947428.8450475,-1.421251893043518,10.728533148765564,1
1762947428.8450475,-3.09155011177063,10.863915205001831,1
1762947428.8584228,-4.8881378173828125,12.08405876159668,1
1762947428.8584228,-3.49890398979187,10.829484224319458,1
1762947428.8584228,-5.324531078338623,12.167629718780518,1
1762947429.143134,-5.8397674560546875,11.157489776611328,1
1762947429.1454263,-7.644593715667725,12.504595279693604,1
1762947429.1454263,-8.073203086853027,13.675189018249512,1
1762947429.1454263,-8.126988410949707,12.41150188446045,1
1762947429.1454263,-8.289889335632324,14.121251106262207,1
1762947429.4272485,-8.372010231018066,13.773856163024902,1
1762947429.4432492,-5.715808868408203,11.885248184204102,1
1762947429.445756,-5.826225280761719,12.774669647216797,1
1762947429.445756,-5.570745468139648,12.119922637939453,1
1762947429.445756,-5.548208236694336,12.197765350341797,1
1762947429.7275236,-5.832949161529541,11.346644878387451,1
1762947429.7275236,-32.15730667114258,6.7866668701171875,0
1762947429.743513,-33.848793029785156,7.6815948486328125,1
1762947429.743513,-34.40069580078125,8.172344207763672,1
1762947429.7460682,-34.50418472290039,7.103946685791016,1
1762947430.0109224,-32.4080810546875,7.191215515136719,1
1762947430.0109224,-33.834835052490234,7.077716827392578,1
1762947430.027036,-32.18513488769531,8.580818176269531,1
1762947430.027036,-35.34201431274414,8.302059173583984,1
1762947430.027036,-31.75719451904297,7.328643798828125,1
1762947430.3204253,-31.53572654724121,7.527265548706055,1
1762947430.3204253,-34.0992546081543,8.116657257080078,1
1762947430.3283837,-33.54695510864258,6.186641693115234,0
1762947430.3283837,-34.00308609008789,6.60968017578125,0
1762947430.3283837,-33.42185974121094,6.726581573486328,0
1762947430.6469162,-33.254573822021484,7.9125823974609375,1
1762947430.6469162,-32.28084182739258,6.07470703125,0
1762947430.6540036,-34.03752136230469,9.120552062988281,1
1762947430.6591442,-33.99385070800781,8.123138427734375,1
1762947430.6591442,-34.099151611328125,7.910114288330078,1
1762947430.9475062,-33.071311950683594,7.913059234619141,1
1762947430.9475062,-34.69791793823242,5.384918212890625,0
1762947430.9585233,-34.87843704223633,7.450130462646484,1
1762947430.9585233,-34.84488296508789,8.108428955078125,1
1762947430.9585233,-33.42439270019531,7.878925323486328,1
1762947431.247617,-34.00580978393555,6.760105133056641,0
1762947431.247617,-34.37150955200195,7.7135009765625,1
1762947431.2607467,-32.99164962768555,8.526691436767578,1
1762947431.2607467,-35.39683151245117,7.307270050048828,1
1762947431.2607467,-33.62804412841797,7.748271942138672,1
1762947431.5477662,-34.723628997802734,7.260189056396484,1
1762947431.5477662,-33.85147476196289,7.550121307373047,1
1762947431.5631006,-34.017234802246094,6.7490692138671875,0
1762947431.563609,-33.14723587036133,6.660850524902344,0
1762947431.563609,-35.31697082519531,7.275470733642578,1
1762947431.8613422,-34.780494689941406,8.644813537597656,1
1762947431.8613422,-33.74099349975586,7.1276397705078125,1
1762947431.877273,-34.090187072753906,9.230133056640625,1
1762947431.877273,-34.74981689453125,8.121410369873047,1
1762947431.877273,-34.56819152832031,6.5810394287109375,0
1762947432.177432,-33.09651565551758,5.221759796142578,0
1762947432.177432,-32.70096206665039,8.445980072021484,1
1762947432.1899078,-33.57484817504883,8.39105224609375,1
1762947432.1899078,-31.069351196289062,7.527042388916016,1
1762947432.1935594,-34.82700729370117,8.814929962158203,1
1762947432.4767835,-33.115943908691406,8.47934341430664,1
1762947432.4767835,-33.28169250488281,7.029102325439453,1
1762947432.4767835,-35.051475524902344,10.311813354492188,1
1762947432.4767835,-34.46916580200195,6.512981414794922,0
1762947432.4924583,-34.35171890258789,7.210380554199219,1
1762947432.7798016,-34.53670883178711,8.303821563720703,1
1762947432.7798016,-31.815568923950195,6.958257675170898,0
1762947432.7944942,-35.40487289428711,8.488727569580078,1
1762947432.794999,-35.42635726928711,7.758060455322266,1
1762947432.7981288,-34.975990295410156,7.3721923828125,1
1762947433.0910833,-33.728267669677734,6.761016845703125,0
1762947433.0910833,-33.9638786315918,6.676464080810547,0
1762947433.1067898,-32.955623626708984,8.441165924072266,1
1762947433.1067898,-34.12942886352539,7.317653656005859,1
1762947433.1067898,-33.42754364013672,7.310455322265625,1
1762947433.4065754,-32.909969329833984,7.8822174072265625,1
1762947433.4065754,-34.04377365112305,6.988410949707031,0
1762947433.4065754,-32.73453140258789,7.705394744873047,1
1762947433.4065754,-33.95680236816406,7.9737091064453125,1
1762947433.4223425,-33.47684860229492,5.821941375732422,0
1762947433.70629,-33.98055648803711,7.433372497558594,1
1762947433.70629,-33.91830062866211,7.594043731689453,1
1762947433.70629,-34.18060302734375,6.711635589599609,0
1762947433.70629,-32.460994720458984,7.656452178955078,1
1762947433.7219455,-32.10116958618164,8.2178955078125,1
1762947434.0051932,-35.42003631591797,6.9495391845703125,0
1762947434.0051932,-33.12384033203125,7.117534637451172,1
1762947434.0209394,-34.117759704589844,7.0140533447265625,1
1762947434.0209394,-35.76481246948242,8.688175201416016,1
1762947434.0209394,-34.968727111816406,8.024497985839844,1
1762947434.306264,-33.59621810913086,6.400905609130859,0
1762947434.306264,-31.541093826293945,8.287538528442383,1
1762947434.3221042,-34.474609375,6.634479522705078,0
1762947434.3221042,-34.18400573730469,7.598918914794922,1
1762947434.3221042,-33.55043411254883,7.909507751464844,1
1762947434.6233125,-34.481685638427734,8.304790496826172,1
1762947434.6233125,-33.810325622558594,7.5301513671875,1
1762947434.6233125,-33.36793518066406,7.3878936767578125,1
1762947434.6233125,-34.745018005371094,7.593051910400391,1
1762947434.6233125,-34.091590881347656,7.904205322265625,1
1762947434.9401462,-34.28184127807617,8.694053649902344,1
1762947434.9401462,-33.59396743774414,7.582862854003906,1
1762947434.9401462,-34.933780670166016,6.8579559326171875,0
1762947434.9401462,-33.81911087036133,6.786781311035156,0
1762947434.9508014,-33.74393844604492,7.003021240234375,1
1762947435.2705216,-34.928314208984375,7.732685089111328,1
1762947435.2705216,-34.114837646484375,7.3441009521484375,1
1762947435.2705216,-33.59646987915039,6.547466278076172,0
1762947435.2705216,-32.0584716796875,7.625835418701172,1
1762947435.2705216,-34.80220031738281,7.552318572998047,1
1762947435.5716684,-34.74824905395508,6.991374969482422,0
1762947435.5873675,-33.624271392822266,7.502513885498047,1
1762947435.5873675,-34.30757522583008,6.370334625244141,0
1762947435.5873675,-33.70725631713867,6.459281921386719,0
1762947435.5873675,-34.091217041015625,7.274116516113281,1
1762947435.9029067,-33.98774337768555,6.585399627685547,0
1762947435.9029067,-34.45741653442383,6.976528167724609,0
1762947435.9029067,-34.55263900756836,7.621807098388672,1
1762947435.9029067,-33.95402908325195,5.417812347412109,0
1762947435.9186804,-28.44928550720215,8.913389205932617,1
1762947436.201065,-34.28377914428711,7.343284606933594,1
1762947436.201065,-33.59740447998047,6.928462982177734,0
1762947436.2167125,-34.03535079956055,7.096336364746094,1
1762947436.2167125,-32.623783111572266,7.2493438720703125,1
1762947436.2167125,-33.09889221191406,5.786895751953125,0
1762947436.5172951,-34.06072998046875,6.906497955322266,0
1762947436.5172951,-34.6123046875,7.244846343994141,1
1762947436.5172951,-34.82989501953125,7.223392486572266,1
1762947436.5172951,-35.113075256347656,7.255897521972656,1
1762947436.5172951,-33.64762496948242,6.7160797119140625,0
1762947436.821527,-33.53190994262695,7.238971710205078,1
1762947436.821527,-33.566524505615234,7.679157257080078,1
1762947436.821527,-33.51596450805664,6.512626647949219,0
1762947436.8333914,-34.161624908447266,7.613040924072266,1
1762947436.8333914,-33.80699157714844,7.353233337402344,1
1762947437.1332188,-34.901058197021484,7.489723205566406,1
1762947437.1332188,-34.22021484375,6.936668395996094,0
1762947437.1332188,-33.68764877319336,6.681182861328125,0
1762947437.1332188,-34.548824310302734,8.784980773925781,1
1762947437.1488671,-34.21074295043945,7.0967254638671875,1
1762947437.433627,-34.47860336303711,6.827301025390625,0
1762947437.433627,-33.49832534790039,7.291145324707031,1
1762947437.4495249,-33.01105880737305,6.626552581787109,0
1762947437.453444,-33.18355178833008,9.628204345703125,1
1762947437.453444,-32.99855041503906,7.778934478759766,1
1762947437.7644167,-34.222896575927734,9.082809448242188,1
1762947437.7644167,-34.11335754394531,8.419708251953125,1
1762947437.7644167,-32.94807052612305,7.614234924316406,1
1762947437.7644167,-33.489044189453125,7.323631286621094,1
1762947437.7804086,-32.77177047729492,7.803260803222656,1
1762947438.0816355,-35.32394027709961,7.203090667724609,1
1762947438.0816355,-34.922733306884766,8.336261749267578,1
1762947438.0816355,-33.3849983215332,7.019683837890625,1
1762947438.0816355,-31.004526138305664,6.070795059204102,0
1762947438.0972817,-33.621177673339844,6.627246856689453,0
1762947438.3823895,-33.2303352355957,7.439220428466797,1
1762947438.3823895,-34.0893440246582,6.640506744384766,0
1762947438.398479,-33.97701644897461,8.071514129638672,1
1762947438.398479,-34.36758041381836,7.656536102294922,1
1762947438.4081354,-32.06772994995117,8.16988754272461,1
1762947438.7004557,-33.732460021972656,6.37249755859375,0
1762947438.7004557,-34.234378814697266,7.181854248046875,1
1762947438.7004557,-33.08900833129883,6.437313079833984,0
1762947438.7004557,-33.39193344116211,6.8466644287109375,0
1762947438.7161994,-34.0107421875,7.907764434814453,1
1762947439.001915,-33.69581985473633,6.134250640869141,0
1762947439.001915,-33.00459289550781,6.9743499755859375,0
1762947439.001915,-35.47609329223633,8.26190185546875,1
1762947439.001915,-34.50140380859375,7.840602874755859,1
1762947439.0177083,-33.039920806884766,7.297454833984375,1
1762947439.311471,-33.174705505371094,6.567554473876953,0
1762947439.311471,-32.07538986206055,7.319553375244141,1
1762947439.3205733,-34.338687896728516,6.763164520263672,0
1762947439.3205733,-33.14664077758789,7.106700897216797,1
1762947439.3205733,-31.789230346679688,7.185359954833984,1
1762947439.669683,-33.1584358215332,7.696102142333984,1
1762947439.669683,-33.33938217163086,7.298091888427734,1
1762947439.6853576,-32.8251953125,6.888965606689453,0
1762947439.6853576,-33.81193542480469,7.438201904296875,1
1762947439.6853576,-2.8189611434936523,8.329639434814453,1
1762947439.9873412,-15.423443794250488,9.90244197845459,1
1762947439.9873412,-32.09384536743164,6.663330078125,0
1762947439.9873412,-32.84807586669922,6.504695892333984,0
1762947440.003396,-31.227087020874023,7.504426956176758,1
1762947440.003396,-31.842567443847656,6.464717864990234,0
1762947440.3191628,-34.4063720703125,6.953617095947266,0
1762947440.3191628,-33.6898193359375,8.120201110839844,1
1762947440.3191628,-35.732181549072266,9.694828033447266,1
1762947440.3191628,-33.001590728759766,7.1319732666015625,1
1762947440.3349338,-34.32368087768555,7.112754821777344,1
1762947440.6679003,-33.9692268371582,7.133720397949219,1
1762947440.6679003,-33.34090042114258,7.449428558349609,1
1762947440.6837392,-30.80318260192871,9.519346237182617,1
1762947440.6837392,-2.4621808528900146,8.335205316543579,1
1762947440.6837392,-13.362720489501953,10.883321762084961,1
1762947440.9880192,-32.24285888671875,8.665058135986328,1
1762947440.9880192,-33.56172561645508,7.826786041259766,1
1762947440.9880192,-34.76173782348633,9.60396957397461,1
1762947440.9880192,-34.3096923828125,6.815517425537109,0
1762947441.0012045,-35.28939437866211,7.165966033935547,1
1762947441.2872238,-2.391080617904663,7.930669069290161,1
1762947441.2872238,-7.0451979637146,13.600094318389893,1
1762947441.2872238,-6.820549011230469,12.128572463989258,1
1762947441.2872238,-7.119548797607422,12.468786239624023,1
1762947441.3031733,-6.995697498321533,11.673383235931396,1
1762947441.605492,-6.898923873901367,12.098180770874023,1
1762947441.605492,-5.093725681304932,11.161811351776123,1
1762947441.605492,-5.036610126495361,11.143697261810303,1
1762947441.605492,-4.9114556312561035,11.966432094573975,1
1762947441.6215043,-4.8915791511535645,10.913807392120361,1
1762947441.9239776,-4.55281400680542,11.634117603302002,1
1762947441.9239776,-4.739774703979492,12.076391220092773,1
1762947441.9239776,-4.6663737297058105,12.955488681793213,1
1762947441.9239776,-4.822423458099365,12.673828601837158,1
1762947441.939816,-4.746374607086182,11.373731136322021,1
1762947442.2262812,-4.928016662597656,10.863882064819336,1
1762947442.2262812,-3.893313407897949,12.95310115814209,1
1762947442.2423034,-4.011434078216553,12.73102617263794,1
1762947442.2423034,-3.5475242137908936,13.129887819290161,1
1762947442.2423034,-3.607160806655884,12.814996480941772,1
1762947442.5906856,-3.7942593097686768,13.4668128490448,1
1762947442.5906856,-3.0323193073272705,11.819658041000366,1
1762947442.6064074,-3.4194986820220947,11.767525434494019,1
1762947442.6064074,-2.830394744873047,11.634614944458008,1
1762947442.6179266,-3.271777391433716,13.323714017868042,1
1762947442.9229872,-3.1830570697784424,12.515300512313843,1
1762947442.9229872,-4.063320636749268,14.650166988372803,1
1762947442.9229872,-5.246642589569092,11.95655870437622,1
1762947442.9229872,-4.179754734039307,14.191882610321045,1
1762947442.9389677,-5.422479152679443,12.914942264556885,1
1762947443.242931,-5.633455753326416,12.222985744476318,1
1762947443.242931,-3.9820117950439453,10.84228515625,1
1762947443.242931,-2.8658931255340576,14.759007692337036,1
1762947443.242931,-3.037137269973755,10.876189947128296,1
1762947443.2606149,-2.429232358932495,14.738625764846802,1
1762947443.562169,-2.5186383724212646,15.312116861343384,1
1762947443.562169,-5.649829387664795,11.64063310623169,1
1762947443.5778513,-4.75277853012085,12.410519123077393,1
1762947443.5778513,-5.276065826416016,11.377418518066406,1
1762947443.5778513,-4.5245795249938965,12.988949298858643,1
1762947443.8798115,-4.83501672744751,12.133849620819092,1
1762947443.8798115,-5.499247074127197,13.124412059783936,1
1762947443.8958502,-7.113417148590088,12.857869625091553,1
1762947443.8958502,-5.560727596282959,12.681509494781494,1
1762947443.8958502,-7.003772735595703,12.40399169921875,1
1762947444.197515,-6.465030193328857,12.501976490020752,1
1762947444.197515,-5.278060436248779,11.748440265655518,1
1762947444.2132492,-7.734203815460205,12.684922695159912,1
1762947444.2132492,-5.111081600189209,12.066343784332275,1
1762947444.2132492,-7.227235317230225,13.430506229400635,1
1762947444.5294278,-7.126881122589111,13.41792631149292,1
1762947444.5294278,-6.330774784088135,11.536576747894287,1
1762947444.5294278,-3.763727903366089,11.205579042434692,1
1762947444.5294278,-3.8165690898895264,13.793452501296997,1
1762947444.5294278,-2.3535287380218506,12.484285593032837,1
1762947444.8458734,-3.266845464706421,12.675663232803345,1
1762947444.8458734,-5.653162479400635,11.34321928024292,1
1762947444.862017,-4.613341808319092,12.61872911453247,1
1762947444.862017,-5.417356014251709,12.78169298171997,1
1762947444.862017,-3.788985013961792,12.063222169876099,1
1762947445.1762316,-3.771498918533325,12.627751111984253,1
1762947445.1762316,-5.938755035400391,11.916709899902344,1
1762947445.1762316,-5.017274856567383,12.40748405456543,1
1762947445.1762316,-5.801528453826904,13.249952793121338,1
1762947445.1921682,-4.363321304321289,12.527551651000977,1
1762947445.5415325,-4.234072685241699,12.483511924743652,1
1762947445.5415325,-6.076388835906982,13.055714130401611,1
1762947445.5626807,-5.921499729156494,11.673474788665771,1
1762947445.5626807,-5.723489284515381,13.937498569488525,1
1762947445.5626807,-6.324911117553711,11.833822250366211,1
1762947445.8741775,-6.384761810302734,12.551097869873047,1
1762947445.8741775,-4.067205905914307,12.800727367401123,1
1762947445.8741775,-2.2297146320343018,11.867161512374878,1
1762947445.8741775,-4.362036228179932,11.897834300994873,1
1762947445.890291,-10.122954368591309,11.608498573303223,1
1762947446.1967292,-4.226475715637207,11.909602165222168,1
1762947446.1967292,-3.703218460083008,11.981023788452148,1
1762947446.2081013,-5.771717071533203,12.889684677124023,1
1762947446.2081013,-4.116479873657227,11.913549423217773,1
1762947446.2081013,-5.556997776031494,12.484153270721436,1
1762947446.5281618,-4.108017921447754,12.397456169128418,1
1762947446.5281618,-3.2757740020751953,11.908082962036133,1
1762947446.5281618,-3.4868364334106445,11.523303985595703,1
1762947446.5390265,-3.91801381111145,13.007759809494019,1
1762947446.5390265,-4.128902435302734,11.572341918945312,1
1762947446.8564677,-4.686478137969971,11.417230129241943,1
1762947446.8564677,-0.6551724076271057,11.970602929592133,1
1762947446.864082,-0.8004916310310364,12.38853806257248,1
1762947446.864082,-0.8730049133300781,11.465961456298828,1
1762947446.864082,-1.6186474561691284,12.558712124824524,1
1762947447.1880577,-2.9063808917999268,11.784738302230835,1
1762947447.1880577,-0.5418920516967773,10.845915794372559,1
1762947447.1973553,0.19441266357898712,12.33137746155262,1
1762947447.1973553,-0.26717862486839294,10.850859552621841,1
1762947447.203843,-0.10245976597070694,12.523040913045406,1
1762947447.520106,-0.5787118673324585,12.72076952457428,1
1762947447.520106,-1.3919754028320312,11.521571159362793,1
1762947447.5357788,-0.35900965332984924,11.440984815359116,1
1762947447.5357788,-0.8136550784111023,12.124363720417023,1
1762947447.5357788,0.17054383456707,11.539882823824883,1
1762947447.8371844,0.3685101568698883,11.88006392121315,1
1762947447.8371844,-0.3739607036113739,13.336425572633743,1
1762947447.852823,-0.612006664276123,13.11246633529663,1
1762947447.852823,-0.7748544812202454,12.854390323162079,1
1762947447.852823,-1.5288329124450684,12.604898929595947,1
1762947448.1700377,-2.954152822494507,12.759618997573853,1
1762947448.1859927,0.2825216054916382,11.512810111045837,1
1762947448.1859927,0.9273321032524109,12.384439647197723,1
1762947448.1859927,0.3938579559326172,11.676443099975586,1
1762947448.1979802,0.7905714511871338,12.244437456130981,1
1762947448.5186317,0.29557645320892334,11.851282477378845,1
1762947448.5186317,-3.670027494430542,11.592701196670532,1
1762947448.5186317,-5.461368083953857,13.804808139801025,1
1762947448.5186317,-3.9102156162261963,11.893243551254272,1
1762947448.5343652,-5.000911235809326,13.749741077423096,1
1762947448.8676093,-4.822925090789795,14.886675357818604,1
1762947448.8676093,-5.128726959228516,14.164827346801758,1
1762947448.8676093,-4.919088840484619,14.49953031539917,1
1762947448.8676093,-5.466062068939209,14.003204822540283,1
1762947448.8835492,-6.060449123382568,15.213663578033447,1
1762947449.2177088,-7.577392101287842,16.141016483306885,1
1762947449.2177088,-6.126327991485596,11.784284114837646,1
1762947449.2177088,-6.598783016204834,12.93920373916626,1
1762947449.2177088,-6.061407089233398,11.731389999389648,1
1762947449.2338061,-6.54645299911499,12.725672245025635,1
1762947449.580742,-5.989438533782959,12.05962610244751,1
1762947449.580742,-3.280689239501953,10.429901123046875,1
1762947449.5968797,-4.814992427825928,12.29543924331665,1
1762947449.5968797,-4.243448257446289,10.794650077819824,1
1762947449.5968797,-5.749854564666748,12.89586877822876,1
1762947449.9436288,-6.507730960845947,13.259397029876709,1
1762947449.9436288,-6.038602828979492,11.76605224609375,1
1762947449.9538033,-8.701011657714844,12.208654403686523,1
1762947449.9538033,-5.946736812591553,12.128227710723877,1
1762947449.9593208,-8.685798645019531,12.706842422485352,1
1762947450.2772207,-8.396819114685059,11.811970710754395,1
1762947450.2772207,-6.3682122230529785,12.030751705169678,1
1762947450.2930174,-7.67263650894165,12.179791927337646,1
1762947450.2930174,-6.683899402618408,12.726953029632568,1
1762947450.2930174,-7.733530521392822,12.344830989837646,1
1762947450.641446,-8.061152458190918,11.92621898651123,1
1762947450.641446,-8.31041145324707,14.222814559936523,1
1762947450.641446,-6.944211959838867,11.191329956054688,1
1762947450.641446,-8.557994842529297,13.64997673034668,1
1762947450.657528,-7.052073001861572,12.07970380783081,1
1762947450.9902577,-7.234622955322266,12.040115356445312,1
1762947450.9902577,-7.27556037902832,12.252708435058594,1
1762947451.005923,-6.247076511383057,12.54331350326538,1
1762947451.005923,-7.054322719573975,13.042107105255127,1
1762947451.005923,-5.80347204208374,12.821831226348877,1
1762947451.3373435,-5.741907596588135,13.027465343475342,1
1762947451.3373435,-5.733056545257568,12.131351947784424,1
1762947451.3373435,-5.519039154052734,12.887147903442383,1
1762947451.3373435,-5.814741134643555,11.934799194335938,1
1762947451.3532643,-6.019659042358398,13.563886642456055,1
1762947451.6874263,-6.428901195526123,14.389500141143799,1
1762947451.6874263,-6.495174407958984,13.385723114013672,1
1762947451.7005436,-5.878667831420898,11.92431640625,1
1762947451.7005436,-5.93970251083374,13.701164722442627,1
1762947451.71104,-5.639462947845459,12.56934404373169,1
1762947452.048556,-5.402777194976807,11.3850417137146,1
1762947452.048556,-3.237535238265991,12.894882440567017,1
1762947452.0643222,-3.4450104236602783,10.958665609359741,1
1762947452.0643222,-3.0948374271392822,12.890595197677612,1
1762947452.0682454,-3.439927101135254,11.351251602172852,1
1762947452.4109821,-3.628706932067871,11.125720024108887,1
1762947452.4109821,-4.775162220001221,12.26432180404663,1
1762947452.4109821,-4.599660396575928,11.557312488555908,1
1762947452.4109821,-5.076841831207275,13.549630641937256,1
1762947452.4266212,-4.676792621612549,11.957927227020264,1
1762947452.7583559,-4.563455104827881,11.839643955230713,1
1762947452.7583559,-3.2533652782440186,13.94953465461731,1
1762947452.7691495,-4.337329387664795,12.645174503326416,1
1762947452.7691495,-3.7038726806640625,13.510126113891602,1
1762947452.7741501,-4.833058834075928,13.405092716217041,1
1762947453.1062763,-5.398265838623047,12.662288665771484,1
1762947453.1062763,-33.09180450439453,7.747428894042969,1
1762947453.1223238,-33.38972091674805,8.278121948242188,1
1762947453.1223238,-35.90273666381836,7.664398193359375,1
1762947453.1223238,-33.41730499267578,6.962791442871094,0
1762947453.4694881,-33.21717071533203,7.473796844482422,1
1762947453.4694881,-34.74954605102539,7.239532470703125,1
1762947453.4694881,-32.831722259521484,6.675712585449219,0
1762947453.485471,-34.231868743896484,8.711257934570312,1
1762947453.485471,-33.5169563293457,6.877063751220703,0
1762947453.8330593,-34.2305908203125,7.6518402099609375,1
1762947453.8330593,-32.18769073486328,6.994514465332031,0
1762947453.8330593,-34.242393493652344,7.454227447509766,1
1762947453.8330593,-33.740909576416016,6.664134979248047,0
1762947453.848908,-34.33784866333008,7.1666412353515625,1
1762947454.1963139,-35.66591262817383,7.543754577636719,1
1762947454.1963139,-34.532745361328125,8.255504608154297,1
1762947454.201086,-34.095787048339844,7.349544525146484,1
1762947454.201086,-34.63533401489258,6.140651702880859,0
1762947454.2122076,-33.83888244628906,6.646999359130859,0
1762947454.5637777,-35.19377517700195,8.108768463134766,1
1762947454.5637777,-33.82451248168945,7.883243560791016,1
1762947454.5709755,-33.865196228027344,7.221218109130859,1
1762947454.5709755,-34.26559829711914,7.590354919433594,1
1762947454.5754223,-33.86219787597656,8.701919555664062,1
1762947454.9074228,-35.29502868652344,8.740482330322266,1
1762947454.9074228,-33.790863037109375,7.32025146484375,1
1762947454.923065,-35.527042388916016,8.149982452392578,1
1762947454.923065,-33.6683235168457,7.660282135009766,1
1762947454.923065,-33.15083312988281,7.101032257080078,1
1762947455.2721891,-33.917659759521484,8.185623168945312,1
1762947455.2721891,-34.67008590698242,7.098430633544922,1
1762947455.2721891,-35.10896682739258,6.211933135986328,0
1762947455.2721891,-34.66253662109375,7.502040863037109,1
1762947455.288005,-34.95329666137695,6.674858093261719,0
1762947455.6367676,-33.720550537109375,7.056949615478516,1
1762947455.6367676,-32.82258987426758,6.196846008300781,0
1762947455.6367676,-33.23451614379883,8.025558471679688,1
1762947455.6367676,-34.115413665771484,7.083133697509766,1
1762947455.6367676,-35.07759475708008,6.982959747314453,0
1762947455.985731,-34.72248458862305,7.285793304443359,1
1762947455.985731,-33.60860061645508,5.895473480224609,0
1762947456.0014508,-32.87643814086914,9.081462860107422,1
1762947456.0014508,-34.5966911315918,8.137924194335938,1
1762947456.0014508,-32.75470733642578,6.780754089355469,0
1762947456.365017,-33.41794204711914,8.661262512207031,1
1762947456.365017,-34.419212341308594,8.29416275024414,1
1762947456.373215,-33.19382858276367,6.081817626953125,0
1762947456.373215,-34.6370735168457,7.31683349609375,1
1762947456.373215,-34.21047592163086,7.127044677734375,1
1762947456.728746,-33.94279861450195,6.626201629638672,0
1762947456.728746,-35.30944061279297,8.231857299804688,1
1762947456.728746,-32.882118225097656,7.270042419433594,1
1762947456.728746,-34.19950485229492,7.374561309814453,1
1762947456.728746,-34.062255859375,7.311763763427734,1
1762947457.0953915,-33.96540451049805,6.770801544189453,0
1762947457.0959747,-33.35913848876953,7.734195709228516,1
1762947457.0976226,-35.589752197265625,6.7005767822265625,0
1762947457.0976226,-35.19297409057617,9.141971588134766,1
1762947457.1099298,-33.750431060791016,6.467689514160156,0
1762947457.4408529,-34.82538986206055,6.716556549072266,0
1762947457.4408529,-32.99295425415039,5.444492340087891,0
1762947457.456599,-34.21732711791992,6.034358978271484,0
1762947457.456599,-33.77743911743164,6.119358062744141,0
1762947457.456599,-34.77641296386719,7.448375701904297,1
1762947457.8356798,-33.15076446533203,7.023273468017578,1
1762947457.8356798,-33.78157043457031,6.788993835449219,0
1762947457.8356798,-33.607975006103516,6.444026947021484,0
1762947457.8356798,-34.2858772277832,7.786766052246094,1
1762947457.8515968,-34.97905349731445,9.385818481445312,1
1762947458.2142575,-33.629695892333984,6.992893218994141,0
1762947458.2142575,-34.0556640625,7.091922760009766,1
1762947458.2142575,-34.580570220947266,7.641910552978516,1
1762947458.2142575,-34.43051528930664,7.036628723144531,1
1762947458.230231,-34.03586196899414,7.965354919433594,1
1762947458.5788603,-34.12393569946289,7.6237945556640625,1
1762947458.5788603,-32.25773620605469,7.657382965087891,1
1762947458.5788603,-35.66139221191406,9.132343292236328,1
1762947458.5788603,-33.62875747680664,8.708953857421875,1
1762947458.5948083,-33.88628387451172,7.227352142333984,1
1762947458.9433017,-32.97593307495117,6.405670166015625,0
1762947458.9433017,-34.90576934814453,8.412994384765625,1
1762947458.9433017,-32.10908889770508,6.258159637451172,0
1762947458.9433017,-35.36885452270508,8.189266204833984,1
1762947458.9590783,-34.70979690551758,7.072254180908203,1
1762947459.3218262,-33.27687072753906,6.198825836181641,0
1762947459.3218262,-33.53660202026367,8.931529998779297,1
1762947459.3375626,-34.535003662109375,6.837947845458984,0
1762947459.3375626,-33.18043899536133,6.7350616455078125,0
1762947459.3375626,-33.74870681762695,6.964027404785156,0
1762947459.715717,-34.380130767822266,7.186359405517578,1
1762947459.715717,-33.38767623901367,7.092205047607422,1
1762947459.731477,-32.22158432006836,7.218894958496094,1
1762947459.731477,-33.38359451293945,6.867805480957031,0
1762947459.731477,-33.06315994262695,7.444812774658203,1
1762947460.0956495,-34.8615608215332,5.450054168701172,0
1762947460.0956495,-32.998355865478516,7.477561950683594,1
1762947460.1112814,-33.53036880493164,8.357852935791016,1
1762947460.1112814,-33.32300567626953,7.047393798828125,1
1762947460.114115,-33.87055206298828,7.404224395751953,1
1762947460.45943,-34.13711929321289,6.3211669921875,0
1762947460.45943,-1.0456150770187378,8.305558323860168,1
1762947460.475389,-32.43765640258789,7.567375183105469,1
1762947460.475389,-32.13484573364258,9.911334991455078,1
1762947460.4774241,-32.0584602355957,7.029296875,1
1762947460.824845,-31.140344619750977,9.430498123168945,1
1762947460.824845,-34.06204605102539,7.079902648925781,1
1762947460.8405144,-35.20120620727539,8.51937484741211,1
1762947460.8405144,-33.68653106689453,7.498992919921875,1
1762947460.8405144,-33.74623107910156,6.844169616699219,0
1762947461.2364342,-34.50242233276367,7.733482360839844,1
1762947461.2364342,-34.03500747680664,7.546314239501953,1
1762947461.2525496,-23.151674270629883,8.519428253173828,1
1762947461.2525496,-32.48435974121094,7.988311767578125,1
1762947461.2525496,-7.900247097015381,8.00021505355835,1
1762947461.6177437,-31.824630737304688,8.04428482055664,1
1762947461.6177437,-34.82689666748047,7.953990936279297,1
1762947461.6335263,-33.991153717041016,8.644969940185547,1
1762947461.6335263,-33.62118911743164,6.093437194824219,0
1762947461.6335263,-32.97929000854492,6.876560211181641,0
1762947462.0169733,-35.61353302001953,7.949851989746094,1
1762947462.0169733,-6.986356258392334,12.659456729888916,1
1762947462.0169733,-6.429575443267822,12.458837032318115,1
1762947462.0169733,-6.794497013092041,12.07051420211792,1
1762947462.0317643,-5.80109167098999,12.345747470855713,1
1762947462.39469,-5.9118170738220215,13.325218677520752,1
1762947462.39469,-5.138145446777344,13.384515762329102,1
1762947462.39469,-6.38174295425415,11.584821224212646,1
1762947462.39469,-5.064523220062256,12.775848865509033,1
1762947462.410409,-6.329878330230713,11.00465726852417,1
1762947462.77903,-6.257105350494385,11.788600444793701,1
1762947462.77903,-3.5876035690307617,12.783085823059082,1
1762947462.77903,-4.720787525177002,12.376317501068115,1
1762947462.77903,-3.728131055831909,12.530741930007935,1
1762947462.788694,-4.94960355758667,12.892307758331299,1
1762947463.1523998,-4.688507080078125,12.612985610961914,1
1762947463.1523998,-3.5140292644500732,13.026660203933716,1
1762947463.1523998,-4.693459987640381,11.71613359451294,1
1762947463.1523998,-3.8590333461761475,12.851711511611938,1
1762947463.168125,-5.145914554595947,12.033277034759521,1
1762947463.5310857,-4.727941989898682,11.288337230682373,1
1762947463.5310857,-5.709893703460693,12.485954761505127,1
1762947463.5310857,-7.210163116455078,11.52503776550293,1
1762947463.5310857,-5.781206130981445,12.633901596069336,1
1762947463.5467923,-7.638477802276611,11.302609920501709,1
1762947463.9115467,-8.078373908996582,11.31940746307373,1
1762947463.9115467,-6.8189239501953125,12.844741821289062,1
1762947463.927441,-5.928142547607422,11.716110229492188,1
1762947463.927441,-7.030954837799072,12.286351680755615,1
1762947463.927441,-6.17741584777832,12.415853500366211,1
1762947464.3425152,-5.796590328216553,13.155794620513916,1
1762947464.3445215,-6.842197418212891,13.72262954711914,1
1762947464.3525052,-5.8841423988342285,14.52473783493042,1
1762947464.353503,-6.611917972564697,14.37156629562378,1
1762947464.3575037,-5.801753520965576,14.854931354522705,1
1762947464.7853568,-5.938745021820068,14.192535877227783,1
1762947464.7853568,-3.633880853652954,12.560889959335327,1
1762947464.7913551,-4.573720455169678,13.49160623550415,1
1762947464.792358,-3.57572865486145,12.559054136276245,1
1762947464.7993574,-4.656871318817139,13.820858478546143,1
1762947465.2451434,-4.882601261138916,13.98050832748413,1
1762947465.2451434,-4.7342448234558105,11.05675458908081,1
1762947465.2451434,-5.45537805557251,10.562747478485107,1
1762947465.2451434,-4.8269453048706055,11.728161811828613,1
1762947465.2542534,-5.567019939422607,10.453957080841064,1
1762947465.6259453,-5.799774169921875,10.998542785644531,1
1762947465.6259453,-5.682870864868164,12.197071075439453,1
1762947465.6259453,-4.834695339202881,11.83613634109497,1
1762947465.6259453,-5.517907619476318,12.582018375396729,1
1762947465.6420348,-4.369441509246826,10.864304065704346,1
1762947466.022309,-4.357654094696045,11.557458400726318,1
1762947466.022309,-5.62631368637085,11.788881778717041,1
1762947466.022309,-7.102423191070557,13.62117338180542,1
1762947466.022309,-5.575553894042969,11.973539352416992,1
1762947466.022309,-6.998178958892822,12.443849086761475,1
1762947466.4088342,-6.899379730224609,13.45319938659668,1
1762947466.4088342,-4.635980606079102,12.34294319152832,1
1762947466.4174025,-4.38527774810791,13.449946403503418,1
1762947466.4174025,-4.894248962402344,12.855602264404297,1
1762947466.4174025,-4.261719226837158,14.17023229598999,1
1762947466.8466904,-4.227198123931885,13.770877361297607,1
1762947466.8476899,-4.756453990936279,11.404079914093018,1
1762947466.854691,-4.6518025398254395,10.696967601776123,1
1762947466.856693,-4.745019912719727,10.846102714538574,1
1762947466.8626952,-4.622987270355225,12.372414112091064,1
1762947467.3165474,-4.378079891204834,11.638464450836182,1
1762947467.3185484,-3.3103561401367188,11.951822280883789,1
1762947467.3235726,-3.9434099197387695,12.963082313537598,1
1762947467.3255608,-3.1090614795684814,12.543755292892456,1
1762947467.3305304,-3.7024402618408203,12.571649551391602,1
1762947467.7545316,-3.5833568572998047,13.018795013427734,1
1762947467.7545316,-3.3733901977539062,13.105094909667969,1
1762947467.770241,-2.8992919921875,10.444595336914062,1
1762947467.770241,-3.3466808795928955,14.427292585372925,1
1762947467.770241,-2.9766616821289062,10.578327178955078,1
1762947468.1663196,-3.12884783744812,10.20012879371643,1
1762947468.1663196,-4.711105823516846,11.722548961639404,1
1762947468.1663196,-5.498173236846924,10.256019115447998,1
1762947468.1663196,-4.649485111236572,11.47383451461792,1
1762947468.1663196,-5.040489673614502,9.831189632415771,1
1762947468.546018,-4.495628356933594,9.902442932128906,1
1762947468.546018,-3.886320114135742,12.57461929321289,1
1762947468.561668,-4.673055171966553,12.78556489944458,1
1762947468.561668,-3.9699344635009766,12.311098098754883,1
1762947468.561668,-4.968685150146484,13.585220336914062,1
1762947468.9570997,-5.092912673950195,13.582929611206055,1
1762947468.9570997,-2.700024366378784,10.884339570999146,1
1762947468.9570997,-2.263503074645996,11.92599868774414,1
1762947468.9570997,-2.4945480823516846,11.104489088058472,1
1762947468.9728045,-2.10528826713562,11.65038514137268,1
1762947469.3676963,-2.686979293823242,12.104948043823242,1
1762947469.3676963,-4.843769073486328,13.074655532836914,1
1762947469.3676963,-4.774095058441162,11.458380222320557,1
1762947469.3676963,-4.614412784576416,12.87837553024292,1
1762947469.3833575,-4.730560302734375,11.549060821533203,1
1762947469.7868054,-4.738522052764893,11.055613994598389,1
1762947469.7868054,-5.720418453216553,11.446550846099854,1
1762947469.7963345,-4.502243518829346,12.10673475265503,1
1762947469.7963345,-5.547539234161377,11.046966075897217,1
1762947469.7963345,-4.5562825202941895,12.795520305633545,1
1762947470.1926987,-4.451037406921387,12.876166343688965,1
1762947470.1926987,-4.296280384063721,12.414817333221436,1
1762947470.1926987,-5.38976526260376,11.314521312713623,1
1762947470.1926987,-4.452305316925049,12.368873119354248,1
1762947470.208728,-5.487975597381592,12.184235095977783,1
1762947470.6028602,-5.369988918304443,12.064960956573486,1
1762947470.6028602,-5.966184139251709,10.376417636871338,1
1762947470.6028602,-6.593696117401123,12.18593454360962,1
1762947470.6028602,-7.034922122955322,11.010274410247803,1
1762947470.6188028,-6.844624996185303,11.808800220489502,1
1762947471.0142696,-6.782494068145752,11.789186000823975,1
1762947471.0142696,-5.257111072540283,12.051623821258545,1
1762947471.03007,-5.709871768951416,13.25325345993042,1
1762947471.03007,-5.381189823150635,12.244964122772217,1
1762947471.03007,-5.626045227050781,12.334733963012695,1
1762947471.4412472,-5.815837860107422,11.778322219848633,1
1762947471.4412472,-5.006158351898193,11.740763187408447,1
1762947471.4412472,-3.965198516845703,14.93276596069336,1
1762947471.4412472,-4.75213098526001,11.390532970428467,1
1762947471.4571617,-4.106138706207275,14.95481824874878,1
1762947471.851874,-4.062490463256836,13.83089828491211,1
1762947471.8661366,-3.869556427001953,12.716753005981445,1
1762947471.8684542,-5.503320693969727,10.691844940185547,1
1762947471.8684542,-3.7456181049346924,13.066710233688354,1
1762947471.8684542,-5.250600814819336,11.529752731323242,1
1762947472.2639773,-5.15327787399292,11.877398014068604,1
1762947472.2639773,-2.5407493114471436,12.53284478187561,1
1762947472.2639773,-3.2409210205078125,11.442803382873535,1
1762947472.2639773,-2.6326632499694824,12.86847734451294,1
1762947472.2796493,-3.0608608722686768,11.296785116195679,1
1762947472.6757216,-2.9604480266571045,11.261904001235962,1
1762947472.6757216,-2.240877389907837,12.11350417137146,1
1762947472.691197,-2.778470754623413,12.557183504104614,1
1762947472.691197,-2.069871664047241,11.636642694473267,1
1762947472.691197,-2.8593006134033203,12.808396339416504,1
1762947473.0715804,-2.7390053272247314,13.400765180587769,1
1762947473.0715804,-4.671345233917236,11.674573421478271,1
1762947473.0875375,-2.377246141433716,11.864215612411499,1
1762947473.0875375,-4.723165988922119,11.63803243637085,1
1762947473.090047,-2.51224422454834,11.647586822509766,1
1762947473.469677,-2.600324869155884,10.302444219589233,1
1762947473.469677,-5.07319450378418,14.247735977172852,1
1762947473.485453,-2.9716269969940186,11.552863359451294,1
1762947473.485453,-4.191294193267822,14.629838466644287,1
1762947473.4909427,-2.4934771060943604,12.384976148605347,1
1762947473.8803666,-2.7102184295654297,11.569129943847656,1
1762947473.8803666,-3.7057902812957764,10.902413606643677,1
1762947473.892985,-5.208965301513672,11.772029876708984,1
1762947473.896356,-3.7769062519073486,12.014497518539429,1
1762947473.896356,-4.924790382385254,11.086897850036621,1
1762947474.3080242,-4.826021194458008,11.143606185913086,1
1762947474.3080242,-0.6796019673347473,11.453984916210175,1
1762947474.3233244,-1.5787683725357056,10.939159750938416,1
1762947474.3233244,-0.6390271186828613,11.994621753692627,1
1762947474.3233244,-1.9863919019699097,12.231135487556458,1
1762947474.7199852,-1.1952916383743286,11.98098075389862,1
1762947474.7199852,0.2712167799472809,12.030764013528824,1
1762947474.7358391,-0.6353525519371033,11.87347561120987,1
1762947474.7358391,0.28285571932792664,12.047563284635544,1
1762947474.7358391,-0.6458105444908142,12.595900118350983,1
1762947475.1449685,-0.907086193561554,13.677160441875458,1
1762947475.1449685,-3.899066209793091,15.463495969772339,1
1762947475.1449685,-2.6618306636810303,11.977458238601685,1
1762947475.1449685,-3.8187808990478516,15.055215835571289,1
1762947475.1607037,-2.8649749755859375,11.22202205657959,1
1762947475.5402515,-3.4881203174591064,11.468555212020874,1
1762947475.5402515,-5.3211212158203125,11.719573974609375,1
1762947475.5402515,-4.127362251281738,13.2427339553833,1
1762947475.5402515,-4.998648166656494,11.790481090545654,1
1762947475.5559573,-3.9609689712524414,12.448151588439941,1
1762947475.9377718,-3.980813980102539,12.808517456054688,1
1762947475.9377718,-6.404579162597656,14.574920654296875,1
1762947475.9534729,-3.1171042919158936,12.213703393936157,1
1762947475.9534729,-5.654588222503662,15.502691745758057,1
1762947475.9534729,-2.6079208850860596,12.200792074203491,1
1762947476.3491993,-2.6975955963134766,11.900415420532227,1
1762947476.3491993,-4.878875732421875,11.522809982299805,1
1762947476.3652315,-5.912162780761719,12.706008911132812,1
1762947476.3652315,-5.280923366546631,12.566467761993408,1
1762947476.3652315,-6.187475681304932,11.551785945892334,1
1762947476.7948692,-6.364025115966797,12.6053466796875,1
1762947476.7948692,-8.39630126953125,13.489978790283203,1
1762947476.8085124,-7.108390808105469,10.987091064453125,1
1762947476.8085124,-8.517702102661133,12.796060562133789,1
1762947476.8085124,-7.250823974609375,11.519102096557617,1
1762947477.233301,-7.474836826324463,11.167771816253662,1
1762947477.233301,-8.38701343536377,11.626795768737793,1
1762947477.233301,-9.125473976135254,12.138787269592285,1
1762947477.233301,-8.511702537536621,12.222437858581543,1
1762947477.249201,-9.48780632019043,9.827863693237305,1
1762947477.6950924,-9.862566947937012,10.569371223449707,1
1762947477.6950924,-18.19429588317871,12.686914443969727,1
1762947477.7065544,-19.79802894592285,12.115301132202148,1
1762947477.7065544,-19.834897994995117,13.594640731811523,1
1762947477.7065544,-19.846059799194336,11.990093231201172,1
1762947478.133509,-19.726781845092773,12.924367904663086,1
1762947478.133509,-12.084640502929688,12.712570190429688,1
1762947478.133509,-10.72282886505127,12.538895606994629,1
1762947478.133509,-11.81545352935791,11.623175621032715,1
1762947478.1491745,-10.257099151611328,13.168806076049805,1
1762947478.5611877,-9.51450252532959,12.64604663848877,1
1762947478.5611877,-8.309112548828125,11.267749786376953,1
1762947478.577226,-7.067947864532471,13.69432020187378,1
1762947478.577226,-7.733609676361084,11.918541431427002,1
1762947478.577226,-6.4581685066223145,13.583043575286865,1
1762947479.0035872,-5.93377161026001,14.006009578704834,1
1762947479.0035872,-3.0661227703094482,13.148976564407349,1
1762947479.0195594,-4.731516361236572,12.9042067527771,1
1762947479.0195594,-2.826139211654663,13.187175989151001,1
1762947479.0195594,-4.46809196472168,12.753616333007812,1
1762947479.4470446,-4.568068027496338,13.015597820281982,1
1762947479.4470446,-3.7777225971221924,11.590683698654175,1
1762947479.4470446,-5.811040878295898,14.782211303710938,1
1762947479.4470446,-3.6242430210113525,11.952107191085815,1
1762947479.4470446,-5.911018371582031,14.82872200012207,1
1762947479.8739047,-5.6258225440979,15.042388439178467,1
1762947479.8739047,-4.502721786499023,11.835216522216797,1
1762947479.8739047,-4.955865859985352,11.549755096435547,1
1762947479.8739047,-4.154703140258789,12.030925750732422,1
1762947479.8899298,-4.8476104736328125,10.988459587097168,1
1762947480.3007407,-4.540912628173828,10.841999053955078,1
1762947480.3007407,-5.486785888671875,12.364429473876953,1
1762947480.3165762,-4.8385443687438965,11.128063678741455,1
1762947480.3165762,-5.353416442871094,12.60521125793457,1
1762947480.3165762,-4.579239368438721,11.61673879623413,1
1762947480.74275,-4.2112860679626465,11.76298189163208,1
1762947480.74275,-5.574047565460205,13.811854839324951,1
1762947480.74275,-8.809273719787598,11.470280647277832,1
1762947480.74275,-5.095160007476807,13.336608409881592,1
1762947480.7588465,-8.505200386047363,11.158062934875488,1
1762947481.1859212,-8.120322227478027,11.07470989227295,1
1762947481.1859212,-7.259871959686279,13.462496280670166,1
1762947481.1859212,-4.069516181945801,10.43030834197998,1
1762947481.1859212,-6.724727630615234,12.82213020324707,1
1762947481.2016363,-3.668386220932007,9.975369691848755,1
1762947481.6503096,-3.448911666870117,10.018930435180664,1
1762947481.6503096,-6.119418621063232,12.12055253982544,1
1762947481.6503096,-7.868319034576416,12.717620372772217,1
1762947481.6503096,-5.724418640136719,12.20040512084961,1
1762947481.6601706,-7.644241809844971,13.365949153900146,1
1762947482.0724819,-7.454770565032959,13.696581363677979,1
1762947482.0724819,-7.1699347496032715,12.93789529800415,1
1762947482.0881908,-7.313381195068359,12.126476287841797,1
1762947482.0881908,-7.330995082855225,12.863308429718018,1
1762947482.0881908,-7.049310684204102,13.289379119873047,1
1762947482.5299783,-6.45551061630249,13.001135349273682,1
1762947482.5299783,-5.730387210845947,12.472182750701904,1
1762947482.5299783,-5.116256237030029,12.844727039337158,1
1762947482.5299783,-5.83012580871582,12.24734115600586,1
1762947482.5299783,-5.100961685180664,12.913673400878906,1
1762947482.956987,-5.19720458984375,12.999650955200195,1
1762947482.956987,-7.6898064613342285,13.962123394012451,1
1762947482.9728837,-6.929906368255615,12.574696063995361,1
1762947482.9728837,-7.807716369628906,14.392322540283203,1
1762947482.9728837,-6.658051013946533,12.029918193817139,1
1762947483.4014528,-6.7486419677734375,11.974328994750977,1
1762947483.4014528,-6.060777187347412,12.370068073272705,1
1762947483.4174192,-5.888331890106201,12.283051013946533,1
1762947483.4174192,-6.395050048828125,12.397916793823242,1
1762947483.4174192,-6.264291763305664,12.656332015991211,1
1762947483.8597918,-6.525223255157471,12.58497953414917,1
1762947483.8597918,-7.39470911026001,13.199475765228271,1
1762947483.8597918,-7.135670185089111,13.239770412445068,1
1762947483.8758712,-7.056912899017334,12.656900882720947,1
1762947483.8758712,-6.721449375152588,13.722955226898193,1
1762947484.3179533,-6.237123966217041,13.192941188812256,1
1762947484.3179533,-4.093994617462158,12.62937879562378,1
1762947484.3179533,-4.702351093292236,13.26920461654663,1
1762947484.3179533,-4.249855041503906,13.143146514892578,1
1762947484.3340251,-4.870084762573242,13.173944473266602,1
1762947484.7601771,-4.922189712524414,13.170694351196289,1
1762947484.7601771,-6.99566125869751,13.423675060272217,1
1762947484.7762399,-7.139918804168701,13.23875093460083,1
1762947484.7762399,-6.750072479248047,12.12672233581543,1
1762947484.7762399,-7.077868938446045,12.169435977935791,1
1762947485.2278917,-15.494792938232422,10.802825927734375,1
1762947485.2278917,-7.288297176361084,12.87397813796997,1
1762947485.2357602,-6.980606555938721,10.624816417694092,1
1762947485.2357602,-7.217737674713135,12.164523601531982,1
1762947485.2357602,-6.962873935699463,11.707982540130615,1
1762947485.6616323,-7.058077335357666,11.529077053070068,1
1762947485.6616323,-6.263515472412109,14.50113296508789,1
1762947485.677391,-31.451318740844727,7.49921989440918,1
1762947485.677391,-32.547611236572266,6.750526428222656,0
1762947485.677391,-33.22124099731445,7.284854888916016,1
1762947486.1049528,-33.23115158081055,6.552738189697266,0
1762947486.1049528,-31.310699462890625,6.744541168212891,0
1762947486.1207745,-32.800174713134766,7.209514617919922,1
1762947486.1207745,-31.954605102539062,6.307117462158203,0
1762947486.1207745,-33.90481185913086,8.032421112060547,1
1762947486.5783753,-32.77976989746094,7.879650115966797,1
1762947486.5783753,-33.54029846191406,7.923103332519531,1
1762947486.594054,-32.33921432495117,6.426746368408203,0
1762947486.594054,-33.10507583618164,7.418659210205078,1
1762947486.605412,-32.68310546875,8.18863296508789,1
1762947487.0375473,-31.578332901000977,7.357290267944336,1
1762947487.0375473,-32.97975540161133,7.081050872802734,1
1762947487.0375473,-33.19247055053711,7.830211639404297,1
1762947487.0375473,-33.30669403076172,6.495319366455078,0
1762947487.053468,-33.96524429321289,8.181743621826172,1
1762947487.4968858,-34.40571975708008,8.658985137939453,1
1762947487.4968858,-33.535648345947266,7.610973358154297,1
1762947487.4968858,-34.085205078125,6.8282928466796875,0
1762947487.4968858,-35.00229263305664,8.27614974975586,1
1762947487.5069196,-34.50470733642578,7.4805450439453125,1
1762947487.9415767,-34.12992477416992,7.375682830810547,1
1762947487.9415767,-34.29811096191406,6.285976409912109,0
1762947487.9574494,-33.10409927368164,7.805992126464844,1
1762947487.9574494,-33.35329055786133,7.13446044921875,1
1762947487.9574494,-34.224998474121094,8.164314270019531,1
1762947488.40703,-34.35279846191406,8.580757141113281,1
1762947488.40703,-32.219947814941406,5.5514984130859375,0
1762947488.40703,-34.28585433959961,5.815097808837891,0
1762947488.416963,-34.432437896728516,8.391963958740234,1
1762947488.416963,-35.40134048461914,8.712528228759766,1
1762947488.8640885,-34.071537017822266,7.878059387207031,1
1762947488.8640885,-34.35755920410156,7.448249816894531,1
1762947488.8756213,-36.22275924682617,8.122905731201172,1
1762947488.8756213,-34.34733581542969,7.143505096435547,1
1762947488.8756213,-34.511871337890625,8.293777465820312,1
1762947489.319579,-34.044254302978516,7.925891876220703,1
1762947489.319579,-34.272544860839844,7.662055969238281,1
1762947489.319579,-33.28561782836914,7.295291900634766,1
1762947489.335226,-34.87167739868164,8.209442138671875,1
1762947489.335226,-33.90378189086914,8.088554382324219,1
1762947489.7768266,-33.38253402709961,7.372955322265625,1
1762947489.7926085,-34.122501373291016,7.687534332275391,1
1762947489.7926085,-33.87355041503906,7.948997497558594,1
1762947489.7926085,-33.58026123046875,6.6501312255859375,0
1762947489.7926085,-34.0825080871582,9.379871368408203,1
1762947490.236351,-35.28514099121094,7.3694915771484375,1
1762947490.236351,-32.44880294799805,7.197483062744141,1
1762947490.2520647,-35.67530059814453,9.46359634399414,1
1762947490.2520647,-34.739017486572266,7.127723693847656,1
1762947490.2520647,-33.99592208862305,7.132175445556641,1
1762947490.7262218,-34.68315505981445,8.717453002929688,1
1762947490.7272215,-34.87269592285156,6.107872009277344,0
1762947490.7342227,-34.113224029541016,7.115810394287109,1
1762947490.7352211,-35.04249954223633,8.111602783203125,1
1762947490.7432275,-32.698822021484375,6.467491149902344,0
1762947491.2652726,-34.7333984375,7.982887268066406,1
1762947491.2652726,-33.87729263305664,9.04061508178711,1
1762947491.2722595,-34.22099685668945,7.814445495605469,1
1762947491.2732575,-33.4197998046875,7.6988372802734375,1
1762947491.2815814,-34.482818603515625,8.352588653564453,1
1762947491.809526,-33.05892562866211,6.625267028808594,0
1762947491.809526,-33.46873474121094,7.908527374267578,1
1762947491.8115332,-35.28310012817383,8.504772186279297,1
1762947491.8115332,-34.49167251586914,7.610477447509766,1
1762947491.8115332,-34.33792495727539,7.922061920166016,1
1762947492.317363,-34.430965423583984,7.196861267089844,1
1762947492.317363,-29.094125747680664,8.502077102661133,1
1762947492.317363,-34.37214279174805,6.636676788330078,0
1762947492.317363,-34.939029693603516,9.076622009277344,1
1762947492.3331003,-34.866329193115234,7.761737823486328,1
